time,BX,BY,BZ,V_SW,N_p,P_dyn,SYM_H,Dst,AE,Kp,xray_A,xray_B,flare_intensity
2015-09-01 00:00:00,3.624878,-2.4629266,-0.86243904,361.65897,4.485641,1.1741025,-3.566666666666667,-6.0,151.36666666666667,1.6666666666666665,1e-09,2.824378e-07,-6.549734
2015-09-01 01:00:00,,,,,,,0.21666666666666667,-3.0,88.98333333333333,1.6666666666666665,1e-09,2.5230707e-07,-6.5988483
2015-09-01 02:00:00,3.0475001,-3.9188461,-0.22211537,365.07758,5.437551,1.4520408,2.433333333333333,-3.0,45.3,1.6666666666666665,1e-09,2.2791826e-07,-6.6426196
2015-09-01 03:00:00,2.4606667,-3.6176667,-2.332167,366.65454,5.5483637,1.4921818,1.65,-5.0,55.6,1.0,1e-09,2.2398397e-07,-6.65019
2015-09-01 04:00:00,2.9286666,-3.2388334,-1.1306666,367.12964,5.7457404,1.5475926,-3.5833333333333335,-8.0,65.51666666666667,1.0,1e-09,2.1829366e-07,-6.661023
2015-09-01 05:00:00,3.2443335,-2.3378334,-0.664,365.23334,5.8457575,1.5612122,-4.116666666666666,-8.0,182.05,1.0,1e-09,2.1167912e-07,-6.6744227
2015-09-01 06:00:00,2.4861016,-3.0274575,-1.5016949,366.148,6.0846004,1.6308,-4.983333333333333,-9.0,132.43333333333334,0.6666666666666666,1e-09,2.1693607e-07,-6.664937
2015-09-01 07:00:00,1.66,-4.165,0.9586667,367.20193,5.7496157,1.5505769,-5.966666666666667,-12.0,61.483333333333334,0.6666666666666666,1e-09,2.4627974e-07,-6.611239
2015-09-01 08:00:00,2.9384744,-3.2994914,-0.5450847,356.55435,5.712174,1.4534782,-3.8833333333333333,-12.0,44.93333333333333,0.6666666666666666,-13333.2,-13333.2,-6.631212
2015-09-01 09:00:00,2.4396667,-2.8471668,-2.9203334,356.33572,5.8064284,1.4748214,-2.6166666666666667,-10.0,56.03333333333333,1.3333333333333333,-14999.85,-14999.85,-6.640958
2015-09-01 10:00:00,2.6631665,-1.2573334,-3.5660002,353.882,5.7896004,1.4503999,-2.6666666666666665,-9.0,201.98333333333332,1.3333333333333333,1e-09,2.1274175e-07,-6.672241
2015-09-01 11:00:00,4.5591664,-0.88799995,-1.6916667,345.48572,5.398979,1.2893877,-5.45,-11.0,191.03333333333333,1.3333333333333333,1e-09,2.504581e-07,-6.6027846
2015-09-01 12:00:00,4.2366667,-1.64,-0.945,346.79074,5.5655556,1.3396295,-4.95,-10.0,231.3,1.0,1.000346e-09,2.452465e-07,-6.6109977
2015-09-01 13:00:00,3.619,-4.199,0.9581667,350.44507,5.443529,1.337451,-8.8,-12.0,114.58333333333333,1.0,1e-09,2.273188e-07,-6.6434474
2015-09-01 14:00:00,3.8050847,-1.9357626,1.6594915,350.09628,5.297037,1.2996297,-9.9,-12.0,60.3,1.0,1e-09,2.4199235e-07,-6.6170874
2015-09-01 15:00:00,4.071833,-2.1013334,1.8363334,356.7,5.848125,1.489375,-9.983333333333333,-10.0,59.75,0.6666666666666666,1e-09,2.2159136e-07,-6.6545634
2015-09-01 16:00:00,3.697627,-3.5438983,1.442712,361.7816,6.360526,1.6655264,-6.75,-7.0,54.18333333333333,0.6666666666666666,1e-09,2.1035095e-07,-6.6772327
2015-09-01 17:00:00,3.4245763,-4.569661,0.83932203,367.0553,7.138936,1.9229786,-4.133333333333334,-3.0,57.016666666666666,0.6666666666666666,1e-09,2.188359e-07,-6.659936
2015-09-01 18:00:00,4.6618333,-1.6805,0.60866666,362.42813,7.2371874,1.90125,-3.25,-1.0,63.18333333333333,1.0,1e-09,2.2920932e-07,-6.640127
2015-09-01 19:00:00,3.3706667,-3.0185,-1.8050001,362.92856,6.5790477,1.732381,-1.0833333333333333,0.0,78.2,1.0,1e-09,2.2383848e-07,-6.650194
2015-09-01 20:00:00,3.9691665,-2.2111666,-2.3838334,357.92258,6.4422584,1.6509677,0.38333333333333336,-3.0,79.61666666666666,1.0,1e-09,2.3144403e-07,-6.636451
2015-09-01 21:00:00,5.40551,-0.3546939,-0.5561224,347.78998,7.58175,1.834,-1.8333333333333333,-8.0,173.71666666666667,1.6666666666666665,1e-09,2.2547037e-07,-6.646974
2015-09-01 22:00:00,4.6782756,-2.9422412,-1.3824137,351.61026,7.5441027,1.8661538,-0.4166666666666667,-4.0,110.56666666666666,1.6666666666666665,1e-09,2.2279274e-07,-6.652223
2015-09-01 23:00:00,4.7556,-3.0470002,-0.77119994,344.68463,7.34282,1.7510257,1.9,-1.0,51.45,1.6666666666666665,1e-09,2.1188897e-07,-6.6739526
2015-09-02 00:00:00,4.383333,-3.6435,-2.9506667,345.54602,4.6934,1.1209999,2.716666666666667,3.0,63.35,2.0,1e-09,2.1308148e-07,-6.671572
2015-09-02 01:00:00,3.9873335,-3.8279998,-5.236833,352.7768,6.8092856,1.7030357,2.716666666666667,3.0,125.85,2.0,1e-09,2.0109759e-07,-6.696761
2015-09-02 02:00:00,,,,,,,-1.9,-2.0,214.18333333333334,2.0,1e-09,2.3768477e-07,-6.6252117
2015-09-02 03:00:00,6.142833,-0.85716665,6.2215,354.494,9.361,2.353,-1.0,-5.0,74.0,1.3333333333333333,1e-09,2.2452681e-07,-6.6490116
2015-09-02 04:00:00,4.776,1.3596667,6.7933335,354.20502,10.08625,2.532,-0.2,-6.0,29.1,1.3333333333333333,1e-09,2.0395471e-07,-6.6906195
2015-09-02 05:00:00,5.6451664,-0.94516665,3.2696664,349.09048,9.327143,2.279286,-2.8833333333333333,-6.0,38.6,1.3333333333333333,1e-09,1.9612344e-07,-6.7081723
2015-09-02 06:00:00,6.6150002,-2.0265384,1.2298077,349.92432,8.448918,2.067838,-3.9166666666666665,-7.0,32.38333333333333,0.6666666666666666,1e-09,1.9179129e-07,-6.7174277
2015-09-02 07:00:00,6.823667,0.47650003,2.5149999,384.3917,6.34625,1.8560418,-3.0166666666666666,-8.0,26.533333333333335,0.6666666666666666,1.4266045e-09,2.2386506e-07,-6.668637
2015-09-02 08:00:00,7.321017,0.9776271,2.5884745,387.88303,5.3356605,1.6032076,-2.1333333333333333,-10.0,36.916666666666664,0.6666666666666666,-21666.45,-21666.45,-6.674699
2015-09-02 09:00:00,6.9532557,-1.8190697,2.320465,386.625,4.4814997,1.33675,0.13333333333333333,-9.0,45.31666666666667,0.3333333333333333,-23333.1,-23333.1,-6.7452054
2015-09-02 10:00:00,,,,,,,0.9333333333333333,-8.0,61.03333333333333,0.3333333333333333,1e-09,1.9651482e-07,-6.707351
2015-09-02 11:00:00,,,,,,,1.9166666666666667,-6.0,72.35,0.3333333333333333,1e-09,2.3002957e-07,-6.6412992
2015-09-02 12:00:00,,,,,,,-2.183333333333333,-9.0,85.13333333333334,1.6666666666666665,1e-09,2.1261236e-07,-6.6727567
2015-09-02 13:00:00,3.7473216,-2.2948213,-0.99214286,392.53137,9.048039,2.7811763,-2.2,-8.0,92.43333333333334,1.6666666666666665,1e-09,2.0976354e-07,-6.678329
2015-09-02 14:00:00,5.5075,-0.47466666,-0.44966665,386.1155,8.88069,2.6493104,-4.65,-9.0,87.18333333333334,1.6666666666666665,1e-09,2.1951124e-07,-6.65865
2015-09-02 15:00:00,4.7636666,-2.588,1.531,385.72406,11.280556,3.3537037,-4.6,-6.0,85.46666666666667,2.3333333333333335,1e-09,2.2467479e-07,-6.649503
2015-09-02 16:00:00,1.2946666,0.961,1.6488334,386.87833,13.770833,4.1291666,2.5,1.0,78.25,2.3333333333333335,1e-09,2.3373438e-07,-6.6314216
2015-09-02 17:00:00,-3.5801694,1.587627,-2.5622034,391.82642,15.291321,4.654906,3.9833333333333334,5.0,161.48333333333332,2.3333333333333335,1e-09,2.2120783e-07,-6.6552324
2015-09-02 18:00:00,-4.7244825,5.0617237,-2.694655,421.07922,5.3928304,1.9150944,-9.85,-8.0,275.85,3.0,1e-09,2.185436e-07,-6.6606035
2015-09-02 19:00:00,-5.013158,5.6354384,-1.1966666,420.66037,4.748679,1.6807548,-5.516666666666667,-8.0,365.95,3.0,1e-09,2.1606097e-07,-6.66546
2015-09-02 20:00:00,-4.6773334,6.2291665,-0.65250003,422.59122,4.855965,1.7345614,-4.283333333333333,-9.0,233.33333333333334,3.0,1e-09,2.213465e-07,-6.6550813
2015-09-02 21:00:00,-5.2298303,5.4242373,-1.2674576,416.96722,4.5870686,1.5953448,-6.35,-10.0,271.73333333333335,2.3333333333333335,1e-09,2.2304624e-07,-6.651682
2015-09-02 22:00:00,-5.2689996,5.6468334,-0.84683335,416.4793,4.553448,1.5781034,-11.533333333333333,-12.0,299.6333333333333,2.3333333333333335,1e-09,2.214866e-07,-6.654732
2015-09-02 23:00:00,-5.5916667,5.055,-0.13700001,411.86295,4.947222,1.6788889,-14.416666666666666,-14.0,197.0,2.3333333333333335,1e-09,2.1553487e-07,-6.666562
2015-09-03 00:00:00,-5.7976665,3.78,-0.6268333,407.71185,5.475763,1.8215255,-13.733333333333333,-11.0,314.78333333333336,2.0,1e-09,2.0261015e-07,-6.69337
2015-09-03 01:00:00,-6.231,3.0803335,-1.2753333,409.28033,5.6617856,1.8967857,-10.733333333333333,-8.0,216.96666666666667,2.0,1e-09,1.9921153e-07,-6.7007565
2015-09-03 02:00:00,-6.2728066,2.7245615,-1.4173684,412.5,5.6117997,1.9082,-10.2,-12.0,172.8,2.0,1e-09,2.0897929e-07,-6.6823816
2015-09-03 03:00:00,-2.6285002,5.0863333,0.31066665,422.79388,5.7102036,2.0410204,-10.033333333333333,-16.0,196.18333333333334,2.6666666666666665,1.0023704e-09,2.2199096e-07,-6.656314
2015-09-03 04:00:00,-3.0841668,5.5585003,-0.7416667,418.6776,5.9277587,2.0794828,-7.116666666666666,-18.0,481.1166666666667,2.6666666666666665,1e-09,2.4915406e-07,-6.6085978
2015-09-03 05:00:00,-1.0311667,5.960833,1.5088333,421.84738,5.1071925,1.8147368,-12.183333333333334,-18.0,456.0,2.6666666666666665,1e-09,2.9697142e-07,-6.5356154
2015-09-03 06:00:00,-2.9322033,5.1501694,1.2388135,417.37454,4.8952727,1.7067273,-13.816666666666666,-19.0,294.43333333333334,1.3333333333333333,1e-09,2.6910507e-07,-6.5741563
2015-09-03 07:00:00,-4.7176666,4.2718334,-0.0044999975,424.21854,5.495926,1.977963,-10.183333333333334,-18.0,164.66666666666666,1.3333333333333333,1.0126783e-09,2.560493e-07,-6.598257
2015-09-03 08:00:00,-4.8605,2.7680001,0.7375,427.52982,5.3128066,1.9408772,-9.366666666666667,-19.0,146.45,1.3333333333333333,-26666.4,-26666.4,-6.7020183
2015-09-03 09:00:00,-4.2669997,1.8098333,1.107,433.13727,5.3459325,2.007627,-7.1,-16.0,99.6,1.0,-29999.7,-29999.7,-6.6882687
2015-09-03 10:00:00,-4.4431667,-0.35533333,0.19283333,438.60864,5.3086205,2.042069,-6.566666666666666,-14.0,62.266666666666666,1.0,1e-09,1.8021935e-07,-6.7444396
2015-09-03 11:00:00,-3.0543332,0.024666669,1.3623333,446.11963,6.176429,2.4623215,-3.15,-10.0,71.28333333333333,1.0,2.3123306e-08,6.209185e-07,-6.3584695
2015-09-03 12:00:00,-4.112,2.3173332,3.1218333,443.69092,5.93,2.332909,-4.883333333333334,-7.0,75.95,1.0,1e-09,2.6934737e-07,-6.584395
2015-09-03 13:00:00,0.20854545,2.8767273,0.894,441.50684,8.585455,3.340909,-6.166666666666667,-5.0,130.11666666666667,1.0,1e-09,1.754869e-07,-6.7559404
2015-09-03 14:00:00,0.014745761,4.330169,1.9301695,429.01785,10.1285715,3.7294643,-4.25,-1.0,222.86666666666667,1.0,1e-09,2.0080637e-07,-6.7030177
2015-09-03 15:00:00,-1.787966,5.4818645,1.8644068,426.0729,11.165085,4.0535593,-4.866666666666666,-1.0,154.41666666666666,1.6666666666666665,1e-09,2.1740075e-07,-6.6637754
2015-09-03 16:00:00,0.9253333,5.101,4.8678336,424.69272,11.783818,4.25,-0.7833333333333333,-1.0,154.63333333333333,1.6666666666666665,1e-09,1.8562284e-07,-6.7316413
2015-09-03 17:00:00,-0.83100003,5.4085,3.7043333,423.81296,12.217036,4.3937035,3.8666666666666667,1.0,154.48333333333332,1.6666666666666665,1e-09,1.9277299e-07,-6.7153974
2015-09-03 18:00:00,-7.6933336,5.196833,0.09766666,417.10925,10.22574,3.5596297,2.8666666666666667,0.0,163.21666666666667,1.6666666666666665,1e-09,1.8480362e-07,-6.733531
2015-09-03 19:00:00,-10.09,0.84166664,-5.058833,416.89487,9.829743,3.4094872,1.5833333333333333,-2.0,164.41666666666666,1.6666666666666665,1e-09,1.7926894e-07,-6.747411
2015-09-03 20:00:00,-10.098644,-2.2247458,-3.8215253,419.27872,10.2997875,3.615319,3.0166666666666666,-3.0,265.35,1.6666666666666665,-14999.85,-14999.85,-6.7554436
2015-09-03 21:00:00,0.34100002,-8.1883335,2.7773333,412.96112,13.865186,4.7346296,5.366666666666666,1.0,110.13333333333334,3.3333333333333335,1e-09,1.7416058e-07,-6.759295
2015-09-03 22:00:00,-4.1261663,-3.356,-7.3091664,422.34036,11.182693,3.968077,1.8666666666666667,-3.0,123.08333333333333,3.3333333333333335,1e-09,1.7968324e-07,-6.7514157
2015-09-03 23:00:00,-2.6261017,-5.5903387,-8.072881,434.6737,10.913157,4.1375437,-9.1,-13.0,446.75,3.3333333333333335,1e-09,1.71086e-07,-6.7675176
2015-09-04 00:00:00,-6.311017,5.422034,-6.5735593,444.89822,11.946786,4.7301784,-30.016666666666666,-30.0,436.6666666666667,4.333333333333333,1e-09,1.6092821e-07,-6.7936993
2015-09-04 01:00:00,-5.4975,4.7226667,-3.1735,453.6107,11.9675,4.922143,-40.583333333333336,-40.0,466.25,4.333333333333333,1e-09,1.520369e-07,-6.818182
2015-09-04 02:00:00,-5.745254,4.3649154,-2.3718646,470.7341,8.443182,3.7525,-38.25,-41.0,423.2,4.333333333333333,1e-09,1.7598877e-07,-6.756795
2015-09-04 03:00:00,-5.5132756,3.4003448,-0.8144828,480.30392,5.4145103,2.5035293,-43.55,-45.0,559.35,4.0,1e-09,1.5330167e-07,-6.8145823
2015-09-04 04:00:00,-2.8401787,7.381786,1.7392857,480.34042,4.79766,2.2255318,-41.05,-44.0,572.8,4.0,1e-09,1.5285696e-07,-6.8160357
2015-09-04 05:00:00,1.4124562,6.1528068,-0.40929824,512.35754,5.293,2.78825,-37.416666666666664,-44.0,422.35,4.0,1.0811333e-09,2.0593501e-07,-6.7139716
2015-09-04 06:00:00,-3.0671427,8.625714,-1.3178571,476.26874,5.4628124,2.485,-46.516666666666666,-50.0,612.0,4.333333333333333,1e-09,1.448801e-07,-6.8390703
2015-09-04 07:00:00,-8.758103,4.2648277,-0.5117241,455.9143,7.0628576,2.9316325,-31.7,-42.0,786.6166666666667,4.333333333333333,1.0003345e-09,1.6132584e-07,-6.794204
2015-09-04 08:00:00,-7.8244066,5.2162714,-0.59474576,455.5353,7.565294,3.1358821,-30.816666666666666,-35.0,530.25,4.333333333333333,-31666.35,-31666.35,-6.718578
2015-09-04 09:00:00,-3.7893333,4.069667,5.3015,475.80002,10.904374,5.001042,-26.633333333333333,-32.0,582.7333333333333,3.3333333333333335,-34999.65,-34999.65,-6.89804
2015-09-04 10:00:00,-4.319286,6.5903573,3.0394645,465.3326,9.26,4.0280433,-15.5,-23.0,297.25,3.3333333333333335,1e-09,1.4169491e-07,-6.8487177
2015-09-04 11:00:00,-4.3094645,6.4335713,3.0158927,456.08334,9.370833,3.9270833,-17.383333333333333,-23.0,330.28333333333336,3.3333333333333335,1e-09,1.3760281e-07,-6.8615646
2015-09-04 12:00:00,-1.3731667,10.002167,5.2428336,459.1091,8.366,3.5312726,-18.2,-22.0,567.0833333333334,3.3333333333333335,1.0229503e-09,1.3181172e-07,-6.880219
2015-09-04 13:00:00,-5.06339,7.4905086,2.2093222,441.56805,7.142766,2.789787,-19.783333333333335,-26.0,380.9,3.3333333333333335,1.0696879e-09,1.3253572e-07,-6.8778
2015-09-04 14:00:00,-5.5642376,8.79661,3.8835595,444.20755,7.263585,2.8722641,-22.633333333333333,-30.0,174.76666666666668,3.3333333333333335,1e-09,1.2894776e-07,-6.889696
2015-09-04 15:00:00,-3.3972416,6.58862,3.8289657,467.44617,6.3582053,2.7705128,-19.75,-28.0,257.23333333333335,2.3333333333333335,1e-09,1.422885e-07,-6.8491163
2015-09-04 16:00:00,-0.72434783,4.140652,4.417174,500.6919,4.179189,2.1008108,-22.9,-31.0,186.63333333333333,2.3333333333333335,1e-09,1.4156376e-07,-6.849459
2015-09-04 17:00:00,,,,,,,-23.483333333333334,-31.0,239.01666666666668,2.3333333333333335,1e-09,1.877696e-07,-6.734026
2015-09-04 18:00:00,,,,,,,-27.55,-33.0,323.9166666666667,2.3333333333333335,1e-09,1.985883e-07,-6.702586
2015-09-04 19:00:00,-3.3142858,-1.5742857,4.4028573,496.14285,4.6892858,2.3085713,-27.55,-33.0,392.3833333333333,2.3333333333333335,1.000669e-09,2.7184106e-07,-6.5674624
2015-09-04 20:00:00,-3.4101694,3.4223728,2.4562712,480.43927,4.34,2.0042856,-22.483333333333334,-28.0,219.4,2.3333333333333335,1e-09,2.4920692e-07,-6.6035457
2015-09-04 21:00:00,-2.2143333,4.9901667,2.1185,475.97958,4.3269386,1.959796,-17.95,-23.0,162.9,2.6666666666666665,1e-09,2.4417017e-07,-6.6123424
2015-09-04 22:00:00,-0.7073333,5.6816664,1.363,482.79813,4.163889,1.9405556,-18.85,-21.0,192.53333333333333,2.6666666666666665,1e-09,2.361587e-07,-6.6271944
2015-09-04 23:00:00,-0.67466664,4.8695,1.7705001,477.56528,4.3495917,1.987551,-21.25,-21.0,353.03333333333336,2.6666666666666665,1e-09,2.189617e-07,-6.6606393
2015-09-05 00:00:00,-1.8291379,4.8965516,1.3277587,463.98044,4.361739,1.8793478,-17.733333333333334,-19.0,140.96666666666667,1.6666666666666665,1e-09,2.0183725e-07,-6.695257
2015-09-05 01:00:00,-0.65533334,4.9525,2.0278332,477.5151,4.2367926,1.9330188,-13.9,-15.0,78.6,1.6666666666666665,1e-09,1.6905557e-07,-6.7727036
2015-09-05 02:00:00,0.25949153,3.9266102,2.8718646,483.62692,4.128462,1.9323077,-14.066666666666666,-14.0,59.38333333333333,1.6666666666666665,1.000346e-09,1.743475e-07,-6.767172
2015-09-05 03:00:00,-2.7935088,4.139123,-0.10947368,472.4566,4.0484905,1.8096228,-16.65,-16.0,196.48333333333332,2.3333333333333335,1e-09,1.4544202e-07,-6.837432
2015-09-05 04:00:00,-0.7801666,2.5398333,2.1008334,489.19473,4.0578947,1.9429824,-23.933333333333334,-21.0,283.56666666666666,2.3333333333333335,1e-09,1.3701275e-07,-6.863436
2015-09-05 05:00:00,1.114,2.6545,1.9616666,504.10577,4.086154,2.080769,-22.516666666666666,-22.0,182.9,2.3333333333333335,1e-09,1.3230266e-07,-6.8784947
2015-09-05 06:00:00,-3.0730002,1.8751667,-2.6376665,477.4351,3.4540353,1.5742106,-22.466666666666665,-24.0,188.81666666666666,2.6666666666666665,1.071664e-09,1.4489487e-07,-6.8407803
2015-09-05 07:00:00,-3.1111667,0.9673334,0.57733333,469.56668,4.066222,1.7971112,-19.983333333333334,-26.0,458.75,2.6666666666666665,1.2871405e-09,1.686047e-07,-6.7732496
2015-09-05 08:00:00,-3.1489284,3.0458927,-0.73999995,458.5784,4.229189,1.7745947,-16.75,-23.0,284.56666666666666,2.6666666666666665,-36666.3,-36666.3,-6.81111
2015-09-05 09:00:00,-3.319,0.473,0.36866668,459.48975,4.098205,1.7284616,-17.65,-22.0,183.81666666666666,2.0,-39999.6,-39999.6,-6.968953
2015-09-05 10:00:00,-1.3436667,3.5238335,2.369,470.55923,4.1764812,1.8494445,-13.583333333333334,-18.0,432.65,2.0,1.2157246e-09,1.3146888e-07,-6.885691
2015-09-05 11:00:00,-3.7771668,3.0088334,0.95566666,452.63776,4.2196226,1.7303773,-9.216666666666667,-14.0,208.36666666666667,2.0,1.0212695e-09,1.2420905e-07,-6.905992
2015-09-05 12:00:00,-3.9493334,3.7176666,0.17183334,453.74,4.266909,1.7574545,-11.733333333333333,-17.0,232.55,2.3333333333333335,1e-09,1.2211221e-07,-6.9138737
2015-09-05 13:00:00,-4.9951787,1.6467857,-0.3892857,450.1927,4.472439,1.8131707,-16.35,-23.0,225.46666666666667,2.3333333333333335,1e-09,1.1695707e-07,-6.9321723
2015-09-05 14:00:00,-5.1129823,1.3487719,-1.3545613,445.76343,4.3117075,1.7134147,-18.966666666666665,-26.0,394.93333333333334,2.3333333333333335,1.0054269e-09,1.1770547e-07,-6.9293547
2015-09-05 15:00:00,-2.7738333,3.8596666,-1.1723334,459.48038,4.1213727,1.7392156,-17.2,-25.0,378.21666666666664,3.6666666666666665,1.015927e-09,1.1494634e-07,-6.9396567
2015-09-05 16:00:00,-1.8431666,4.4723334,-0.46766666,463.17874,4.314681,1.8525531,-17.333333333333332,-27.0,407.65,3.6666666666666665,1.0009537e-09,1.1241836e-07,-6.9492497
2015-09-05 17:00:00,-2.506383,0.48042554,-2.3638299,462.69165,4.4725,1.9070834,-19.466666666666665,-29.0,538.5666666666667,3.6666666666666665,1.0010379e-09,1.1089899e-07,-6.9552827
2015-09-05 18:00:00,-2.9594915,1.1344068,1.0452542,462.37958,5.084694,2.175102,-16.0,-25.0,261.18333333333334,3.6666666666666665,1.0066911e-09,1.097716e-07,-6.9596577
2015-09-05 19:00:00,-2.2289655,2.6239655,2.5294828,467.17358,5.4871697,2.3901887,-10.7,-18.0,80.75,3.6666666666666665,1e-09,1.0979503e-07,-6.959577
2015-09-05 20:00:00,-2.4519298,2.6508772,-0.041403517,459.93408,5.2486362,2.220682,-11.0,-15.0,52.9,3.6666666666666665,1e-09,1.08738604e-07,-6.9637575
2015-09-05 21:00:00,-4.32661,2.1320338,-0.390339,441.8147,5.3991175,2.11,-15.533333333333333,-18.0,75.85,2.0,1e-09,1.0600991e-07,-6.975009
2015-09-05 22:00:00,-2.1118333,3.6531668,1.4983333,452.84897,5.292041,2.1763265,-15.483333333333333,-17.0,158.18333333333334,2.0,1e-09,1.0886261e-07,-6.9635816
2015-09-05 23:00:00,-3.4926667,2.1291666,2.4093332,441.64398,5.3640003,2.1046,-15.483333333333333,-15.0,147.93333333333334,2.0,1e-09,1.0495547e-07,-6.9792023
2015-09-06 00:00:00,-2.2269492,4.9291525,1.5138983,450.70193,5.5546155,2.261923,-8.716666666666667,-7.0,90.88333333333334,2.3333333333333335,1e-09,1.0136455e-07,-6.9943295
2015-09-06 01:00:00,-3.4023333,3.2543333,-1.6916667,441.78125,5.0089583,1.9683332,-5.866666666666666,-6.0,234.63333333333333,2.3333333333333335,1e-09,1.084344e-07,-6.9651875
2015-09-06 02:00:00,-1.3,4.114333,3.8478332,453.59036,6.7063465,2.7621155,-3.1,-4.0,318.4166666666667,2.3333333333333335,1e-09,1.1415025e-07,-6.9426274
2015-09-06 03:00:00,-4.4208474,0.87644064,1.4166102,428.81018,6.2034693,2.2920408,-1.4833333333333334,-5.0,79.56666666666666,2.6666666666666665,1e-09,1.2026977e-07,-6.9212546
2015-09-06 04:00:00,-3.2533333,3.6421666,-0.723,438.0596,6.068269,2.3340385,-8.75,-13.0,214.45,2.6666666666666665,1e-09,1.4683565e-07,-6.8336897
2015-09-06 05:00:00,-2.5843332,4.8823333,0.35599998,445.07446,7.0461707,2.800851,-18.616666666666667,-22.0,394.3666666666667,2.6666666666666665,1e-09,1.307728e-07,-6.883758
2015-09-06 06:00:00,-3.607193,3.2861402,0.7619298,439.2163,6.9967346,2.703061,-24.966666666666665,-27.0,393.15,2.6666666666666665,1e-09,1.212638e-07,-6.91649
2015-09-06 07:00:00,-3.9372883,2.0908475,5.0303392,439.33148,7.585741,2.9375927,-24.05,-27.0,261.48333333333335,2.6666666666666665,1e-09,1.2160451e-07,-6.9152637
2015-09-06 08:00:00,-5.2526665,3.9708889,0.55422217,426.09,6.64675,2.42025,-16.95,-22.0,101.26666666666667,2.6666666666666665,-39999.6,-39999.6,-6.822641
2015-09-06 09:00:00,-5.295,5.134333,2.3485,441.01755,5.8338594,2.2629826,-15.666666666666666,-21.0,192.06666666666666,2.6666666666666665,-43332.9,-43332.9,-6.8789606
2015-09-06 10:00:00,-3.311,6.6098332,2.2423332,455.72073,5.6832075,2.3613207,-14.583333333333334,-22.0,440.75,2.6666666666666665,1.004629e-09,1.2885582e-07,-6.890129
2015-09-06 11:00:00,-1.847,5.5273333,4.4845,463.12692,6.493269,2.7838461,-15.016666666666667,-24.0,318.1166666666667,2.6666666666666665,1.0010379e-09,1.2443861e-07,-6.905553
2015-09-06 12:00:00,0.48533332,7.8276668,-0.82100004,482.3393,5.2176785,2.4192855,-14.266666666666667,-23.0,376.06666666666666,3.0,1e-09,1.18372e-07,-6.9269433
2015-09-06 13:00:00,-2.846949,6.3440676,2.0274577,471.05096,5.441961,2.412549,-24.8,-33.0,646.6833333333333,3.0,1.1284058e-09,1.12585e-07,-6.9486065
2015-09-06 14:00:00,-6.7409997,2.351,3.2905,482.8966,5.0335593,2.3471186,-18.2,-30.0,335.71666666666664,3.0,1.0671674e-09,1.127871e-07,-6.947835
2015-09-06 15:00:00,-5.0821667,3.3443334,0.9113333,484.9413,4.987609,2.3441305,-8.883333333333333,-22.0,96.8,2.3333333333333335,1e-09,1.11730984e-07,-6.952001
2015-09-06 16:00:00,-5.240339,2.3138983,2.888644,491.78113,5.297547,2.5641508,-5.266666666666667,-19.0,125.65,2.3333333333333335,1e-09,1.06959085e-07,-6.971089
2015-09-06 17:00:00,-6.8696666,1.5373333,-0.38700002,484.6645,4.829032,2.2680645,-7.0,-17.0,118.13333333333334,2.3333333333333335,1e-09,1.081515e-07,-6.9661183
2015-09-06 18:00:00,-4.375167,0.04533333,-3.286,491.96603,5.694151,2.7549055,-12.75,-23.0,369.21666666666664,4.0,1e-09,1.13180086e-07,-6.946576
2015-09-06 19:00:00,-1.9238181,-4.861091,-3.5574546,497.02682,5.574634,2.7534146,-16.933333333333334,-27.0,801.9833333333333,4.0,1e-09,1.14780995e-07,-6.940315
2015-09-06 20:00:00,-5.3646154,0.96115386,-3.1575,476.19644,6.279643,2.847857,-18.233333333333334,-26.0,526.9666666666667,4.0,1e-09,1.1220298e-07,-6.950215
2015-09-06 21:00:00,-2.0396667,4.159,4.363333,487.84286,6.406939,3.0479593,-12.366666666666667,-19.0,102.5,2.0,1e-09,1.11094145e-07,-6.9545507
2015-09-06 22:00:00,-4.6474576,4.82661,1.2820339,471.73148,5.678889,2.5287037,-9.383333333333333,-14.0,58.083333333333336,2.0,1e-09,1.0739438e-07,-6.9692516
2015-09-06 23:00:00,-5.2693334,4.011667,2.596,469.49576,5.891064,2.597234,-8.683333333333334,-10.0,111.06666666666666,2.0,1e-09,1.1415323e-07,-6.943009
2015-09-07 00:00:00,-3.4723332,5.3065004,2.4185,481.97552,5.771428,2.684694,-7.55,-8.0,78.05,2.3333333333333335,1e-09,1.00076335e-07,-6.99996
2015-09-07 01:00:00,-1.3723333,-1.8794999,2.3441665,502.09332,6.079167,3.0646667,-5.883333333333334,-7.0,137.45,2.3333333333333335,1e-09,9.588501e-08,-7.018446
2015-09-07 02:00:00,-2.0238183,-4.8963633,0.41254547,496.5864,5.693182,2.8061364,-7.566666666666666,-10.0,56.46666666666667,2.3333333333333335,1e-09,9.770758e-08,-7.0102663
2015-09-07 03:00:00,-1.2488135,-5.2767797,-3.257627,483.6,5.845,2.7275,-6.383333333333334,-11.0,172.16666666666666,3.0,1e-09,9.475725e-08,-7.0236726
2015-09-07 04:00:00,-2.9065518,-5.0686207,-1.6189655,486.3913,5.37,2.5426087,-10.2,-13.0,392.8666666666667,3.0,1e-09,9.231881e-08,-7.0348935
2015-09-07 05:00:00,-3.9747221,4.228056,-1.7997222,474.49033,4.578387,2.0629032,-17.233333333333334,-19.0,586.45,3.0,1.0356682e-09,9.323749e-08,-7.030787
2015-09-07 06:00:00,-0.37666667,1.5713333,-4.686333,480.3857,5.3542857,2.4771428,-26.516666666666666,-23.0,668.2333333333333,3.6666666666666665,1.0079435e-09,9.132604e-08,-7.039671
2015-09-07 07:00:00,-3.5776668,4.3408337,-0.69133335,480.3409,5.4895453,2.5318182,-36.9,-32.0,563.7666666666667,3.6666666666666665,1e-09,9.182767e-08,-7.0372796
2015-09-07 08:00:00,-3.670339,0.4554237,-3.991695,476.1625,5.9175,2.6825001,-33.333333333333336,-33.0,444.43333333333334,3.6666666666666665,-43332.9,-43332.9,-7.046819
2015-09-07 09:00:00,-4.3146667,-4.3313336,-0.42716667,482.9245,6.0432653,2.814694,-30.783333333333335,-33.0,406.5,2.6666666666666665,-44999.55,-44999.55,-7.195174
2015-09-07 10:00:00,-2.6349154,-5.332373,-0.9415254,487.4085,5.7493615,2.726383,-23.116666666666667,-27.0,216.03333333333333,2.6666666666666665,1e-09,8.026027e-08,-7.0959764
2015-09-07 11:00:00,-0.32666668,-5.011167,-1.173,505.4085,5.7678723,2.9525533,-20.066666666666666,-26.0,163.56666666666666,2.6666666666666665,1e-09,8.348987e-08,-7.0787134
2015-09-07 12:00:00,-4.7082977,-2.328936,0.93361694,483.7718,5.9284616,2.7761538,-19.283333333333335,-25.0,135.15,4.666666666666667,1e-09,8.289201e-08,-7.0817213
2015-09-07 13:00:00,-1.5285714,-7.5828576,-5.468571,541.7,5.6,3.2825,-17.05,-21.0,416.23333333333335,4.666666666666667,1.0482085e-09,8.904553e-08,-7.050843
2015-09-07 14:00:00,-4.8421664,7.9721665,-4.6048336,571.78925,4.6683927,3.0883927,-29.783333333333335,-28.0,1126.2333333333333,4.666666666666667,6.6799037e-09,9.4680175e-08,-7.0249615
2015-09-07 15:00:00,-3.7363334,8.746667,-8.025833,594.9821,4.1662498,2.9480357,-41.4,-42.0,1301.1,6.333333333333333,4.764124e-09,1.0093616e-07,-6.998057
2015-09-07 16:00:00,-1.4475,9.346,-2.9598334,587.69635,6.6723638,4.6061816,-46.15,-51.0,1810.8833333333334,6.333333333333333,1.0052856e-08,9.797584e-08,-7.0095396
2015-09-07 17:00:00,0.67599994,8.323667,-1.547,593.98706,6.0188885,4.253148,-33.65,-51.0,1033.4,6.333333333333333,3.553356e-09,9.594029e-08,-7.0181046
2015-09-07 18:00:00,-0.74127275,4.3976364,-7.582909,586.97955,6.1520457,4.234091,-42.583333333333336,-56.0,1053.2,5.666666666666667,1.0258425e-09,9.924805e-08,-7.00377
2015-09-07 19:00:00,0.4614035,2.6775439,-5.205263,587.1095,8.645238,5.9628572,-61.13333333333333,-65.0,1188.8833333333334,5.666666666666667,1.0441308e-09,9.5273684e-08,-7.0212336
2015-09-07 20:00:00,2.7637932,5.591207,-4.2698274,597.26276,7.233333,5.162745,-70.36666666666666,-75.0,883.8166666666667,5.666666666666667,1e-09,9.211703e-08,-7.036238
2015-09-07 21:00:00,0.32266667,7.2590003,-4.399333,580.8018,5.648036,3.815893,-72.03333333333333,-72.0,1020.85,6.333333333333333,1e-09,8.971836e-08,-7.047663
2015-09-07 22:00:00,0.59166664,7.945,-4.141333,568.0121,4.5244823,2.9210343,-72.4,-72.0,819.8,6.333333333333333,1e-09,8.8224375e-08,-7.0548096
2015-09-07 23:00:00,-0.3008333,7.8841662,-5.835667,559.6017,3.9728813,2.4877965,-72.68333333333334,-67.0,865.0333333333333,6.333333333333333,1e-09,1.1034187e-07,-6.961436
2015-09-08 00:00:00,-0.013333324,6.8061666,-6.7978334,555.61865,7.978644,4.930508,-66.4,-61.0,1047.7833333333333,6.0,1e-09,1.0038301e-07,-6.998931
2015-09-08 01:00:00,2.2175,-2.0601666,-8.099667,559.60535,12.745714,7.9939284,-82.13333333333334,-72.0,1083.2333333333333,6.0,1e-09,9.8272544e-08,-7.0081887
2015-09-08 02:00:00,4.761667,-9.623167,-2.6228333,548.0214,11.904821,7.1505356,-78.43333333333334,-73.0,877.6666666666666,6.0,1e-09,9.164273e-08,-7.0384016
2015-09-08 03:00:00,7.1321664,-11.650499,-2.6378334,543.2113,9.880566,5.8345284,-56.46666666666667,-61.0,619.3833333333333,5.333333333333333,1e-09,8.455846e-08,-7.0732107
2015-09-08 04:00:00,7.613333,-13.5105,1.4375,535.90344,11.223276,6.4343104,-43.35,-47.0,235.4,5.333333333333333,1e-09,8.441575e-08,-7.0739484
2015-09-08 05:00:00,7.947222,-14.562778,2.4272223,531.1118,12.907059,7.2811766,-33.0,-37.0,100.45,5.333333333333333,1e-09,8.525005e-08,-7.069663
2015-09-08 06:00:00,10.011836,-12.6120405,7.858163,532.7316,13.8113165,7.8081574,-31.65,-35.0,56.7,2.6666666666666665,1e-09,8.456003e-08,-7.073051
2015-09-08 07:00:00,12.5502,-13.5102005,8.182,526.9484,15.115162,8.371936,-26.6,-33.0,91.65,2.6666666666666665,1e-09,8.6972015e-08,-7.0634828
2015-09-08 08:00:00,13.696,-6.680182,14.416909,527.36316,9.311579,5.188684,-25.683333333333334,-33.0,38.6,2.6666666666666665,-46666.2,-46666.2,-7.0588098
2015-09-08 09:00:00,11.334068,-4.5542374,16.950508,515.3544,8.912173,4.725,-17.65,-25.0,51.71666666666667,1.3333333333333333,-48332.85,-48332.85,-7.2761774
2015-09-08 10:00:00,12.384376,-2.6933334,16.521666,506.71033,10.534483,5.41069,-12.516666666666667,-19.0,55.81666666666667,1.3333333333333333,1e-09,7.927714e-08,-7.1026354
2015-09-08 11:00:00,14.757833,-0.84683335,15.162833,504.26,11.2858,5.7374,-12.016666666666667,-18.0,41.266666666666666,1.3333333333333333,1e-09,8.385612e-08,-7.077011
2015-09-08 12:00:00,12.982667,5.8128333,14.896334,498.94348,14.818479,7.3615217,-3.316666666666667,-9.0,60.18333333333333,2.0,1e-09,8.3598366e-08,-7.078111
2015-09-08 13:00:00,10.33,9.229833,14.457334,486.73706,14.876296,7.056852,-3.283333333333333,-8.0,126.08333333333333,2.0,1e-09,8.0694456e-08,-7.093327
2015-09-08 14:00:00,13.491429,10.807857,7.513393,479.00717,12.929049,5.9383335,-10.9,-15.0,99.78333333333333,2.0,1e-09,8.302204e-08,-7.0811386
2015-09-08 15:00:00,13.402242,8.701897,7.7327585,476.7543,15.473715,7.036857,-6.283333333333333,-14.0,159.4,2.0,-93332.4,-93332.4,-7.0548162
2015-09-08 16:00:00,13.226167,7.288333,9.030833,470.8414,18.18776,8.066551,1.95,-12.0,211.61666666666667,2.0,-1666.65,-1666.65,-7.0350533
2015-09-08 17:00:00,12.2345,8.389167,9.354167,462.15958,16.623404,7.111915,2.7,-13.0,127.43333333333334,2.0,1e-09,9.27147e-08,-7.034206
2015-09-08 18:00:00,11.5234995,8.371667,10.148,458.37454,13.683636,5.752727,-0.13333333333333333,-14.0,59.233333333333334,1.6666666666666665,1e-09,8.5121265e-08,-7.0701447
2015-09-08 19:00:00,10.473276,6.5099998,11.667585,451.09778,14.893111,6.0637774,-0.25,-11.0,39.016666666666666,1.6666666666666665,1e-09,8.190878e-08,-7.0869904
2015-09-08 20:00:00,10.0055,9.307166,9.620833,447.26154,15.5425005,6.223077,1.0166666666666666,-7.0,50.0,1.6666666666666665,1e-09,8.321258e-08,-7.0800486
2015-09-08 21:00:00,9.471167,12.717333,4.977333,444.46,10.872833,4.298,-3.816666666666667,-9.0,83.26666666666667,3.6666666666666665,1e-09,1.04065165e-07,-6.9964314
2015-09-08 22:00:00,8.161166,13.897666,1.3411667,442.83096,9.655477,3.7866664,-14.266666666666667,-15.0,345.96666666666664,3.6666666666666665,1e-09,8.216649e-08,-7.0856967
2015-09-08 23:00:00,8.442166,11.407,3.7533333,436.18,11.013715,4.193714,-15.05,-15.0,494.6,3.6666666666666665,1e-09,8.034324e-08,-7.0952396
2015-09-09 00:00:00,7.7316666,13.188001,1.266,434.02963,10.830741,4.080741,-16.016666666666666,-16.0,269.56666666666666,4.0,1e-09,7.979899e-08,-7.098199
2015-09-09 01:00:00,6.3258333,12.776834,-3.0253334,426.3224,10.672759,3.8786209,-28.083333333333332,-26.0,631.0666666666667,4.0,1e-09,8.159153e-08,-7.088776
2015-09-09 02:00:00,4.3288336,11.7715,-3.8378334,424.061,9.81339,3.5291526,-48.8,-42.0,1144.2333333333333,4.0,1e-09,8.0837324e-08,-7.0926523
2015-09-09 03:00:00,3.3930001,10.7155,-5.0536666,430.98135,9.599831,3.5644069,-63.266666666666666,-57.0,1183.2666666666667,5.666666666666667,1e-09,8.666123e-08,-7.0625634
2015-09-09 04:00:00,1.5211666,10.266333,-5.669833,433.0345,10.311207,3.8674138,-73.85,-69.0,1028.1,5.666666666666667,1e-09,8.307849e-08,-7.0807357
2015-09-09 05:00:00,1.3343333,9.13,-6.5433335,430.4638,7.571207,2.8051724,-90.61666666666666,-85.0,816.7833333333333,5.666666666666667,1e-09,8.9131255e-08,-7.0501733
2015-09-09 06:00:00,0.85366666,8.2456665,-5.875,424.91016,8.07983,2.9227118,-91.3,-88.0,867.8166666666667,6.0,1.340062e-09,9.023975e-08,-7.0448074
2015-09-09 07:00:00,0.89133334,7.7385,-5.4398336,420.2793,14.645517,5.1939654,-95.35,-87.0,950.45,6.0,1.2015424e-09,8.618097e-08,-7.0651193
2015-09-09 08:00:00,1.2866666,6.1468334,-7.5663333,415.68332,9.826833,3.3981667,-100.18333333333334,-99.0,706.3166666666667,6.0,-48332.85,-48332.85,-7.050371
2015-09-09 09:00:00,2.1618335,6.4405,-6.2366667,412.35193,13.642884,4.6371155,-93.26666666666667,-101.0,883.2666666666667,6.0,-48332.85,-48332.85,-7.2308383
2015-09-09 10:00:00,0.7353333,5.9345,-6.874,408.20346,13.052586,4.3493104,-93.73333333333333,-96.0,737.45,6.0,1.5342326e-09,8.24245e-08,-7.085492
2015-09-09 11:00:00,-0.65333337,3.4975002,-7.4683332,408.83218,10.216611,3.4135592,-98.4,-101.0,808.9,6.0,2.7278066e-09,9.049408e-08,-7.0440507
2015-09-09 12:00:00,-0.9188334,1.6140001,-7.2815003,405.51358,9.980339,3.2879663,-97.15,-105.0,698.9333333333333,5.333333333333333,2.2322946e-09,9.682423e-08,-7.015619
2015-09-09 13:00:00,-1.2598335,1.297,-7.9694996,404.3263,7.6129823,2.492456,-87.48333333333333,-97.0,879.75,5.333333333333333,4.0443626e-09,1.05521785e-07,-6.9787326
2015-09-09 14:00:00,-1.5263333,1.6086668,-7.5326667,411.79834,10.008834,3.3968332,-83.7,-92.0,1042.4333333333334,5.333333333333333,1.6789704e-08,1.1306688e-07,-6.9482203
2015-09-09 15:00:00,-2.4310346,2.55,-5.9406896,411.525,8.383249,2.85325,-87.28333333333333,-94.0,959.0166666666667,4.666666666666667,1.4017808e-08,1.07082734e-07,-6.970637
2015-09-09 16:00:00,3.9059322,-0.24949153,-0.042203393,398.42792,8.411628,2.6711628,-78.05,-93.0,716.4833333333333,4.666666666666667,-16666.5,-16666.5,-6.978841
2015-09-09 17:00:00,-0.6566667,1.8281667,-8.199333,411.09833,8.546949,2.8864408,-65.58333333333333,-84.0,504.0,4.666666666666667,1.0057097e-09,1.1046972e-07,-6.9579854
2015-09-09 18:00:00,-2.2898333,1.406,-8.498667,414.535,9.490833,3.262,-75.1,-89.0,864.5666666666667,5.666666666666667,1e-09,1.2748784e-07,-6.897031
2015-09-09 19:00:00,-3.072,0.186,-8.290999,423.75714,9.844286,3.5360715,-80.95,-91.0,1050.1333333333334,5.666666666666667,1e-09,1.6603622e-07,-6.781851
2015-09-09 20:00:00,-4.2106667,-0.34516668,-7.611167,431.1,9.336481,3.465926,-78.63333333333334,-90.0,868.4666666666667,5.666666666666667,1e-09,1.0518949e-07,-6.979894
2015-09-09 21:00:00,-4.727333,0.2145,-6.1691666,434.51334,9.884833,3.7281668,-80.96666666666667,-90.0,479.96666666666664,5.333333333333333,1e-09,1.077976e-07,-6.969044
2015-09-09 22:00:00,-4.567167,0.22433333,-4.9288335,435.5,11.012203,4.1801696,-72.6,-77.0,801.7333333333333,5.333333333333333,1e-09,1.0228494e-07,-6.9903727
2015-09-09 23:00:00,-5.8578334,1.054,-2.2926667,446.0035,10.345439,4.1149125,-62.483333333333334,-62.0,768.85,5.333333333333333,1e-09,1.12751344e-07,-6.9491577
2015-09-10 00:00:00,-5.7634997,-1.9621665,-0.9493333,444.58572,9.882143,3.906964,-54.483333333333334,-53.0,294.3333333333333,2.6666666666666665,1e-09,1.2122436e-07,-6.917597
2015-09-10 01:00:00,-3.18661,-3.451356,-0.780339,430.80728,9.033818,3.3558183,-47.31666666666667,-45.0,106.21666666666667,2.6666666666666665,1e-09,1.17070094e-07,-6.932702
2015-09-10 02:00:00,1.2883334,-4.4928336,-1.2023333,410.76962,7.6803575,2.5985715,-45.6,-44.0,129.33333333333334,2.6666666666666665,1e-09,1.4359827e-07,-6.8454285
2015-09-10 03:00:00,2.7228813,-4.745424,0.9462712,403.2109,6.647091,2.1618183,-45.016666666666666,-46.0,56.583333333333336,1.0,1e-09,1.3605678e-07,-6.8687263
2015-09-10 04:00:00,3.6636207,-3.7325864,2.727931,396.4298,5.3701754,1.6892983,-44.13333333333333,-47.0,28.716666666666665,1.0,1e-09,1.4022885e-07,-6.8656287
2015-09-10 05:00:00,4.6085,-2.5346668,2.3955,389.3339,5.597966,1.6966101,-42.86666666666667,-45.0,24.533333333333335,1.0,1e-09,1.2324337e-07,-6.909657
2015-09-10 06:00:00,4.3775,-2.9796667,-0.5708333,387.10385,6.4965386,1.9465384,-41.96666666666667,-41.0,49.71666666666667,1.6666666666666665,1e-09,2.0133032e-07,-6.711453
2015-09-10 07:00:00,3.2494738,-3.058772,0.051929824,394.4846,6.533077,2.0365386,-39.31666666666667,-38.0,49.0,1.6666666666666665,1e-09,1.4939907e-07,-6.8293133
2015-09-10 08:00:00,-0.09689655,-1.0984483,-2.685862,418.96664,7.6940475,2.7128572,-37.78333333333333,-39.0,257.3666666666667,1.6666666666666665,-51666.15,-51666.15,-6.91908
2015-09-10 09:00:00,2.2689474,-5.5242105,0.13210526,410.19,7.686,2.59,-40.733333333333334,-42.0,229.33333333333334,1.0,-49999.5,-49999.5,-7.099011
2015-09-10 10:00:00,1.632,-5.5911665,-0.39033332,412.58813,8.652882,2.9479659,-35.38333333333333,-38.0,167.23333333333332,1.0,1e-09,1.2024552e-07,-6.9248986
2015-09-10 11:00:00,4.6994734,-4.4296494,1.1075438,402.93195,9.597234,3.1204257,-31.15,-36.0,88.98333333333333,1.0,1e-09,1.0404218e-07,-6.983113
2015-09-10 12:00:00,-2.1443636,-4.141818,-1.4412726,422.1551,12.181633,4.347551,-25.35,-32.0,62.53333333333333,2.0,1e-09,1.1103548e-07,-6.955749
2015-09-10 13:00:00,-7.2385,-0.634,-1.1518333,429.93518,16.043888,5.9344444,-21.633333333333333,-28.0,90.15,2.0,1e-09,1.2437982e-07,-6.9058514
2015-09-10 14:00:00,-1.6323729,-5.7794914,-1.9527118,426.42728,13.905456,5.081136,-25.116666666666667,-31.0,147.33333333333334,2.0,1e-09,1.3342363e-07,-6.8773913
2015-09-10 15:00:00,0.97018516,-4.8846292,-1.2498147,419.31836,18.70694,6.622449,-20.316666666666666,-29.0,90.8,3.3333333333333335,1e-09,1.4233223e-07,-6.8471766
2015-09-10 16:00:00,-2.6371112,-0.168,-6.807778,430.40344,27.81138,10.301379,-16.6,-23.0,505.21666666666664,3.3333333333333335,1e-09,1.4675018e-07,-6.83468
2015-09-10 17:00:00,-1.5925863,1.6567241,-3.459138,425.1872,31.022564,11.201538,-35.68333333333333,-39.0,740.2,3.3333333333333335,1.005024e-09,1.7890842e-07,-6.748519
2015-09-10 18:00:00,2.6467273,-1.1839999,-2.4556363,411.56488,35.184322,11.934324,-30.95,-39.0,645.85,4.333333333333333,1.0365755e-09,1.6037292e-07,-6.7951956
2015-09-10 19:00:00,3.3459322,-5.143729,2.0959322,406.1698,26.74279,8.836512,-37.516666666666666,-48.0,710.1,4.333333333333333,1.0003345e-09,1.47269e-07,-6.8327413
2015-09-10 20:00:00,-3.0252542,-0.4274576,8.365085,411.53333,33.93182,11.50697,-12.683333333333334,-24.0,169.4,4.333333333333333,-71665.95,-71665.95,-6.8041587
2015-09-10 21:00:00,,,,,,,-4.233333333333333,-12.0,101.56666666666666,3.0,-39999.6,-39999.6,-6.8341904
2015-09-10 22:00:00,-5.0708513,2.924468,0.1080851,393.7244,25.395609,7.8758535,-4.35,-8.0,244.58333333333334,3.0,1e-09,1.5480599e-07,-6.811021
2015-09-10 23:00:00,-9.915833,5.0828333,3.2483332,396.70346,19.16569,6.035517,-18.133333333333333,-18.0,91.7,3.0,1e-09,1.4105312e-07,-6.85192
2015-09-11 00:00:00,-10.386101,7.001864,3.1384745,407.52444,19.135555,6.364889,-15.166666666666666,-15.0,188.68333333333334,3.0,1e-09,1.3370997e-07,-6.874038
2015-09-11 01:00:00,-8.634999,3.01,4.874833,442.8737,14.263158,5.5317545,-13.866666666666667,-14.0,255.43333333333334,3.0,1e-09,1.448196e-07,-6.839674
2015-09-11 02:00:00,-7.697719,2.4503508,6.843684,454.99298,13.381403,5.5338597,-8.366666666666667,-11.0,111.68333333333334,3.0,1.3323244e-09,2.4044158e-07,-6.656039
2015-09-11 03:00:00,-9.811167,4.425333,2.668,452.83664,14.106,5.7813334,-12.666666666666666,-15.0,109.21666666666667,4.0,1e-09,2.1803018e-07,-6.674918
2015-09-11 04:00:00,-9.903019,-1.7501887,1.2992452,450.00607,16.549395,6.6942425,-16.716666666666665,-22.0,547.05,4.0,1e-09,1.5135281e-07,-6.820684
2015-09-11 05:00:00,-10.925536,0.26089287,2.6453571,438.73334,18.043612,6.9430556,-33.083333333333336,-35.0,713.4333333333333,4.0,1e-09,1.5564608e-07,-6.80883
2015-09-11 06:00:00,-10.6241665,2.7608333,-3.4575,442.51334,19.002333,7.440333,-30.783333333333335,-28.0,240.18333333333334,7.0,1e-09,1.5601822e-07,-6.807116
2015-09-11 07:00:00,-7.6473336,7.353333,-13.476667,488.2027,11.5767565,5.4962163,-18.5,-19.0,314.48333333333335,7.0,1e-09,1.7727076e-07,-6.7522388
2015-09-11 08:00:00,-7.447966,10.58678,-8.314238,541.6173,8.420193,4.9378843,-47.333333333333336,-50.0,921.7,7.0,-53332.8,-53332.8,-6.7744
2015-09-11 09:00:00,-4.1155767,6.181923,5.13,579.24,12.1096,8.1636,-64.36666666666666,-62.0,904.1,6.333333333333333,-51666.15,-51666.15,-6.7881536
2015-09-11 10:00:00,-2.2951667,4.5264997,-0.31466666,611.5909,7.9141817,5.867273,-60.4,-62.0,567.85,6.333333333333333,1.2428352e-09,1.7692975e-07,-6.753522
2015-09-11 11:00:00,-5.187667,1.2544999,-0.4658333,617.3531,6.3159184,4.8093877,-53.88333333333333,-56.0,537.0333333333333,6.333333333333333,1.0464707e-09,1.9123812e-07,-6.7190366
2015-09-11 12:00:00,-3.512807,0.14438596,-2.2457893,626.1111,5.88,4.587333,-63.9,-62.0,771.2,5.666666666666667,8.517156e-09,2.56507e-07,-6.598912
2015-09-11 13:00:00,-4.9701667,0.8191667,0.7163333,620.4276,6.087931,4.6779313,-83.38333333333334,-82.0,653.55,5.666666666666667,9.910278e-09,3.4108493e-07,-6.5082383
2015-09-11 14:00:00,-5.2776785,2.7926786,0.45125002,614.2838,6.4991894,4.90027,-91.7,-87.0,862.4166666666666,5.666666666666667,2.3174642e-09,1.819068e-07,-6.7402844
2015-09-11 15:00:00,-5.274333,-0.3735,0.15633337,617.2235,6.685294,5.0913725,-81.91666666666667,-85.0,909.4666666666667,6.666666666666667,5.649164e-09,1.8723476e-07,-6.727734
2015-09-11 16:00:00,-4.2003446,1.065862,-0.2655172,619.34753,6.62875,5.08175,-68.98333333333333,-77.0,663.9666666666667,6.666666666666667,3.4684005e-09,2.5717316e-07,-6.5990286
2015-09-11 17:00:00,-4.4610524,1.0264913,4.1850877,621.17896,6.218158,4.7923684,-57.78333333333333,-70.0,351.43333333333334,6.666666666666667,1.0773861e-09,2.9239604e-07,-6.5365133
2015-09-11 18:00:00,-4.6433334,0.46483332,4.0091667,615.0884,6.29186,4.760465,-47.7,-59.0,97.11666666666666,3.0,1e-09,2.9135845e-07,-6.538237
2015-09-11 19:00:00,-4.7962713,-1.5242373,3.3594916,615.01306,6.676522,5.042826,-40.666666666666664,-53.0,99.35,3.0,1.0204234e-09,3.2618541e-07,-6.48889
2015-09-11 20:00:00,-3.2292306,1.599423,-3.0163462,620.6625,8.2075,6.3290625,-38.166666666666664,-46.0,162.73333333333332,3.0,1e-09,2.5984883e-07,-6.5866175
2015-09-11 21:00:00,-3.0296078,4.4407845,-0.542353,613.1805,7.955,5.9793477,-41.13333333333333,-45.0,295.1166666666667,3.6666666666666665,1.088482e-08,4.302626e-07,-6.437172
2015-09-11 22:00:00,-4.196607,0.3975,0.92964286,608.8522,6.726739,4.968478,-48.53333333333333,-46.0,587.4166666666666,3.6666666666666665,1e-09,2.431607e-07,-6.6143503
2015-09-11 23:00:00,-4.415763,0.61898303,-0.32915255,610.76154,4.93,3.6784616,-53.833333333333336,-51.0,515.5333333333333,3.6666666666666665,1e-09,2.456826e-07,-6.6104965
2015-09-12 00:00:00,-2.0616667,3.3093333,0.91083336,614.3019,3.6722643,2.765472,-44.78333333333333,-43.0,375.65,4.0,1e-09,2.6057597e-07,-6.5849624
2015-09-12 01:00:00,-4.4577966,2.3091526,0.758983,583.86365,3.2777274,2.2370455,-42.43333333333333,-37.0,534.3,4.0,1e-09,2.9318713e-07,-6.5342956
2015-09-12 02:00:00,-4.8868294,2.224878,0.83975613,574.7515,3.3209093,2.1936364,-34.21666666666667,-34.0,318.6166666666667,4.0,1e-09,3.6734997e-07,-6.435533
2015-09-12 03:00:00,-2.8193333,3.5186665,1.9493333,581.52856,3.2585714,2.205,-40.35,-41.0,208.56666666666666,3.0,1e-09,3.1900137e-07,-6.497512
2015-09-12 04:00:00,-3.5465,4.1855,0.6411667,570.0722,3.1731482,2.0627778,-38.36666666666667,-44.0,462.98333333333335,3.0,1e-09,3.211194e-07,-6.4938073
2015-09-12 05:00:00,-5.1705003,1.4403332,1.0203334,560.09485,3.220862,2.0206895,-39.666666666666664,-42.0,268.9,3.0,1e-09,3.6042428e-07,-6.4441204
2015-09-12 06:00:00,-3.6853333,2.3406668,-0.5545,553.516,3.478,2.13,-38.68333333333333,-38.0,209.83333333333334,4.333333333333333,1.0003345e-09,3.980918e-07,-6.400639
2015-09-12 07:00:00,-2.512,3.9051666,-1.1805,557.4793,3.1334484,1.9482758,-40.5,-40.0,643.0666666666667,4.333333333333333,1.2384287e-08,4.6753945e-07,-6.3310595
2015-09-12 08:00:00,-3.8022223,0.4514815,0.64685184,545.23126,3.494375,2.0772917,-35.06666666666667,-37.0,606.0666666666667,4.333333333333333,-56666.1,-56666.1,-6.361002
2015-09-12 09:00:00,-1.7634,3.345,-0.8926,548.05237,2.9780953,1.7876191,-36.166666666666664,-36.0,732.7666666666667,3.6666666666666665,-53332.8,-53332.8,-6.2825847
2015-09-12 10:00:00,-3.217,-0.70566666,-0.9535,539.2113,3.3843396,1.9658492,-36.166666666666664,-39.0,503.1166666666667,3.6666666666666665,1.1802881e-08,5.2678877e-07,-6.280191
2015-09-12 11:00:00,-3.019322,1.610339,0.5584746,537.1,3.3077192,1.908421,-37.25,-42.0,254.71666666666667,3.6666666666666665,1.8299945e-09,4.8563635e-07,-6.314569
2015-09-12 12:00:00,-2.477069,1.7756896,0.4887931,543.2848,3.2934783,1.943913,-35.36666666666667,-40.0,200.16666666666666,2.6666666666666665,1.5578034e-09,3.9944192e-07,-6.400117
2015-09-12 13:00:00,-2.8668332,2.0708334,1.1811668,538.7321,3.2289288,1.8744643,-35.71666666666667,-39.0,278.15,2.6666666666666665,1.5045026e-09,3.2268372e-07,-6.492202
2015-09-12 14:00:00,-2.9157894,-0.6298246,-0.12736842,537.8225,3.3822503,1.9567499,-34.05,-37.0,192.15,2.6666666666666665,1.0337331e-09,3.088079e-07,-6.510555
2015-09-12 15:00:00,0.1314035,2.5971928,0.2794737,551.9611,3.3894444,2.0680554,-30.416666666666668,-35.0,117.78333333333333,2.3333333333333335,1.006079e-09,3.127552e-07,-6.504947
2015-09-12 16:00:00,-2.8608477,1.5766101,0.16372882,521.27185,3.908125,2.123125,-32.18333333333333,-35.0,468.95,2.3333333333333335,1.0357707e-09,3.0854696e-07,-6.5113845
2015-09-12 17:00:00,-3.0848215,1.5992857,-0.4892857,515.8128,4.0033336,2.1305127,-33.233333333333334,-36.0,248.45,2.3333333333333335,1.218903e-09,2.9912906e-07,-6.5242934
2015-09-12 18:00:00,-3.2362962,1.7196296,0.41037038,510.57632,3.7407894,1.9499999,-31.75,-35.0,206.86666666666667,1.3333333333333333,1.0901585e-09,2.9249824e-07,-6.534013
2015-09-12 19:00:00,-3.738772,-0.06333333,-0.58929825,503.56805,4.007872,2.0334044,-26.566666666666666,-31.0,82.36666666666666,1.3333333333333333,1.0986662e-09,3.0236885e-07,-6.5202193
2015-09-12 20:00:00,-2.3363793,0.795,-0.4286207,503.5861,3.8141665,1.9341666,-25.433333333333334,-30.0,59.78333333333333,1.3333333333333333,1.0600402e-09,3.1057098e-07,-6.5085044
2015-09-12 21:00:00,1.7224138,1.7082759,1.862069,508.898,3.5586,1.8428,-22.333333333333332,-27.0,101.31666666666666,1.6666666666666665,1.246652e-09,2.8655145e-07,-6.5474014
2015-09-12 22:00:00,1.2701666,1.802,1.7271667,501.26608,3.7028573,1.86,-22.8,-26.0,95.86666666666666,1.6666666666666665,1.0224572e-09,3.0676566e-07,-6.5135837
2015-09-12 23:00:00,-2.9795,0.023333332,0.606,486.80847,3.5794916,1.6967797,-22.183333333333334,-25.0,68.48333333333333,1.6666666666666665,1.0902582e-09,2.8963237e-07,-6.541205
2015-09-13 00:00:00,-3.6186666,-0.2335,0.6703333,481.62167,3.617,1.6775,-19.766666666666666,-22.0,42.85,1.0,1.0009864e-09,2.5801899e-07,-6.5895905
2015-09-13 01:00:00,-3.3638334,0.75949997,0.53716666,475.24817,3.7666667,1.7003703,-20.1,-21.0,38.1,1.0,1.000346e-09,2.5518972e-07,-6.593313
2015-09-13 02:00:00,-2.6806667,1.2126667,0.14383334,470.40585,3.9309802,1.7392156,-18.516666666666666,-20.0,58.56666666666667,1.0,1e-09,2.5293812e-07,-6.597191
2015-09-13 03:00:00,-1.9749151,0.23322034,2.1654239,467.81897,3.917414,1.7137932,-20.033333333333335,-22.0,61.21666666666667,1.3333333333333333,1e-09,2.5078162e-07,-6.6014915
2015-09-13 04:00:00,-1.5161667,0.554,0.9691667,458.51852,4.602037,1.9340742,-20.133333333333333,-21.0,49.05,1.3333333333333333,4.72646e-09,3.3999808e-07,-6.488367
2015-09-13 05:00:00,-0.8875,0.25216666,1.597,459.05933,5.0149155,2.1137288,-20.066666666666666,-20.0,46.55,1.3333333333333333,3.480473e-09,3.6966816e-07,-6.4448333
2015-09-13 06:00:00,-0.043818183,2.1921818,0.45236367,462.69543,5.4872727,2.3495455,-18.4,-18.0,56.36666666666667,1.6666666666666665,1e-09,3.0516716e-07,-6.516673
2015-09-13 07:00:00,0.9476667,2.2418332,-0.6091667,464.43335,5.22463,2.2527778,-19.316666666666666,-20.0,77.08333333333333,1.6666666666666665,1e-09,2.3873557e-07,-6.6224976
2015-09-13 08:00:00,2.4551666,3.467,-1.4168334,470.40176,5.2982454,2.3449123,-24.833333333333332,-26.0,319.23333333333335,1.6666666666666665,-58332.75,-58332.75,-6.6205883
2015-09-13 09:00:00,0.85052633,3.3785965,1.0059649,462.31152,5.5261536,2.3613462,-28.883333333333333,-34.0,504.7,2.6666666666666665,-54999.45,-54999.45,-6.662182
2015-09-13 10:00:00,1.6702,3.966,-0.6316,464.62927,5.8890243,2.5431707,-28.633333333333333,-35.0,411.28333333333336,2.6666666666666665,1.009296e-09,2.5789703e-07,-6.5891013
2015-09-13 11:00:00,2.7586439,3.767627,-1.3301694,471.06003,5.8485456,2.5949092,-26.383333333333333,-35.0,551.1666666666666,2.6666666666666665,1.9200639e-09,2.7698485e-07,-6.5580163
2015-09-13 12:00:00,3.8869493,2.8774576,-1.6193221,477.01785,5.747857,2.6155357,-24.333333333333332,-36.0,538.7833333333333,2.0,2.9794835e-09,3.0794527e-07,-6.515183
2015-09-13 13:00:00,3.0978332,4.1951666,-0.71666664,471.52374,5.4545765,2.4266102,-26.716666666666665,-39.0,454.0,2.0,1.0590835e-09,2.931184e-07,-6.533701
2015-09-13 14:00:00,3.3533332,3.3755,-2.9763334,467.4533,6.1151667,2.6720002,-30.116666666666667,-36.0,487.3333333333333,2.0,1.1605101e-09,3.2659472e-07,-6.486787
2015-09-13 15:00:00,3.3833334,3.341,-3.2058334,460.685,6.0958333,2.5875,-34.21666666666667,-39.0,808.4833333333333,3.6666666666666665,4.696126e-09,2.839311e-07,-6.5472307
2015-09-13 16:00:00,2.9896667,4.051833,-1.4173334,457.5724,6.385345,2.6748276,-32.266666666666666,-42.0,717.4833333333333,3.6666666666666665,3.4957182e-09,2.6687158e-07,-6.5737853
2015-09-13 17:00:00,2.227,2.8403332,-2.9025,454.08243,5.1624565,2.1270175,-33.25,-44.0,487.18333333333334,3.6666666666666665,1.1296521e-09,2.5048408e-07,-6.6013536
2015-09-13 18:00:00,0.090847455,2.2049153,-0.11762709,456.09827,4.687241,1.9453448,-28.716666666666665,-41.0,507.85,3.3333333333333335,1.4102196e-09,2.521064e-07,-6.598468
2015-09-13 19:00:00,-2.8245,1.8321667,2.8106666,447.15424,5.2245765,2.0888135,-25.25,-37.0,94.2,3.3333333333333335,1.1909517e-09,2.7116553e-07,-6.57096
2015-09-13 20:00:00,-2.7772882,1.6769491,-2.0645764,441.77927,5.3109436,2.0718868,-21.333333333333332,-30.0,107.55,3.3333333333333335,1e-09,2.535554e-07,-6.596262
2015-09-13 21:00:00,-0.25716668,2.3009999,1.0418334,443.85553,5.204074,2.05,-28.883333333333333,-34.0,124.88333333333334,2.6666666666666665,1.000346e-09,2.9355164e-07,-6.5334826
2015-09-13 22:00:00,-0.99872726,2.573091,0.041818187,440.1319,5.0421276,1.9510638,-30.2,-33.0,169.91666666666666,2.6666666666666665,1.0207853e-09,2.9158463e-07,-6.5373044
2015-09-13 23:00:00,-2.3021667,2.4259999,0.12383332,438.4294,5.2103925,2.00451,-28.4,-29.0,319.8666666666667,2.6666666666666665,1e-09,2.5785633e-07,-6.5895615
2015-09-14 00:00:00,-2.1761665,2.0135,3.3105001,437.30353,5.555263,2.127193,-22.633333333333333,-26.0,123.53333333333333,2.0,1.7553818e-09,3.2240405e-07,-6.4979987
2015-09-14 01:00:00,-4.1566105,1.548305,2.1827118,423.91455,4.766182,1.7127272,-20.016666666666666,-25.0,40.38333333333333,2.0,1e-09,2.7069458e-07,-6.568086
2015-09-14 02:00:00,-4.115932,0.97305083,1.7742373,422.54132,5.5080433,1.9682609,-15.333333333333334,-24.0,36.61666666666667,2.0,1.006368e-09,2.5686904e-07,-6.5917463
2015-09-14 03:00:00,-1.4421667,3.8263333,0.83816665,435.18164,6.31551,2.3920407,-10.866666666666667,-22.0,53.36666666666667,2.0,1e-09,2.2779169e-07,-6.643296
2015-09-14 04:00:00,-0.530339,4.072203,-1.0677966,434.83542,6.8872914,2.6104167,-13.266666666666667,-22.0,151.75,2.0,1e-09,2.0558853e-07,-6.687065
2015-09-14 05:00:00,-3.8276923,2.5323076,1.3998077,422.4608,6.9939218,2.5017648,-23.583333333333332,-28.0,285.0833333333333,2.0,1e-09,1.946531e-07,-6.7108145
2015-09-14 06:00:00,-2.9459999,3.5838332,3.5488331,426.65283,7.1532073,2.605849,-25.133333333333333,-27.0,144.55,1.6666666666666665,1e-09,1.960352e-07,-6.7078023
2015-09-14 07:00:00,-4.5310173,3.286271,2.9827118,415.82858,6.2164283,2.1592858,-23.516666666666666,-23.0,82.96666666666667,1.6666666666666665,1e-09,1.964947e-07,-6.707495
2015-09-14 08:00:00,-4.9737935,4.478621,2.0198276,415.84286,6.067959,2.104694,-19.766666666666666,-20.0,150.91666666666666,1.6666666666666665,-59999.4,-59999.4,-6.6989074
2015-09-14 09:00:00,-2.510345,6.7434483,1.3098276,445.27255,8.335098,3.3139215,-12.366666666666667,-15.0,299.96666666666664,2.3333333333333335,-54999.45,-54999.45,-6.671491
2015-09-14 10:00:00,-2.9983332,6.4971666,3.794,456.34482,9.683104,4.03,-17.0,-22.0,536.4333333333333,2.3333333333333335,1e-09,2.2674224e-07,-6.6452045
2015-09-14 11:00:00,-1.8678571,-0.65660715,2.3785713,473.9244,8.609756,3.802195,-19.733333333333334,-27.0,246.56666666666666,2.3333333333333335,1.0054982e-09,2.3155e-07,-6.635819
2015-09-14 12:00:00,-2.2628334,-2.8093333,3.3035002,487.6241,7.4996552,3.5653448,-17.883333333333333,-29.0,184.2,2.0,1.0044979e-09,2.6280205e-07,-6.582945
2015-09-14 13:00:00,-4.205333,2.5728333,2.3926666,476.02292,6.914583,3.1354167,-20.783333333333335,-29.0,101.95,2.0,1e-09,2.318865e-07,-6.63508
2015-09-14 14:00:00,-2.3089998,6.324333,-1.328,492.1146,5.45125,2.6414583,-25.816666666666666,-29.0,217.0,2.0,1e-09,2.2165742e-07,-6.654625
2015-09-14 15:00:00,-2.170893,3.4255357,-3.45625,484.29092,4.876818,2.2752273,-41.016666666666666,-38.0,863.2833333333333,4.666666666666667,3.0409786e-09,2.3686422e-07,-6.6260676
2015-09-14 16:00:00,-1.5561668,5.0796666,-1.1639999,483.69754,5.0495124,2.3565855,-44.483333333333334,-47.0,897.2666666666667,4.666666666666667,8.308974e-09,2.6320052e-07,-6.5798287
2015-09-14 17:00:00,-0.15983334,5.475833,-1.7611667,491.09808,4.059231,1.9534615,-41.516666666666666,-45.0,672.45,4.666666666666667,7.390033e-09,3.616751e-07,-6.481463
2015-09-14 18:00:00,-4.979821,3.4185715,0.45017856,472.44736,3.6402633,1.625,-29.666666666666668,-38.0,431.6333333333333,4.0,1.2366714e-09,2.5703133e-07,-6.590582
2015-09-14 19:00:00,-5.288333,1.3360001,0.44483334,508.1327,4.493269,2.344423,-26.25,-36.0,162.38333333333333,4.0,1.0010379e-09,2.2802963e-07,-6.6421103
2015-09-14 20:00:00,-4.578,1.273,-0.636,518.28925,4.720893,2.5360715,-22.733333333333334,-29.0,80.78333333333333,4.0,1.008907e-09,2.5235903e-07,-6.599099
2015-09-14 21:00:00,-4.1606665,2.9876666,-0.96816665,505.46924,3.4912822,1.7953845,-27.15,-31.0,117.06666666666666,2.6666666666666665,1.2980734e-09,2.888093e-07,-6.5416913
2015-09-14 22:00:00,-2.421356,3.5805085,-1.3111864,506.0625,3.3704166,1.729375,-32.833333333333336,-35.0,282.8833333333333,2.6666666666666665,4.5470943e-09,3.7057313e-07,-6.4445395
2015-09-14 23:00:00,0.38392857,4.846607,-0.3942857,511.47253,3.2460785,1.6990197,-32.7,-34.0,377.65,2.6666666666666665,2.696891e-09,3.742294e-07,-6.4329605
2015-09-15 00:00:00,0.5,5.2580004,-0.548,494.375,3.6225,1.7725,-31.3,-31.0,376.73333333333335,4.0,6.6950614e-09,4.0157263e-07,-6.4185467
2015-09-15 01:00:00,-1.4306666,5.0676665,-1.6901667,472.0889,3.370926,1.5038888,-37.35,-31.0,688.4,4.0,4.4499258e-09,3.8515148e-07,-6.4308867
2015-09-15 02:00:00,-2.3398333,5.2725,-0.039333336,467.41156,3.8859618,1.6955769,-37.15,-32.0,635.95,4.0,1.3877388e-08,5.3600553e-07,-6.30421
2015-09-15 03:00:00,-3.097143,2.8785713,2.8455358,465.61224,4.5681634,1.9863266,-32.766666666666666,-31.0,424.3666666666667,3.3333333333333335,1.6789238e-09,3.030473e-07,-6.53812
2015-09-15 04:00:00,-2.7246666,3.4288332,3.7241666,474.62833,5.1860375,2.3379245,-25.333333333333332,-23.0,210.23333333333332,3.3333333333333335,1.0512018e-09,2.7446546e-07,-6.5650477
2015-09-15 05:00:00,-4.7320004,1.63,3.4013333,469.27545,4.5477357,2.0020754,-26.016666666666666,-23.0,84.58333333333333,3.3333333333333335,1.3272899e-08,5.319038e-07,-6.32797
2015-09-15 06:00:00,-5.733333,-0.79683334,0.27433333,461.368,4.5220003,1.925,-22.866666666666667,-22.0,54.38333333333333,2.3333333333333335,6.0055814e-09,4.851983e-07,-6.336496
2015-09-15 07:00:00,-4.080351,2.8354385,-0.23087719,467.34103,4.5958977,2.005641,-20.85,-22.0,101.38333333333334,2.3333333333333335,5.6815734e-09,4.6775008e-07,-6.3493943
2015-09-15 08:00:00,-3.787647,4.13,1.4282353,479.125,4.200625,1.92625,-22.316666666666666,-24.0,373.46666666666664,2.3333333333333335,-61666.05,-61666.05,-6.46924
2015-09-15 09:00:00,-3.460893,1.6126785,-0.7558928,516.76935,5.3702044,2.869592,-17.65,-20.0,341.5,3.3333333333333335,-54999.45,-54999.45,-6.490069
2015-09-15 10:00:00,-1.0843103,2.7427588,-0.8858621,528.20215,5.001915,2.791915,-16.566666666666666,-19.0,206.66666666666666,3.3333333333333335,1e-09,3.7089703e-07,-6.431962
2015-09-15 11:00:00,-1.5823333,3.6758335,0.63783336,521.478,4.8596,2.6426,-18.533333333333335,-23.0,426.3333333333333,3.3333333333333335,2.1403048e-09,3.8983563e-07,-6.4097333
2015-09-15 12:00:00,-1.2279661,1.7657627,3.0622034,523.52856,4.8514285,2.662381,-22.4,-29.0,718.2166666666667,3.6666666666666665,5.9081717e-09,3.6848192e-07,-6.436929
2015-09-15 13:00:00,-2.609322,1.1050847,2.9164407,512.5472,4.8083334,2.525,-24.616666666666667,-35.0,440.15,3.6666666666666665,6.128761e-09,4.011525e-07,-6.3980045
2015-09-15 14:00:00,-0.59132075,2.50717,3.6683018,520.5263,4.8289475,2.6178946,-22.25,-34.0,152.08333333333334,3.6666666666666665,1.143077e-08,5.840481e-07,-6.2519774
2015-09-15 15:00:00,-3.6766071,3.1126785,-1.5585715,493.81668,4.397619,2.1414287,-24.05,-33.0,313.18333333333334,3.0,1.6890259e-09,4.3111368e-07,-6.3788943
2015-09-15 16:00:00,-2.7126665,2.2821667,-0.040999986,480.58334,5.173,2.3896668,-30.866666666666667,-36.0,652.6,3.0,1.7443572e-09,2.9912226e-07,-6.5267158
2015-09-15 17:00:00,-4.786724,1.5008621,-0.17396551,472.9222,4.8957777,2.188,-29.216666666666665,-36.0,415.0833333333333,3.0,1.4243989e-09,2.682403e-07,-6.5722065
2015-09-15 18:00:00,-1.4665455,2.0338182,1.7667272,485.28333,4.8938885,2.303889,-25.516666666666666,-33.0,165.16666666666666,2.3333333333333335,1.0596484e-09,3.1502395e-07,-6.5039926
2015-09-15 19:00:00,-1.1023333,-1.3058333,0.56333333,482.43332,5.2450004,2.441111,-21.933333333333334,-29.0,101.88333333333334,2.3333333333333335,1.5972431e-09,3.440673e-07,-6.4658904
2015-09-15 20:00:00,-3.8013334,-1.6875,-1.0046667,477.8127,5.2469087,2.3974545,-22.816666666666666,-27.0,272.21666666666664,2.3333333333333335,1.5645566e-09,3.585736e-07,-6.449901
2015-09-15 21:00:00,-3.5358331,-2.6956668,-1.0771667,480.2143,5.063061,2.3338776,-30.983333333333334,-32.0,261.81666666666666,3.0,4.9583733e-09,5.297714e-07,-6.2793574
2015-09-15 22:00:00,-2.7564912,-1.7271929,-2.6666667,488.4475,4.7695,2.2762501,-26.583333333333332,-31.0,350.3333333333333,3.0,8.339029e-09,5.842429e-07,-6.265497
2015-09-15 23:00:00,-1.456,3.5541666,1.6183333,494.12692,4.667115,2.2765384,-27.733333333333334,-31.0,282.05,3.0,1.0319084e-09,3.131174e-07,-6.5072246
2015-09-16 00:00:00,-3.8618333,-2.1598332,-1.2736666,479.11304,4.950652,2.2708695,-19.783333333333335,-23.0,276.43333333333334,2.3333333333333335,1.000346e-09,2.8711713e-07,-6.542863
2015-09-16 01:00:00,-2.7696612,-0.020169483,1.0267797,493.45834,4.495625,2.1879168,-17.316666666666666,-17.0,190.96666666666667,2.3333333333333335,1.9586783e-09,3.7025015e-07,-6.439634
2015-09-16 02:00:00,-3.3086207,1.9765518,2.282414,494.9846,4.5915384,2.2492309,-15.3,-15.0,46.05,2.3333333333333335,7.350457e-08,1.260259e-06,-5.982797
2015-09-16 03:00:00,-1.2483333,2.4283333,-0.32666668,499.76154,4.6165385,2.3071153,-17.283333333333335,-17.0,170.83333333333334,2.6666666666666665,1.354845e-09,4.8610343e-07,-6.327262
2015-09-16 04:00:00,-2.6783333,1.0826666,1.4815,484.8415,4.7799997,2.2454717,-18.266666666666666,-20.0,162.75,2.6666666666666665,1.0046894e-09,4.0659378e-07,-6.3915577
2015-09-16 05:00:00,-2.5492857,2.0125,1.0605357,492.5075,4.57775,2.22075,-11.683333333333334,-17.0,189.53333333333333,2.6666666666666665,1.6757445e-08,7.573561e-07,-6.163445
2015-09-16 06:00:00,-3.1236665,2.2238333,1.066,482.04044,4.591915,2.1342552,-15.5,-18.0,190.86666666666667,2.0,1.1670982e-09,4.6873856e-07,-6.342379
2015-09-16 07:00:00,-3.3746667,0.41566667,-1.2591667,478.5408,4.62551,2.117347,-18.8,-19.0,157.53333333333333,2.0,1.119201e-09,3.4612393e-07,-6.4618077
2015-09-16 08:00:00,-4.005345,-0.13827585,0.94482756,474.75,4.9039283,2.2103572,-14.366666666666667,-14.0,184.41666666666666,2.0,-63332.7,-63332.7,-6.4587173
2015-09-16 09:00:00,-4.104068,0.5681356,1.0474576,473.162,5.0668,2.2686,-12.85,-12.0,114.63333333333334,1.3333333333333333,-56666.1,-56666.1,-6.195773
2015-09-16 10:00:00,-4.157193,0.31263158,-0.23315792,471.508,4.9308,2.1916,-13.2,-15.0,81.7,1.3333333333333333,8.200005e-09,6.659146e-07,-6.2052174
2015-09-16 11:00:00,-3.467069,-0.637069,-2.9598277,472.2711,4.7626667,2.124,-13.466666666666667,-18.0,134.03333333333333,1.3333333333333333,1.0593315e-09,4.1232906e-07,-6.386937
2015-09-16 12:00:00,-3.6629999,0.95033336,-0.0795,467.34036,4.9311543,2.1536539,-13.833333333333334,-22.0,119.11666666666666,2.3333333333333335,2.5417686e-08,6.064978e-07,-6.2946534
2015-09-16 13:00:00,-4.0898333,-0.1035,-0.9511667,461.65454,4.8323636,2.0594544,-18.266666666666666,-26.0,104.13333333333334,2.3333333333333335,1.1039156e-08,6.374496e-07,-6.2064524
2015-09-16 14:00:00,-4.0011864,0.9093221,-0.8608475,459.7451,4.802157,2.0284314,-22.266666666666666,-28.0,265.1666666666667,2.3333333333333335,4.4316564e-09,4.704839e-07,-6.337873
2015-09-16 15:00:00,-3.4964912,2.745614,-0.19105263,457.7118,4.747255,1.9880393,-17.433333333333334,-24.0,223.15,3.3333333333333335,9.289186e-08,1.2785117e-06,-5.995649
2015-09-16 16:00:00,-2.0001667,2.5458333,-0.15466668,462.6761,4.9763045,2.1295652,-16.3,-21.0,168.13333333333333,3.3333333333333335,7.859102e-09,6.570809e-07,-6.193835
2015-09-16 17:00:00,-3.7205083,2.8271186,0.16932203,454.7262,4.596429,1.9004762,-20.133333333333333,-24.0,578.15,3.3333333333333335,3.4461192e-09,4.766786e-07,-6.3222
2015-09-16 18:00:00,-4.414483,1.1213794,1.6886207,451.47406,4.6572223,1.8987037,-19.15,-24.0,233.75,2.6666666666666665,2.4030927e-08,6.972068e-07,-6.1806574
2015-09-16 19:00:00,-4.1858335,1.5525,2.3633335,452.6326,5.2573915,2.1547828,-14.9,-19.0,47.03333333333333,2.6666666666666665,2.1644317e-07,2.4660956e-06,-5.672858
2015-09-16 20:00:00,0.53683335,4.2706666,-2.2421668,473.08334,5.1783333,2.3210418,-11.083333333333334,-14.0,129.38333333333333,2.6666666666666665,3.4224534e-08,1.1856611e-06,-5.934723
2015-09-16 21:00:00,-3.296,0.362,-0.27036363,456.33334,5.5583334,2.3128572,-21.2,-23.0,198.9,3.3333333333333335,2.4348334e-09,5.2985376e-07,-6.288052
2015-09-16 22:00:00,1.4120339,3.3959322,-0.6028814,474.66666,5.217292,2.3497918,-19.866666666666667,-23.0,246.43333333333334,3.3333333333333335,1.3088854e-08,6.2591175e-07,-6.22284
2015-09-16 23:00:00,2.4398305,4.509661,-2.9483051,471.5271,5.7705083,2.5659323,-20.85,-24.0,449.71666666666664,3.3333333333333335,2.4273719e-09,4.0808075e-07,-6.396172
2015-09-17 00:00:00,-1.3685,2.7171667,-0.9705,454.49442,5.7431483,2.3687036,-23.033333333333335,-23.0,731.45,4.333333333333333,1.2201276e-09,3.4430164e-07,-6.4691863
2015-09-17 01:00:00,-1.1440678,3.2567797,-0.4044068,456.31427,5.6119046,2.3366666,-16.85,-18.0,176.73333333333332,4.333333333333333,5.36187e-08,1.0651444e-06,-6.06437
2015-09-17 02:00:00,-0.028499996,3.6464999,-1.8403333,460.78476,5.0030437,2.1232607,-16.3,-17.0,227.46666666666667,4.333333333333333,1.7082495e-08,5.1106275e-07,-6.355594
2015-09-17 03:00:00,-2.896949,1.758983,1.779661,458.6694,5.030408,2.117143,-24.6,-23.0,279.2,2.3333333333333335,2.2681746e-07,2.424696e-06,-5.828479
2015-09-17 04:00:00,-1.8688333,3.7205,0.0685,470.90198,4.0854,1.8110001,-24.183333333333334,-24.0,159.36666666666667,2.3333333333333335,1e-09,2.835431e-07,-6.5489154
2015-09-17 05:00:00,-1.1806779,2.8345764,-0.51932204,467.75687,4.115686,1.795294,-26.3,-26.0,150.25,2.3333333333333335,1e-09,2.7980073e-07,-6.554846
2015-09-17 06:00:00,-2.5108333,0.94200003,0.045166664,459.48602,4.5154,1.8992,-31.916666666666668,-31.0,235.53333333333333,2.3333333333333335,3.0100484e-08,7.56683e-07,-6.189143
2015-09-17 07:00:00,-2.938,2.0733333,0.11833334,461.50363,4.3105454,1.8338182,-31.983333333333334,-28.0,242.58333333333334,2.3333333333333335,4.2767994e-09,5.62705e-07,-6.262261
2015-09-17 08:00:00,-1.7677194,2.63807,-0.33526313,468.30542,3.6516216,1.6005405,-25.8,-22.0,386.75,2.3333333333333335,-64999.35,-64999.35,-6.0797405
2015-09-17 09:00:00,-2.5365,3.4958334,-0.29566666,466.62546,3.390182,1.476,-21.4,-20.0,423.48333333333335,2.3333333333333335,-56666.1,-56666.1,-5.3629427
2015-09-17 10:00:00,-3.9991667,2.5773332,0.22133332,460.94397,3.4445999,1.4638001,-20.566666666666666,-23.0,459.1,2.3333333333333335,1.659884e-08,7.28772e-07,-6.214432
2015-09-17 11:00:00,-3.667069,2.802069,0.97948277,459.82883,3.581346,1.5140386,-18.016666666666666,-25.0,178.31666666666666,2.3333333333333335,4.4177404e-09,3.8696214e-07,-6.4232426
2015-09-17 12:00:00,-4.025,2.3344998,1.129,456.67926,3.6660378,1.5284907,-17.35,-26.0,125.88333333333334,1.3333333333333333,8.967121e-09,4.9622236e-07,-6.344772
2015-09-17 13:00:00,-4.7105002,2.0553334,1.6439999,453.7148,3.3911111,1.3968519,-18.366666666666667,-30.0,60.65,1.3333333333333333,1.764217e-09,4.5611716e-07,-6.356004
2015-09-17 14:00:00,-4.951333,2.0241666,1.9123333,453.33334,3.2728333,1.3453333,-20.116666666666667,-31.0,54.95,1.3333333333333333,1e-09,2.9556767e-07,-6.5298643
2015-09-17 15:00:00,-4.5581665,0.72,2.8696666,459.3712,3.7559323,1.5942372,-19.816666666666666,-28.0,57.93333333333333,0.6666666666666666,4.627786e-09,3.786581e-07,-6.4445086
2015-09-17 16:00:00,-5.085,1.6715,2.1298335,449.59467,3.3803573,1.3680357,-21.516666666666666,-27.0,43.083333333333336,0.6666666666666666,4.3336366e-09,5.622411e-07,-6.2532806
2015-09-17 17:00:00,-5.4069495,1.7094915,1.7442373,440.25,3.3627584,1.3037932,-20.166666666666668,-25.0,39.916666666666664,0.6666666666666666,2.9344609e-08,8.6340737e-07,-6.0822654
2015-09-17 18:00:00,-5.5725,1.3195,1.6661667,431.3375,3.6117857,1.343393,-17.35,-22.0,48.71666666666667,0.3333333333333333,9.545943e-08,1.7208691e-06,-5.799654
2015-09-17 19:00:00,-5.7875,1.4971668,0.8558333,426.36502,3.5121665,1.2761667,-13.483333333333333,-18.0,29.766666666666666,0.3333333333333333,6.378509e-08,1.311259e-06,-5.9130387
2015-09-17 20:00:00,-5.3203335,1.762,0.33216667,426.5316,3.4378948,1.2510526,-11.066666666666666,-15.0,32.766666666666666,0.3333333333333333,-14999.85,-14999.85,-6.4113317
2015-09-17 21:00:00,-0.57779664,1.7552541,-0.9457627,431.97144,3.975357,1.4910715,-10.116666666666667,-15.0,59.2,2.6666666666666665,1.16506506e-07,1.5935141e-06,-5.954219
2015-09-17 22:00:00,4.3471665,2.6195,-2.9841666,433.78476,4.7791524,1.8,-10.383333333333333,-14.0,330.98333333333335,2.6666666666666665,9.790316e-09,4.5798254e-07,-6.368817
2015-09-17 23:00:00,2.9659648,3.6285965,-2.357193,431.42,5.218,1.9425999,-8.616666666666667,-13.0,557.5666666666667,2.6666666666666665,4.9498077e-08,1.0349303e-06,-6.053934
2015-09-18 00:00:00,-2.6007142,3.2601783,-0.86214286,406.1159,4.7995453,1.5820454,-12.216666666666667,-16.0,210.38333333333333,2.0,-11666.55,-11666.55,-6.327565
2015-09-18 01:00:00,-0.29433334,2.1866667,-2.0,407.88248,6.690526,2.2342105,-5.916666666666667,-12.0,113.68333333333334,2.0,1.23723805e-08,5.7028296e-07,-6.28495
2015-09-18 02:00:00,-0.83482754,2.9053447,-1.9751724,404.30667,7.479555,2.4448888,-5.716666666666667,-10.0,174.33333333333334,2.0,1.2290471e-09,3.8877684e-07,-6.412069
2015-09-18 03:00:00,-4.1188135,2.6666102,0.8906779,391.63965,6.8006897,2.0901723,-12.4,-13.0,229.45,2.0,1e-09,3.9825682e-07,-6.402686
2015-09-18 04:00:00,-5.0455174,3.117069,1.119138,381.5592,5.9097958,1.7210205,-13.266666666666667,-15.0,58.266666666666666,2.0,2.5758546e-08,8.895965e-07,-6.0587635
2015-09-18 05:00:00,-2.82,5.113,-0.58933336,390.08075,5.9696155,1.8146154,-12.15,-15.0,109.93333333333334,2.0,9.563813e-08,1.7977478e-06,-5.7490306
2015-09-18 06:00:00,-2.3516667,6.2225003,-0.9495,406.2879,6.5410347,2.159138,-15.95,-19.0,314.25,3.3333333333333335,1.10606834e-07,2.3060993e-06,-5.6385674
2015-09-18 07:00:00,0.16525424,3.881017,-1.9637288,414.67892,8.729649,3.0535088,-21.183333333333334,-21.0,566.0166666666667,3.3333333333333335,3.8889148e-08,1.5786185e-06,-5.8086324
2015-09-18 08:00:00,1.3591526,4.822373,-3.0198305,414.7396,9.352708,3.215,-25.883333333333333,-23.0,545.8666666666667,3.3333333333333335,-64999.35,-64999.35,-5.9915175
2015-09-18 09:00:00,0.89538467,3.3174999,-2.3263462,411.55835,9.771459,3.3122919,-29.45,-28.0,566.95,2.6666666666666665,-56666.1,-56666.1,-6.2226477
2015-09-18 10:00:00,-0.4812069,3.972069,-2.1451724,403.41373,8.804118,2.8686275,-30.283333333333335,-29.0,710.8833333333333,2.6666666666666665,3.8463654e-09,5.440086e-07,-6.2672753
2015-09-18 11:00:00,-2.3273332,5.1878333,-0.67516667,400.18982,7.3781357,2.3644068,-29.666666666666668,-31.0,600.7166666666667,2.6666666666666665,3.3924426e-08,7.76506e-07,-6.149988
2015-09-18 12:00:00,-1.6663334,5.1078334,-1.6731666,412.92746,6.1227455,2.0823529,-31.45,-37.0,403.26666666666665,3.0,2.794781e-09,4.3294023e-07,-6.3664227
2015-09-18 13:00:00,-4.6635,3.8468332,2.0955,425.43454,5.751818,2.083091,-29.45,-38.0,312.8,3.0,1.0367785e-08,5.206982e-07,-6.3060384
2015-09-18 14:00:00,-3.6136668,4.8054996,-1.3948333,435.82727,6.958182,2.6456363,-26.083333333333332,-35.0,282.73333333333335,3.0,1.0012879e-09,3.460166e-07,-6.462794
2015-09-18 15:00:00,-5.699667,2.6226666,1.8651665,441.15085,6.3649154,2.4774575,-30.3,-38.0,282.71666666666664,2.0,2.1118605e-09,4.8171046e-07,-6.3222003
2015-09-18 16:00:00,-5.380339,3.8249152,0.59474576,441.7143,6.399643,2.4980357,-27.583333333333332,-33.0,144.56666666666666,2.0,1e-09,3.2215834e-07,-6.492272
2015-09-18 17:00:00,-5.2703447,3.7194827,-0.2853448,437.32706,6.525833,2.495625,-25.216666666666665,-30.0,255.06666666666666,2.0,1e-09,3.126683e-07,-6.505068
2015-09-18 18:00:00,-5.981,2.6218333,-0.14350002,433.70392,6.2201962,2.3411765,-25.066666666666666,-30.0,408.1666666666667,3.0,1e-09,3.100379e-07,-6.5088754
2015-09-18 19:00:00,-6.3681355,2.1142373,0.49711865,430.62115,5.946923,2.2071154,-19.766666666666666,-25.0,247.03333333333333,3.0,1.0228205e-09,3.56052e-07,-6.452531
2015-09-18 20:00:00,-5.3184996,2.9728332,-1.2551666,436.2382,8.264728,3.147091,-12.683333333333334,-19.0,110.13333333333334,3.0,1.0349248e-09,3.6613122e-07,-6.4368954
2015-09-18 21:00:00,-5.7018332,2.0935,-1.303,430.34067,8.801695,3.2605083,-14.666666666666666,-19.0,180.28333333333333,2.3333333333333335,5.46904e-09,4.8700446e-07,-6.327382
2015-09-18 22:00:00,-4.895593,2.8883052,-2.3145761,427.67258,8.061373,2.9411764,-16.283333333333335,-21.0,247.5,2.3333333333333335,5.065712e-09,6.056098e-07,-6.226002
2015-09-18 23:00:00,-6.5023336,3.2088332,-1.1901666,446.2793,6.898966,2.7486207,-22.966666666666665,-26.0,424.0,2.3333333333333335,1.0006919e-09,4.2470023e-07,-6.3728833
2015-09-19 00:00:00,-5.8919997,4.0420003,-1.7793334,444.75934,6.5383053,2.5881355,-19.25,-21.0,514.0666666666667,3.6666666666666665,1e-09,3.7723717e-07,-6.4236784
2015-09-19 01:00:00,-5.946833,3.707,-1.1271666,435.5796,7.453265,2.8253062,-25.4,-24.0,520.8666666666667,3.6666666666666665,1e-09,3.6163934e-07,-6.4432406
2015-09-19 02:00:00,-5.9806666,5.0953336,0.42066666,434.17627,7.9137287,2.982034,-26.616666666666667,-26.0,348.25,3.6666666666666665,1e-09,3.3764155e-07,-6.471937
2015-09-19 03:00:00,-5.9938335,6.745333,1.4528333,421.66876,5.6153126,2.0040624,-27.033333333333335,-26.0,320.6666666666667,4.0,1e-09,3.3920165e-07,-6.469606
2015-09-19 04:00:00,-2.9625,4.785333,5.0488334,422.38303,9.61,3.4286792,-17.366666666666667,-17.0,440.6,4.0,1e-09,3.2299582e-07,-6.49089
2015-09-19 05:00:00,-5.677273,5.7345457,2.540909,415.26,9.261,3.1950002,-10.8,-11.0,149.96666666666667,4.0,1e-09,3.845563e-07,-6.420505
2015-09-19 06:00:00,5.836857,-0.08628571,-4.7617145,432.85938,11.645,4.37375,-14.5,-12.0,331.4166666666667,4.666666666666667,1e-09,3.7534917e-07,-6.43159
2015-09-19 07:00:00,4.574333,-3.4266667,-6.1421666,425.5532,11.786808,4.2768083,-27.566666666666666,-25.0,660.1,4.666666666666667,1e-09,3.150154e-07,-6.5022974
2015-09-19 08:00:00,1.9821666,-6.3286667,-5.2115,417.96317,10.174912,3.5578947,-38.06666666666667,-32.0,493.23333333333335,4.666666666666667,-66666.0,-66666.0,-6.446601
2015-09-19 09:00:00,1.828,-5.4873333,-5.3271666,413.79654,10.958793,3.7537932,-25.633333333333333,-25.0,604.2166666666667,2.6666666666666665,-56666.1,-56666.1,-6.5169888
2015-09-19 10:00:00,3.0475001,-5.8528337,-2.436,412.6216,10.787027,3.6756756,-22.633333333333333,-23.0,349.21666666666664,2.6666666666666665,1.5475108e-09,3.9940454e-07,-6.4016204
2015-09-19 11:00:00,2.45303,-7.3778787,-0.8681818,411.47726,10.961364,3.7127273,-18.083333333333332,-19.0,199.58333333333334,2.6666666666666665,1.6768449e-09,4.2376476e-07,-6.3792386
2015-09-19 12:00:00,1.1505172,-5.388793,-3.7517242,408.286,9.83,3.2744,-16.966666666666665,-20.0,120.93333333333334,1.6666666666666665,1e-09,3.3880315e-07,-6.4701214
2015-09-19 13:00:00,3.5305085,-8.044577,1.3957627,413.82397,8.993401,3.0804,-18.2,-24.0,82.18333333333334,1.6666666666666665,1.7700936e-09,4.4456655e-07,-6.3561234
2015-09-19 14:00:00,2.3294737,-4.326316,6.335614,410.9,9.272889,3.1344445,-16.033333333333335,-24.0,64.46666666666667,1.6666666666666665,1e-09,3.98933e-07,-6.3994775
2015-09-19 15:00:00,3.3721666,-3.5326667,4.7345,420.09827,8.955,3.162586,-14.566666666666666,-23.0,30.533333333333335,0.3333333333333333,1e-09,3.6176476e-07,-6.4417033
2015-09-19 16:00:00,1.826,-2.7733333,4.929167,409.9434,8.199622,2.7586794,-13.316666666666666,-21.0,32.05,0.3333333333333333,1.5529345e-08,5.911646e-07,-6.270632
2015-09-19 17:00:00,2.3528333,-2.6646667,3.9708333,411.7963,7.6072226,2.582037,-11.183333333333334,-18.0,33.916666666666664,0.3333333333333333,1.3621958e-08,8.342494e-07,-6.099082
2015-09-19 18:00:00,-1.0334482,1.6298276,4.6027584,391.23782,5.227027,1.6062162,-11.633333333333333,-18.0,27.966666666666665,1.0,1.003011e-09,4.644144e-07,-6.335907
2015-09-19 19:00:00,0.96266663,-0.18283334,0.35233334,401.1091,8.066364,2.5972726,-5.45,-13.0,47.416666666666664,1.0,1.0344259e-09,5.6835336e-07,-6.2457957
2015-09-19 20:00:00,2.4256666,0.34033334,0.34116665,404.7224,8.530689,2.8063793,-5.65,-11.0,63.35,1.0,1.0946688e-09,5.595927e-07,-6.253095
2015-09-19 21:00:00,-0.9826667,1.2766666,-1.1433333,410.6075,9.14625,3.08475,-5.6,-11.0,76.68333333333334,3.0,6.319461e-08,1.3487186e-06,-5.9112306
2015-09-19 22:00:00,0.72966665,-0.37216666,-0.22866668,433.3342,8.837894,3.3205264,-10.333333333333334,-15.0,227.11666666666667,3.0,2.6054612e-09,6.9820237e-07,-6.1619134
2015-09-19 23:00:00,3.811,-2.7925,0.094666675,442.17776,8.468703,3.3012965,-8.166666666666666,-12.0,317.21666666666664,3.0,1e-09,4.5454516e-07,-6.3444057
2015-09-20 00:00:00,-0.35300002,1.1648333,0.75133336,441.96954,10.132391,3.9619565,-0.2833333333333333,-5.0,203.86666666666667,3.0,1e-09,3.7994906e-07,-6.420566
2015-09-20 01:00:00,-6.8064404,2.9198306,3.125932,437.98364,7.272857,2.7806122,-3.45,-8.0,84.58333333333333,3.0,1e-09,3.304654e-07,-6.481015
2015-09-20 02:00:00,-4.812667,2.5495,0.23850001,448.96484,7.596216,3.0735135,0.85,-4.0,143.18333333333334,3.0,1e-09,3.849905e-07,-6.4157996
2015-09-20 03:00:00,-3.2456605,2.6560378,-3.6796227,449.04678,7.638085,3.0840425,-8.966666666666667,-13.0,498.6166666666667,4.666666666666667,1e-09,3.7976028e-07,-6.4211025
2015-09-20 04:00:00,-5.06283,4.0254717,3.0860376,434.11188,7.4211907,2.7990475,-22.766666666666666,-23.0,532.75,4.666666666666667,3.9863775e-08,6.664207e-07,-6.2904587
2015-09-20 05:00:00,-4.232333,6.3821664,3.8341668,436.7906,7.010943,2.6733963,-23.016666666666666,-22.0,242.7,4.666666666666667,7.110144e-07,6.146051e-06,-5.2955074
2015-09-20 06:00:00,-7.2961664,8.624,-0.23016667,497.89258,9.94537,5.188889,-11.066666666666666,-12.0,529.85,7.0,2.3884514e-09,7.7695296e-07,-6.1369324
2015-09-20 07:00:00,-7.5021667,9.813,-0.65550005,555.17957,10.4972725,6.4399996,-40.13333333333333,-40.0,1223.6833333333334,7.0,7.718593e-09,4.1613285e-07,-6.3818135
2015-09-20 08:00:00,-8.912321,7.1917853,-2.4455357,536.4027,9.595135,5.53027,-62.75,-60.0,860.2166666666667,7.0,-68332.65,-68332.65,-6.4219923
2015-09-20 09:00:00,-8.823818,4.3303638,-1.9445454,532.02094,8.967442,5.0544186,-73.0,-66.0,734.5166666666667,5.333333333333333,-56666.1,-56666.1,-6.1587057
2015-09-20 10:00:00,-5.8822417,5.1351724,-0.49241382,545.49524,6.5842857,3.910238,-75.66666666666667,-75.0,626.8166666666667,5.333333333333333,4.3149933e-09,3.478749e-07,-6.459013
2015-09-20 11:00:00,-5.7814035,4.629298,0.81719303,528.10004,5.581579,3.1260526,-78.13333333333334,-79.0,406.3,5.333333333333333,1e-09,3.408037e-07,-6.4677873
2015-09-20 12:00:00,-5.6899996,6.3801723,0.30068964,532.639,4.57878,2.6065855,-67.68333333333334,-74.0,500.28333333333336,4.333333333333333,1.3839755e-09,4.0509764e-07,-6.3964734
2015-09-20 13:00:00,-7.789,1.6092,-1.9402001,514.7475,3.7165,1.9747499,-63.21666666666667,-66.0,635.0666666666667,4.333333333333333,5.9385434e-09,4.862839e-07,-6.3237658
2015-09-20 14:00:00,-7.5788884,3.5035555,-1.9915556,517.57855,3.1607144,1.6949999,-65.28333333333333,-66.0,815.3,4.333333333333333,3.4591075e-08,8.557115e-07,-6.0803056
2015-09-20 15:00:00,-6.6493335,3.7951112,-1.7624444,544.01,3.4163332,2.025,-66.73333333333333,-81.0,873.4333333333333,5.0,3.691576e-08,1.0616203e-06,-5.9797792
2015-09-20 16:00:00,-4.8569493,4.918305,-1.5562712,560.5333,4.0866666,2.5726666,-58.11666666666667,-73.0,751.0333333333333,5.0,4.1396493e-08,1.327768e-06,-5.882152
2015-09-20 17:00:00,-5.7463636,2.5374546,-2.1347272,548.5333,4.9554763,2.9688096,-52.733333333333334,-64.0,392.55,5.0,6.5261196e-07,4.7780873e-06,-5.6338677
2015-09-20 18:00:00,-5.4169564,-2.2,2.1830435,540.3111,4.9691668,2.901389,-53.9,-62.0,431.6333333333333,2.6666666666666665,1.2747391e-06,1.2719748e-05,-4.9269586
2015-09-20 19:00:00,-6.1309996,-0.9116667,1.6786667,535.85004,4.7622223,2.7385187,-46.483333333333334,-55.0,197.08333333333334,2.6666666666666665,1.774686e-07,4.1263984e-06,-5.3996935
2015-09-20 20:00:00,-5.148644,3.1938984,4.226949,546.2483,4.0329313,2.4087932,-40.483333333333334,-48.0,132.88333333333333,2.6666666666666665,3.9500968e-08,1.837657e-06,-5.7425623
2015-09-20 21:00:00,-4.42,4.3491225,3.1138597,555.052,3.488,2.1556,-38.85,-46.0,90.46666666666667,3.0,5.962095e-09,9.412212e-07,-6.031953
2015-09-20 22:00:00,-5.7632756,2.931724,-1.7113793,530.89557,2.7195554,1.5286667,-36.93333333333333,-42.0,159.65,3.0,1.2969701e-09,6.460137e-07,-6.190713
2015-09-20 23:00:00,-4.942034,3.5288136,0.4457627,534.63684,3.3036842,1.9071053,-42.733333333333334,-44.0,389.4,3.0,2.2419082e-09,5.714825e-07,-6.2464166
2015-09-21 00:00:00,-3.8408475,3.6988134,3.181356,577.425,4.2016664,2.8045833,-43.53333333333333,-42.0,488.6166666666667,3.3333333333333335,5.250865e-08,1.1627192e-06,-6.008522
2015-09-21 01:00:00,-3.707586,1.4670689,4.5475864,552.79803,4.062745,2.5019608,-32.31666666666667,-32.0,257.43333333333334,3.3333333333333335,3.2567384e-09,4.984036e-07,-6.3080897
2015-09-21 02:00:00,-3.980333,0.58266664,1.7421666,553.89606,3.6766665,2.3064706,-30.2,-30.0,438.25,3.3333333333333335,5.370592e-08,8.4017967e-07,-6.233824
2015-09-21 03:00:00,-5.1658335,1.5506667,4.147333,536.1196,3.8054903,2.194902,-32.05,-32.0,322.9,2.6666666666666665,6.298497e-09,4.485229e-07,-6.366008
2015-09-21 04:00:00,-5.5396547,2.369138,1.415,535.52496,2.9322917,1.6820832,-30.016666666666666,-32.0,184.91666666666666,2.6666666666666665,8.210548e-09,5.1521477e-07,-6.3202257
2015-09-21 05:00:00,-3.393793,1.7144828,3.5313792,569.25653,3.0158694,1.9584782,-33.11666666666667,-35.0,136.28333333333333,2.6666666666666665,1.2664073e-07,1.5041313e-06,-5.995371
2015-09-21 06:00:00,-0.226,2.8916667,6.04,608.69257,2.9407408,2.1812963,-30.683333333333334,-31.0,176.6,1.6666666666666665,1e-09,4.287061e-07,-6.372689
2015-09-21 07:00:00,-3.060517,2.3734484,4.7386208,589.9574,2.9964814,2.088889,-29.383333333333333,-26.0,79.33333333333333,1.6666666666666665,1e-09,3.427532e-07,-6.465348
2015-09-21 08:00:00,-4.795833,1.5628333,5.4391665,575.6778,2.6498148,1.7648149,-27.4,-23.0,41.916666666666664,1.6666666666666665,-68332.65,-68332.65,-6.5227494
2015-09-21 09:00:00,-7.1505,1.9816667,2.9438334,559.2712,2.2942374,1.4394915,-27.2,-24.0,38.1,2.3333333333333335,-54999.45,-54999.45,-6.5033784
2015-09-21 10:00:00,-3.5138333,0.034,3.7178335,551.8803,5.0760717,3.0939286,-17.55,-17.0,72.7,2.3333333333333335,1e-09,3.40523e-07,-6.4711237
2015-09-21 11:00:00,3.1291666,-1.5821667,3.5748334,542.9524,3.1183333,1.8283334,-21.7,-21.0,37.4,2.3333333333333335,1e-09,3.333389e-07,-6.4779043
2015-09-21 12:00:00,2.6586668,-0.49883333,4.245667,539.1963,4.2183332,2.4162962,-15.533333333333333,-19.0,40.38333333333333,1.6666666666666665,1e-09,2.9360675e-07,-6.5324254
2015-09-21 13:00:00,-1.3165,-0.42833334,3.7071664,516.2862,6.117931,3.2649999,-9.566666666666666,-17.0,58.3,1.6666666666666665,1.0483305e-09,3.769189e-07,-6.4294024
2015-09-21 14:00:00,-3.2588334,-0.497,2.5768332,509.60516,5.2427583,2.7193103,-15.35,-25.0,46.833333333333336,1.6666666666666665,1.0046902e-09,3.9182126e-07,-6.4097705
2015-09-21 15:00:00,-4.133,-1.1328334,1.2601666,517.31177,4.835686,2.5882354,-16.716666666666665,-28.0,27.95,1.6666666666666665,1e-09,3.102109e-07,-6.5097294
2015-09-21 16:00:00,-4.5631666,-0.4883333,0.66950005,513.10004,3.9264584,2.0677083,-18.416666666666668,-30.0,60.88333333333333,1.6666666666666665,-21666.45,-21666.45,-6.535729
2015-09-21 17:00:00,-3.9893334,0.16883333,1.756,516.2724,5.600862,2.9848275,-17.05,-26.0,121.16666666666667,1.6666666666666665,1e-09,2.9546683e-07,-6.531326
2015-09-21 18:00:00,-4.122,0.17733334,1.2256666,511.43393,5.4232144,2.8392856,-18.3,-25.0,43.53333333333333,1.0,1.4719583e-09,3.608038e-07,-6.4446545
2015-09-21 19:00:00,-4.1818333,-0.040000003,1.0283333,506.3356,4.8672886,2.495932,-18.6,-23.0,60.733333333333334,1.0,1e-09,2.9524205e-07,-6.5304675
2015-09-21 20:00:00,-3.9403334,-0.077,1.7246667,501.565,4.948833,2.4908333,-14.633333333333333,-18.0,27.4,1.0,1e-09,2.9061766e-07,-6.53683
2015-09-21 21:00:00,-3.8904998,0.24233334,2.1126666,491.2,4.2695003,2.0625,-13.383333333333333,-16.0,25.916666666666668,1.0,1e-09,3.0804486e-07,-6.5126824
2015-09-21 22:00:00,-3.9163332,-0.45833334,2.9626665,481.79642,3.6419642,1.6830357,-14.583333333333334,-18.0,24.416666666666668,1.0,1e-09,2.8282435e-07,-6.548827
2015-09-21 23:00:00,-4.065167,-0.42033333,3.5253334,470.91702,5.915107,2.6219149,-7.216666666666667,-12.0,27.1,1.0,1e-09,2.9059524e-07,-6.53687
2015-09-22 00:00:00,-1.0485,-1.7033333,3.3504999,477.17886,8.051538,3.686923,-1.4,-7.0,38.31666666666667,2.3333333333333335,1e-09,2.826657e-07,-6.549243
2015-09-22 01:00:00,4.6691666,-3.9701667,2.6398332,492.03394,6.2391076,3.0162501,-4.616666666666666,-7.0,44.46666666666667,2.3333333333333335,1e-09,2.6565118e-07,-6.5757766
2015-09-22 02:00:00,1.9659321,-3.5088136,3.3849154,511.7356,5.5230513,2.897288,-5.333333333333333,-7.0,53.666666666666664,2.3333333333333335,1e-09,2.937773e-07,-6.532469
2015-09-22 03:00:00,3.2331667,-4.3523335,-0.43883333,575.3386,5.6027274,3.671591,-6.183333333333334,-6.0,78.16666666666667,2.3333333333333335,1e-09,2.7818848e-07,-6.5563245
2015-09-22 04:00:00,4.8946667,-5.338,1.09,602.28986,4.615932,3.349661,-7.05,-6.0,118.96666666666667,2.3333333333333335,1e-09,2.6072925e-07,-6.5838923
2015-09-22 05:00:00,6.3846664,-3.6921666,-1.7828333,604.07776,4.047037,2.9603703,-9.8,-10.0,90.48333333333333,2.3333333333333335,1e-09,2.8157916e-07,-6.55272
2015-09-22 06:00:00,5.1255,-3.3985,-1.453,611.0625,4.6616664,3.4797916,-12.866666666666667,-13.0,108.9,3.6666666666666665,1e-09,2.9558265e-07,-6.529553
2015-09-22 07:00:00,4.572881,-1.8549153,-0.57288134,631.57355,4.2584906,3.371887,-25.766666666666666,-24.0,419.53333333333336,3.6666666666666665,3.947218e-09,2.874849e-07,-6.541467
2015-09-22 08:00:00,2.8716667,-2.1021667,1.7238333,638.29816,3.3849092,2.759091,-26.383333333333333,-20.0,515.1666666666666,3.6666666666666665,-69999.3,-69999.3,-6.5210795
2015-09-22 09:00:00,4.13,-3.3948333,0.9788333,626.5228,3.4570177,2.714035,-20.566666666666666,-18.0,141.93333333333334,1.6666666666666665,-54999.45,-54999.45,-6.562222
2015-09-22 10:00:00,0.95600003,-3.152,2.4713333,617.0621,3.7631032,2.8637931,-16.766666666666666,-17.0,60.75,1.6666666666666665,1e-09,3.3136874e-07,-6.4825635
2015-09-22 11:00:00,0.033666663,-3.335,3.7441666,607.8434,3.7776668,2.7965,-11.55,-13.0,60.483333333333334,1.6666666666666665,1.0256344e-09,3.2741622e-07,-6.4857893
2015-09-22 12:00:00,3.4463334,-4.2138333,0.19983333,597.7547,3.9801886,2.844151,-9.566666666666666,-12.0,45.03333333333333,2.6666666666666665,1e-09,2.8720507e-07,-6.542094
2015-09-22 13:00:00,4.291,-3.5530002,-1.3843333,603.0558,3.964423,2.886346,-12.55,-15.0,161.18333333333334,2.6666666666666665,1e-09,2.698038e-07,-6.5693607
2015-09-22 14:00:00,3.5636668,-0.97150004,0.13566665,607.8051,3.2147458,2.3752542,-17.45,-20.0,196.05,2.6666666666666665,1.0108241e-09,2.9186796e-07,-6.5357804
2015-09-22 15:00:00,1.209,0.19966666,0.243,592.94,3.3207998,2.3336,-14.483333333333333,-18.0,130.85,2.0,1.0779136e-09,3.5062936e-07,-6.459003
2015-09-22 16:00:00,1.3306668,0.5478333,2.0385,586.0158,3.3771052,2.3184211,-11.25,-17.0,90.71666666666667,2.0,1.000346e-09,3.2717816e-07,-6.4881344
2015-09-22 17:00:00,2.869,0.44750002,0.41616666,579.52716,2.9803388,2.0025425,-11.333333333333334,-18.0,109.85,2.0,1.0985082e-09,3.3326646e-07,-6.4820743
2015-09-22 18:00:00,4.5945,0.46383333,-0.565,562.7271,2.588644,1.6444068,-17.216666666666665,-21.0,208.58333333333334,1.6666666666666665,1e-09,2.945583e-07,-6.531007
2015-09-22 19:00:00,4.389,-0.9335,-0.33466667,556.5379,2.4205172,1.5005172,-22.566666666666666,-25.0,189.0,1.6666666666666665,1e-09,2.894957e-07,-6.5387053
2015-09-22 20:00:00,4.4278336,-0.95633334,1.6225,553.4188,2.3645282,1.4492452,-22.95,-24.0,63.96666666666667,1.6666666666666665,1e-09,3.3365487e-07,-6.4784384
2015-09-22 21:00:00,2.9821665,-0.33183333,2.346,532.6314,2.9954903,1.6982353,-18.083333333333332,-19.0,37.5,1.3333333333333333,1e-09,3.114057e-07,-6.5075836
2015-09-22 22:00:00,3.632692,-0.09730769,2.4657693,512.7533,3.2433333,1.712,-16.4,-18.0,38.18333333333333,1.3333333333333333,1.0019614e-09,3.4218849e-07,-6.468363
2015-09-22 23:00:00,,,,,,,-15.133333333333333,-17.0,24.35,1.3333333333333333,1e-09,3.5789697e-07,-6.4473314
2015-09-23 00:00:00,,,,,,,-11.25,-15.0,40.53333333333333,1.3333333333333333,1.000346e-09,3.6097842e-07,-6.4443874
2015-09-23 01:00:00,3.9656522,-1.7469566,0.943913,475.3222,3.0333333,1.3716667,-8.55,-13.0,34.25,1.3333333333333333,1e-09,3.5232208e-07,-6.4538784
2015-09-23 02:00:00,3.0643334,-2.0805001,1.5028332,471.82068,4.150345,1.8506896,-5.216666666666667,-8.0,34.53333333333333,1.3333333333333333,1e-09,3.5863775e-07,-6.44817
2015-09-23 03:00:00,2.1615,-3.001,1.69,477.93332,5.71,2.6066668,-0.85,-1.0,31.3,1.6666666666666665,1.4213023e-09,3.2793716e-07,-6.4910836
2015-09-23 04:00:00,0.86366665,-1.1908334,1.4664999,502.14468,4.836383,2.4385107,-4.85,-3.0,29.566666666666666,1.6666666666666665,1e-09,3.1353358e-07,-6.503883
2015-09-23 05:00:00,-1.1675556,-1.6402222,3.0675557,515.1949,4.8146157,2.5510256,-3.05,-2.0,31.816666666666666,1.6666666666666665,2.1060153e-08,6.555087e-07,-6.248541
2015-09-23 06:00:00,-4.362586,-3.164138,3.250345,523.5857,6.286531,3.4595919,-2.5166666666666666,0.0,35.05,3.3333333333333335,1e-09,3.7511725e-07,-6.4264374
2015-09-23 07:00:00,-6.083559,3.320339,-0.3123729,537.20197,7.100785,4.1011767,-1.2333333333333334,2.0,78.46666666666667,3.3333333333333335,3.426102e-08,6.389185e-07,-6.332015
2015-09-23 08:00:00,2.8073335,1.2628332,-3.3728333,487.8772,7.1266665,3.4036841,-12.416666666666666,-7.0,430.56666666666666,3.3333333333333335,-69999.3,-69999.3,-6.501392
2015-09-23 09:00:00,7.4691668,0.15516667,-4.313333,496.5695,4.4223733,2.1894915,-21.966666666666665,-18.0,601.7666666666667,3.0,-54999.45,-54999.45,-6.5092783
2015-09-23 10:00:00,4.7388134,-3.1652544,-2.7477965,510.4617,5.444894,2.833617,-25.85,-23.0,548.2666666666667,3.0,1.8022071e-08,5.023898e-07,-6.3735304
2015-09-23 11:00:00,3.509388,2.0812244,-0.14897959,501.18332,6.9483333,3.491,-25.316666666666666,-27.0,503.71666666666664,3.0,9.357379e-09,4.6999494e-07,-6.356589
2015-09-23 12:00:00,6.81,-1.3598306,1.3137288,489.56378,6.435862,3.0884483,-23.933333333333334,-27.0,323.53333333333336,2.3333333333333335,2.3545632e-09,4.4402998e-07,-6.3537498
2015-09-23 13:00:00,7.303167,-4.865667,1.6713333,483.6772,6.5084214,3.0447369,-17.8,-24.0,68.43333333333334,2.3333333333333335,2.5401852e-09,5.3371025e-07,-6.2747297
2015-09-23 14:00:00,1.8153448,-3.671207,6.04,502.48697,6.273478,3.1708696,-13.216666666666667,-22.0,99.18333333333334,2.3333333333333335,2.4413223e-08,5.946576e-07,-6.265615
2015-09-23 15:00:00,-7.3698335,5.6583333,3.1653333,528.3696,3.3655357,1.8841072,-16.233333333333334,-27.0,87.98333333333333,3.6666666666666665,1.0170363e-09,4.262693e-07,-6.373833
2015-09-23 16:00:00,0.7111864,5.2722034,-4.42322,510.81836,4.825306,2.519796,-14.483333333333333,-24.0,219.1,3.6666666666666665,1.6226366e-09,5.5400164e-07,-6.2582335
2015-09-23 17:00:00,7.9179997,-2.2775,-3.8605,513.551,2.862449,1.5430613,-34.31666666666667,-42.0,970.6333333333333,3.6666666666666665,1.0737193e-08,5.469288e-07,-6.2736034
2015-09-23 18:00:00,4.1776667,-5.8421664,0.6655,534.40344,5.0148273,2.8598275,-25.1,-40.0,469.78333333333336,3.3333333333333335,3.1997647e-08,7.116275e-07,-6.2087345
2015-09-23 19:00:00,1.3145001,-8.052834,1.7985001,524.7368,4.7117543,2.5929825,-17.0,-32.0,161.6,3.3333333333333335,3.913935e-08,1.0144954e-06,-6.013283
2015-09-23 20:00:00,0.3868333,-8.225666,3.2735,504.5566,4.9390564,2.5137734,-12.566666666666666,-23.0,24.65,3.3333333333333335,-6666.6,-6666.6,-6.1871333
2015-09-23 21:00:00,-0.5793333,-6.2330003,4.3658338,492.7586,5.1693106,2.5127587,-13.8,-19.0,43.28333333333333,1.3333333333333333,1e-09,3.4059263e-07,-6.4700155
2015-09-23 22:00:00,-0.59599996,-8.187167,2.8168333,480.00742,3.742037,1.726111,-16.566666666666666,-22.0,28.166666666666668,1.3333333333333333,1.7374528e-09,3.6116424e-07,-6.452339
2015-09-23 23:00:00,0.3986441,-5.1788135,1.6098306,472.41873,4.4325,1.9741668,-14.533333333333333,-20.0,35.833333333333336,1.3333333333333333,1e-09,3.200153e-07,-6.496016
2015-09-24 00:00:00,1.681,3.8088334,3.1261668,468.05792,7.2305264,3.167544,-9.683333333333334,-13.0,57.25,2.6666666666666665,1e-09,3.7823784e-07,-6.424557
2015-09-24 01:00:00,1.0473684,5.0140347,1.7817544,458.86398,7.5758,3.1834,-8.25,-11.0,58.28333333333333,2.6666666666666665,1e-09,3.6013475e-07,-6.4440165
2015-09-24 02:00:00,2.372931,4.714138,1.1691378,447.60638,7.0434046,2.8225532,-12.283333333333333,-16.0,256.4,2.6666666666666665,1e-09,3.3867565e-07,-6.471366
2015-09-24 03:00:00,2.1489284,5.6569643,0.94964284,446.06473,7.6419606,3.0380392,-14.6,-14.0,442.5833333333333,2.3333333333333335,2.4274511e-09,5.3555897e-07,-6.275879
2015-09-24 04:00:00,5.2283335,2.2413332,-1.1545001,448.48447,7.742586,3.1122413,-19.95,-17.0,273.3666666666667,2.3333333333333335,1.5514986e-09,4.877109e-07,-6.314697
2015-09-24 05:00:00,1.9050001,1.975,0.17683332,434.77722,5.694035,2.1989472,-27.133333333333333,-22.0,227.15,2.3333333333333335,1.0164758e-09,4.267984e-07,-6.374047
2015-09-24 06:00:00,0.07033899,3.4254239,1.5061017,422.07236,5.55234,1.9810638,-28.45,-24.0,166.35,1.6666666666666665,1e-09,3.4195094e-07,-6.4672327
2015-09-24 07:00:00,-2.1645763,1.2644068,2.6644068,421.77634,5.173636,1.8312727,-24.183333333333334,-20.0,85.86666666666666,1.6666666666666665,1e-09,3.105088e-07,-6.508535
2015-09-24 08:00:00,2.665,0.17733334,-0.27549997,441.98364,3.5474546,1.3674545,-23.2,-19.0,51.95,1.6666666666666665,-71665.95,-71665.95,-6.37679
2015-09-24 09:00:00,5.8185716,-2.718036,-0.40232143,459.0255,2.7756863,1.1645098,-22.95,-21.0,84.88333333333334,1.0,-54999.45,-54999.45,-6.5191226
2015-09-24 10:00:00,6.4045,-0.2355,-0.9153334,455.64575,2.7618644,1.1447458,-20.966666666666665,-22.0,109.98333333333333,1.0,1e-09,3.4328693e-07,-6.4647446
2015-09-24 11:00:00,5.127333,-3.4511666,-1.5661666,464.1018,2.663091,1.1465455,-18.483333333333334,-20.0,105.16666666666667,1.0,1.7355927e-09,3.5364047e-07,-6.4634113
2015-09-24 12:00:00,3.8653333,-4.5593333,-0.52533334,462.60406,3.0555103,1.3053061,-16.666666666666668,-19.0,137.01666666666668,1.0,1e-09,3.8249175e-07,-6.4252515
2015-09-24 13:00:00,5.1345,-3.6021667,-0.62983334,448.4475,3.889,1.55675,-14.616666666666667,-20.0,66.15,1.0,1e-09,3.5040435e-07,-6.457487
2015-09-24 14:00:00,3.1618645,-4.712712,-0.58372885,455.31372,4.4329414,1.837451,-11.6,-19.0,62.86666666666667,1.0,1e-09,2.8624123e-07,-6.54421
2015-09-24 15:00:00,1.6488334,-5.068,-1.531,471.14908,4.081132,1.8126415,-7.366666666666666,-14.0,63.06666666666667,1.0,1.0060734e-09,4.5740015e-07,-6.344481
2015-09-24 16:00:00,2.7386668,-4.4108334,-1.3145001,459.87454,4.3236365,1.8283635,-9.233333333333333,-14.0,161.06666666666666,1.0,1.1340578e-09,4.5090977e-07,-6.353602
2015-09-24 17:00:00,4.891667,0.04499999,-1.2061667,454.70172,4.3225865,1.7856896,-12.066666666666666,-17.0,106.26666666666667,1.0,1.0205673e-09,3.583873e-07,-6.4496427
2015-09-24 18:00:00,5.900167,2.0218332,0.40583333,454.68134,3.7601695,1.5530508,-17.8,-24.0,143.33333333333334,1.6666666666666665,1.4087381e-09,4.1056765e-07,-6.3907638
2015-09-24 19:00:00,6.049667,0.25016665,-0.11033333,445.925,4.0795,1.622,-19.45,-26.0,99.38333333333334,1.6666666666666665,1e-09,3.229273e-07,-6.4933653
2015-09-24 20:00:00,3.8577585,-0.65603447,-2.187069,461.6389,4.1709256,1.7800001,-16.566666666666666,-22.0,102.51666666666667,1.6666666666666665,1e-09,2.9186887e-07,-6.5350046
2015-09-24 21:00:00,2.3033333,-6.253667,-0.8283333,464.83334,4.6537037,2.0107408,-13.933333333333334,-18.0,216.5,2.3333333333333335,1.5019168e-08,5.4112496e-07,-6.3378015
2015-09-24 22:00:00,2.1154237,-5.374068,-1.1422033,471.7845,4.8093104,2.1427586,-8.7,-17.0,102.85,2.3333333333333335,1.0582987e-09,3.8714072e-07,-6.416098
2015-09-24 23:00:00,-1.2466666,-4.8075004,0.84933335,498.5919,4.8232436,2.4005406,-5.116666666666666,-13.0,83.63333333333334,2.3333333333333335,6.591002e-08,1.1034851e-06,-6.1207786
2015-09-25 00:00:00,-0.8596667,-5.7796664,-0.8836667,496.17545,4.773333,2.3463159,-3.8833333333333333,-10.0,71.45,2.0,2.5806196e-08,1.0743221e-06,-6.0207653
2015-09-25 01:00:00,1.4638333,-4.9830003,-1.1825,487.67502,5.1869645,2.45625,-5.95,-11.0,77.53333333333333,2.0,1.0185415e-09,4.798226e-07,-6.320607
2015-09-25 02:00:00,-3.9889998,-4.0625,2.1291666,499.70862,4.926724,2.4567242,-4.6,-8.0,127.03333333333333,2.0,7.509944e-09,6.2792265e-07,-6.213013
2015-09-25 03:00:00,0.18527272,-4.202,0.162,505.82306,5.2523074,2.68359,-1.25,-2.0,59.11666666666667,1.6666666666666665,1e-09,5.48389e-07,-6.261232
2015-09-25 04:00:00,3.857931,-1.8156896,-2.0175862,485.26514,5.8813953,2.7688372,-2.95,-3.0,37.95,1.6666666666666665,1e-09,4.5307465e-07,-6.3442273
2015-09-25 05:00:00,2.189091,-2.6272728,0.78490907,492.92093,6.2911625,3.0551162,-1.8333333333333333,-2.0,54.483333333333334,1.6666666666666665,2.6852687e-09,5.478024e-07,-6.2736983
2015-09-25 06:00:00,2.2261667,-2.4761665,0.23716667,490.18967,5.5931034,2.6860344,-0.95,-2.0,80.15,1.3333333333333333,1e-09,4.1918395e-07,-6.3787637
2015-09-25 07:00:00,1.196,-1.827,1.0288333,492.7517,5.1951723,2.5079312,-2.6666666666666665,-3.0,54.05,1.3333333333333333,1.0079633e-09,4.7436043e-07,-6.324657
2015-09-25 08:00:00,0.57051724,-2.5196552,0.39172414,484.45282,5.2360377,2.4271698,-2.15,-2.0,36.6,1.3333333333333333,-71665.95,-71665.95,-6.372117
2015-09-25 09:00:00,5.0285,1.4833333,-2.3031666,450.45712,6.2164283,2.5235715,-2.966666666666667,-4.0,171.06666666666666,2.3333333333333335,-53332.8,-53332.8,-6.4437075
2015-09-25 10:00:00,4.7813334,2.6971667,-2.7225,450.42035,6.2240677,2.5242374,-8.1,-11.0,484.95,2.3333333333333335,1.818408e-09,3.8747618e-07,-6.412076
2015-09-25 11:00:00,3.2522035,1.9267796,-0.79677963,457.52856,6.0319643,2.5248215,-12.816666666666666,-16.0,681.9833333333333,2.3333333333333335,6.9882393e-09,4.1242842e-07,-6.384949
2015-09-25 12:00:00,1.4455556,1.0162963,-1.2631482,464.93,6.1618,2.6626,-15.583333333333334,-20.0,345.3833333333333,3.0,2.2881228e-09,4.2678127e-07,-6.371676
2015-09-25 13:00:00,3.257551,0.3846939,-1.8265306,461.62915,6.127917,2.6108334,-11.616666666666667,-17.0,442.51666666666665,3.0,7.591499e-09,5.246491e-07,-6.282966
2015-09-25 14:00:00,2.4994001,-2.7124,1.661,467.35403,5.679189,2.4818919,-7.783333333333333,-16.0,272.6166666666667,3.0,3.0222465e-09,4.6511587e-07,-6.3341374
2015-09-25 15:00:00,0.17745762,-4.0137286,2.1835594,476.2,5.984737,2.713684,-3.566666666666667,-14.0,76.85,0.6666666666666666,1.0710064e-08,7.5569284e-07,-6.126498
2015-09-25 16:00:00,-0.7205,-5.348,1.6883334,477.58865,5.0932074,2.3220754,-3.216666666666667,-13.0,34.15,0.6666666666666666,1.0640581e-09,5.2452845e-07,-6.2826853
2015-09-25 17:00:00,-0.07084746,-3.8013558,2.0001695,477.6849,5.217924,2.383585,-3.55,-12.0,25.633333333333333,0.6666666666666666,3.034562e-09,5.1007277e-07,-6.2994394
2015-09-25 18:00:00,3.6515,-1.8713334,2.6296666,464.14285,4.3942857,1.8933928,-7.0,-15.0,21.616666666666667,0.3333333333333333,1.5683302e-09,4.6116185e-07,-6.338481
2015-09-25 19:00:00,3.3457625,-2.9606779,0.16084746,456.94696,4.4165306,1.842653,-7.166666666666667,-12.0,20.65,0.3333333333333333,1e-09,4.5976316e-07,-6.3379717
2015-09-25 20:00:00,4.0539656,-2.5701725,0.67913795,451.5415,4.460566,1.8183019,-9.283333333333333,-12.0,30.233333333333334,0.3333333333333333,8.302283e-09,5.8957914e-07,-6.254412
2015-09-25 21:00:00,2.4105,-4.2328334,-0.43733332,454.89615,4.8036537,1.9875,-10.183333333333334,-12.0,29.266666666666666,1.3333333333333333,1e-09,4.1005848e-07,-6.3874645
2015-09-25 22:00:00,1.37625,-5.1150002,-0.29107141,465.80783,4.9566665,2.1521568,-6.316666666666666,-10.0,82.58333333333333,1.3333333333333333,3.2740795e-09,5.3780644e-07,-6.2767367
2015-09-25 23:00:00,3.9360344,-3.3789654,-1.3796551,446.8674,5.2765217,2.1045651,-4.416666666666667,-9.0,73.23333333333333,1.3333333333333333,1e-09,4.4117647e-07,-6.356525
2015-09-26 00:00:00,-1.6248076,-4.325,1.7721155,467.61395,4.785116,2.0900002,-2.933333333333333,-9.0,62.266666666666666,1.3333333333333333,8.253578e-09,6.810173e-07,-6.1820164
2015-09-26 01:00:00,-4.929167,-2.8483331,1.4913334,479.76334,4.097833,1.8865,-4.6,-9.0,38.35,1.3333333333333333,1.1061606e-08,5.841788e-07,-6.271817
2015-09-26 02:00:00,-0.20465519,-4.9381037,0.05586207,479.15964,4.2775,1.9653846,-2.95,-3.0,39.95,1.3333333333333333,1.0010379e-09,4.0263373e-07,-6.397052
2015-09-26 03:00:00,-0.45433334,-4.351,0.6483334,472.36896,4.4718966,1.9881034,-3.7666666666666666,-3.0,42.71666666666667,0.6666666666666666,1.0906108e-09,4.5958384e-07,-6.339574
2015-09-26 04:00:00,1.9520339,-3.8381355,-0.41084746,458.96155,5.042308,2.1238463,-3.8,-5.0,56.233333333333334,0.6666666666666666,8.336972e-09,5.7654984e-07,-6.259284
2015-09-26 05:00:00,-1.2395,-3.3976667,1.62,458.34256,4.7312765,1.9846808,-5.0,-7.0,53.016666666666666,0.6666666666666666,2.5934292e-09,5.3879444e-07,-6.2756534
2015-09-26 06:00:00,1.4533899,-3.6527119,0.7076271,444.0098,4.5929413,1.810196,-6.866666666666666,-8.0,20.366666666666667,0.3333333333333333,3.1488634e-09,5.1176016e-07,-6.299735
2015-09-26 07:00:00,2.588,-1.0658333,1.5808333,428.54425,3.8548076,1.4165384,-7.666666666666667,-7.0,14.883333333333333,0.3333333333333333,1.2335355e-09,5.283111e-07,-6.280998
2015-09-26 08:00:00,3.9457629,-0.6325424,1.0061017,429.392,4.323,1.5956,-7.116666666666666,-7.0,17.0,0.3333333333333333,-73332.6,-73332.6,-6.307774
2015-09-26 09:00:00,3.791,-2.6736667,0.3885,425.7,4.587551,1.6620408,-7.05,-8.0,21.066666666666666,0.3333333333333333,-51666.15,-51666.15,-6.3495626
2015-09-26 10:00:00,3.8059323,-1.2177966,0.9347458,418.68802,4.66,1.6334,-7.716666666666667,-9.0,28.4,0.3333333333333333,1.5802837e-09,4.90509e-07,-6.312599
2015-09-26 11:00:00,1.3698334,-2.8576665,1.8628333,420.3898,4.8185716,1.702245,-5.5,-8.0,34.083333333333336,0.3333333333333333,1e-09,4.368898e-07,-6.3607426
2015-09-26 12:00:00,1.2956666,-4.2186666,1.6935,415.53555,4.661333,1.6115557,-2.8833333333333333,-5.0,30.183333333333334,0.3333333333333333,5.9731575e-09,6.5716574e-07,-6.1982927
2015-09-26 13:00:00,-0.4103333,-4.1803336,1.4646666,425.4375,5.2885714,1.9173214,-0.25,-3.0,26.866666666666667,0.3333333333333333,1.0235949e-09,5.901075e-07,-6.2319736
2015-09-26 14:00:00,2.3778334,-1.7811667,0.25016668,420.60437,5.473261,1.9428262,0.7833333333333333,-5.0,36.38333333333333,0.3333333333333333,1e-09,4.889111e-07,-6.3112774
2015-09-26 15:00:00,2.6561403,-2.8649123,1.9775438,412.21924,5.917115,2.0121152,1.6166666666666667,-7.0,46.3,1.6666666666666665,1e-09,4.2779737e-07,-6.369385
2015-09-26 16:00:00,4.4043336,-1.8185,-1.1858333,403.44714,5.617736,1.8290566,1.7333333333333334,-8.0,60.166666666666664,1.6666666666666665,1e-09,4.157456e-07,-6.381445
2015-09-26 17:00:00,4.076441,-1.8262712,-1.5010169,403.26938,5.3844895,1.7512244,1.9166666666666667,-10.0,197.9,1.6666666666666665,1.0320839e-09,4.2921502e-07,-6.369495
2015-09-26 18:00:00,3.9995,1.5751667,-1.8301666,407.99667,5.1265,1.707,1.25,-10.0,267.6166666666667,2.0,1.4506712e-09,4.2318544e-07,-6.3752923
2015-09-26 19:00:00,3.4701667,1.6503334,-1.0671667,409.65924,5.2561107,1.7627778,-1.4333333333333333,-10.0,158.55,2.0,1.4022233e-09,4.3370883e-07,-6.3648586
2015-09-26 20:00:00,1.0225,-2.9163332,0.79833335,417.656,5.3734,1.8738,-5.566666666666666,-12.0,249.85,2.0,1.6605439e-09,5.071778e-07,-6.298806
2015-09-26 21:00:00,1.828644,-2.7340677,0.96,410.97043,5.5070453,1.8620454,-2.1,-8.0,40.15,1.3333333333333333,1.0053586e-09,5.420459e-07,-6.266402
2015-09-26 22:00:00,3.0331578,-2.2222807,-0.17614035,403.38602,5.2318,1.7012,-2.183333333333333,-7.0,23.033333333333335,1.3333333333333333,1.2033036e-09,4.6361882e-07,-6.335541
2015-09-26 23:00:00,1.0353333,-4.434,0.66866666,410.74313,4.95,1.6694118,-1.2333333333333334,-5.0,66.0,1.3333333333333333,1.3192357e-09,5.3206736e-07,-6.2784824
2015-09-27 00:00:00,3.1485,-4.109667,-1.5268333,416.0566,4.011887,1.3871697,-1.5,-7.0,38.65,0.6666666666666666,4.256617e-09,7.478041e-07,-6.129213
2015-09-27 01:00:00,3.5024998,-4.4873333,0.008666664,413.11185,3.841695,1.3108474,-1.9333333333333333,-7.0,36.46666666666667,0.6666666666666666,1.0170059e-09,5.833137e-07,-6.2356505
2015-09-27 02:00:00,3.9620001,-4.2252727,-0.68454546,413.69446,3.8698149,1.3248148,-2.3666666666666667,-6.0,26.216666666666665,0.6666666666666666,2.0314492e-09,5.9457057e-07,-6.22811
2015-09-27 03:00:00,2.2768965,-3.1925862,-1.4436206,424.38913,4.5295653,1.6326087,-1.3666666666666667,-2.0,34.88333333333333,1.0,3.4538667e-09,6.063594e-07,-6.2256174
2015-09-27 04:00:00,0.7406666,-4.3275,-2.3198333,429.2552,4.5008616,1.6587931,-2.1,-3.0,85.35,1.0,1.0205816e-09,5.730778e-07,-6.24288
2015-09-27 05:00:00,-0.59816664,-4.830167,1.1406667,431.59332,4.5049996,1.6788334,-3.966666666666667,-5.0,67.55,1.0,1.6711915e-09,5.82827e-07,-6.2361484
2015-09-27 06:00:00,-1.2711666,-3.1001666,3.6269999,431.56726,4.131207,1.5396552,-1.4666666666666666,-3.0,28.066666666666666,0.6666666666666666,1.4825144e-08,7.357159e-07,-6.180035
2015-09-27 07:00:00,-0.19105262,-4.0485964,-2.6477194,424.84723,5.2683334,1.9013888,0.1,1.0,61.833333333333336,0.6666666666666666,2.7243443e-08,9.511019e-07,-6.046241
2015-09-27 08:00:00,0.48766667,-4.055333,2.2585,424.61185,4.7640676,1.7198305,-1.4333333333333333,1.0,65.05,0.6666666666666666,-73332.6,-73332.6,-5.885056
2015-09-27 09:00:00,2.4054236,-3.3225424,0.12254237,412.63956,4.8020835,1.6341667,-1.8,1.0,36.68333333333333,0.3333333333333333,-53332.8,-53332.8,-6.201017
2015-09-27 10:00:00,1.1013334,-4.5095,-0.4305,421.1077,4.9084616,1.7417308,-1.1666666666666667,0.0,32.21666666666667,0.3333333333333333,5.2989634e-07,4.1000803e-06,-5.691261
2015-09-27 11:00:00,1.127931,-4.5008616,-0.93396556,422.8714,5.0742855,1.8177551,-2.316666666666667,-3.0,35.96666666666667,0.3333333333333333,7.156459e-08,2.0827558e-06,-5.7032785
2015-09-27 12:00:00,-0.031500004,-4.3085003,0.74050003,427.01065,4.7093616,1.7234043,-2.5166666666666666,-5.0,44.35,0.3333333333333333,4.668788e-08,1.3520117e-06,-5.8936377
2015-09-27 13:00:00,1.8777193,-3.8275437,1.5661403,411.52127,4.639362,1.5706383,-0.4,-7.0,49.483333333333334,0.3333333333333333,3.78208e-08,1.309863e-06,-5.898203
2015-09-27 14:00:00,0.3860377,-4.292453,0.98679245,419.26596,4.846383,1.7059574,0.8,-7.0,38.61666666666667,0.3333333333333333,2.6021167e-08,1.067014e-06,-5.9817743
2015-09-27 15:00:00,0.8075,-4.8375,1.2823334,411.16528,4.39449,1.4865307,-0.8,-7.0,34.8,0.3333333333333333,1.07593074e-07,1.8844962e-06,-5.772069
2015-09-27 16:00:00,1.132807,-4.445965,-0.4268421,406.7353,4.832745,1.6029412,0.26666666666666666,-6.0,42.016666666666666,0.3333333333333333,1.08757355e-07,2.0281593e-06,-5.7170587
2015-09-27 17:00:00,-0.23383333,-4.2985,2.707,409.23166,4.4985,1.5065,1.6833333333333333,-6.0,32.516666666666666,0.3333333333333333,8.115673e-08,1.6540968e-06,-5.8168225
2015-09-27 18:00:00,-0.09166667,-4.3463335,1.7521666,408.5052,4.4751725,1.4937931,2.8333333333333335,-6.0,32.15,1.3333333333333333,1.09751404e-07,1.7297999e-06,-5.8252497
2015-09-27 19:00:00,0.7741667,-4.310167,-0.42333332,402.01724,4.3060346,1.3932759,3.1166666666666667,-5.0,41.083333333333336,1.3333333333333333,1.7536088e-07,2.3178065e-06,-5.698229
2015-09-27 20:00:00,0.396,-3.669,-0.048833337,404.88394,4.223214,1.3867857,-0.25,-7.0,83.98333333333333,1.3333333333333333,1.7414631e-07,2.4727028e-06,-5.6959543
2015-09-27 21:00:00,-0.9205,-3.767,0.64000005,411.8528,4.2620754,1.4507548,-0.2833333333333333,-8.0,41.38333333333333,1.3333333333333333,3.0331645e-07,3.8032902e-06,-5.487139
2015-09-27 22:00:00,0.8435593,-2.7171185,0.25966102,402.10385,4.188654,1.3546154,0.1,-10.0,32.61666666666667,1.3333333333333333,2.0790448e-08,1.2001165e-06,-5.9247465
2015-09-27 23:00:00,-0.68877554,-3.0618367,-1.0638776,407.58163,4.3761225,1.4606123,-0.75,-10.0,66.71666666666667,1.3333333333333333,1.7093757e-07,2.6463856e-06,-5.637246
2015-09-28 00:00:00,0.27083334,-3.5898333,-1.2235,395.89606,3.8545098,1.2096078,-4.2,-13.0,26.466666666666665,1.0,6.415373e-08,1.881946e-06,-5.737381
2015-09-28 01:00:00,1.8569642,-1.8649999,-1.5326786,383.0442,3.7772093,1.1074418,-6.133333333333334,-14.0,36.25,1.0,2.5339855e-08,1.2103632e-06,-5.9252987
2015-09-28 02:00:00,1.1113559,-3.8647459,1.361017,380.64807,3.2482693,0.94307697,-8.233333333333333,-11.0,36.53333333333333,1.0,8.469688e-09,9.728716e-07,-6.012688
2015-09-28 03:00:00,1.8086666,-3.2728333,2.0521667,378.22144,3.25375,0.93125004,-5.966666666666667,-5.0,24.783333333333335,0.6666666666666666,9.612879e-07,5.4177026e-06,-5.695959
2015-09-28 04:00:00,-0.41450003,-4.3283334,1.728,389.7463,3.3864813,1.03,-2.15,0.0,16.65,0.6666666666666666,1.5453027e-07,3.0285892e-06,-5.5840855
2015-09-28 05:00:00,0.9783051,-3.0050848,2.5276272,378.74442,3.4094446,0.9787037,0.8333333333333334,2.0,17.016666666666666,0.6666666666666666,5.134627e-08,2.0945142e-06,-5.683648
2015-09-28 06:00:00,1.042,-3.9326668,0.7848333,375.97925,3.7779245,1.0703773,2.433333333333333,2.0,13.466666666666667,0.0,1.4414223e-07,2.415806e-06,-5.6642857
2015-09-28 07:00:00,0.8438333,-4.923,0.36616665,377.36725,4.040182,1.1501818,3.1333333333333333,4.0,16.983333333333334,0.0,4.276127e-07,4.5801694e-06,-5.406501
2015-09-28 08:00:00,1.054,-4.817,-0.43016666,374.10226,4.1672726,1.1663636,2.75,7.0,21.35,0.0,-73332.6,-73332.6,-5.706657
2015-09-28 09:00:00,1.1376667,-5.0101666,-0.41333333,372.14737,4.1870174,1.1592983,0.7666666666666667,5.0,24.15,0.3333333333333333,-51666.15,-51666.15,-5.862571
2015-09-28 10:00:00,1.3476666,-4.5201664,-1.6426666,370.4684,4.1592984,1.1419297,-0.6166666666666667,0.0,24.266666666666666,0.3333333333333333,1.2926678e-08,1.2002963e-06,-5.9224534
2015-09-28 11:00:00,1.3662711,-4.7322035,-0.19389832,368.62274,4.3786364,1.1897727,-0.8,-1.0,19.2,0.3333333333333333,5.158064e-07,4.1863127e-06,-5.5170584
2015-09-28 12:00:00,2.1565,-4.1078334,0.15133333,362.98306,4.3218646,1.1374576,-0.6333333333333333,-1.0,24.566666666666666,0.6666666666666666,1.9639259e-07,3.4715588e-06,-5.47464
2015-09-28 13:00:00,4.5515,-2.0113332,-1.6218333,349.23193,4.2821274,1.0451064,-1.7833333333333334,0.0,47.166666666666664,0.6666666666666666,9.097387e-07,7.5839303e-06,-5.1454864
2015-09-28 14:00:00,2.8638983,-4.165593,-1.5374576,358.65802,4.352,1.1195999,-4.166666666666667,-3.0,79.53333333333333,0.6666666666666666,1.939509e-06,9.8305045e-06,-5.2245226
2015-09-28 15:00:00,3.5472414,-3.304138,-0.8989655,354.94772,4.3288636,1.0902272,-2.7333333333333334,-2.0,108.18333333333334,1.0,1.2683655e-06,1.0919118e-05,-5.092877
2015-09-28 16:00:00,4.801333,-1.4578334,-1.8805001,348.61725,4.3893104,1.0672413,-2.5,-1.0,41.483333333333334,1.0,9.899928e-08,2.804062e-06,-5.566418
2015-09-28 17:00:00,4.0922036,-0.810678,-2.241695,350.07922,4.148868,1.0169811,-4.0,-4.0,51.6,1.0,4.0855124e-08,1.5979134e-06,-5.8184257
2015-09-28 18:00:00,3.6656759,-1.664054,-0.5824324,350.81876,3.9234376,0.966875,-5.55,-7.0,147.28333333333333,1.3333333333333333,3.1225543e-08,1.1795863e-06,-5.9374843
2015-09-28 19:00:00,3.5062711,-0.51932204,-2.5484746,354.8426,4.1677775,1.0503703,-2.85,-8.0,152.88333333333333,1.3333333333333333,1.6655141e-08,1.0609466e-06,-5.9772444
2015-09-28 20:00:00,2.3018644,-0.97525424,-1.851356,362.1768,3.959643,1.0373214,-3.1666666666666665,-10.0,53.7,1.3333333333333333,3.0596135e-07,3.5947521e-06,-5.526579
2015-09-28 21:00:00,1.818909,0.6289091,-2.0881817,359.83542,4.077292,1.0558333,-3.4,-11.0,61.68333333333333,1.6666666666666665,1.1087245e-07,2.2067636e-06,-5.6893344
2015-09-28 22:00:00,2.0229547,-1.0765909,-3.291591,357.52502,3.9624999,1.0125,-5.466666666666667,-15.0,159.48333333333332,1.6666666666666665,5.5946032e-08,1.8034228e-06,-5.7541127
2015-09-28 23:00:00,2.2521667,-0.998,-3.4350002,357.03217,4.055,1.0342857,-8.616666666666667,-16.0,256.8666666666667,1.6666666666666665,1.9896227e-08,1.1108033e-06,-5.9631743
2015-09-29 00:00:00,1.300339,-2.3176272,-2.9459321,361.53125,4.228542,1.1075,-10.3,-17.0,229.73333333333332,2.3333333333333335,2.7981477e-08,1.0518304e-06,-6.01097
2015-09-29 01:00:00,1.9899999,1.7867272,-3.5183635,355.3125,4.210833,1.0629166,-13.066666666666666,-18.0,154.33333333333334,2.3333333333333335,5.035333e-08,1.539216e-06,-5.817587
2015-09-29 02:00:00,3.0443335,1.4538333,-2.8009999,349.82156,4.078039,0.99803925,-17.716666666666665,-19.0,170.23333333333332,2.3333333333333335,6.7818696e-08,1.9032052e-06,-5.722921
2015-09-29 03:00:00,3.622069,0.7427586,-2.5289657,350.01276,4.15,1.0168085,-25.283333333333335,-20.0,267.6166666666667,2.6666666666666665,6.893112e-07,6.357875e-06,-5.2811737
2015-09-29 04:00:00,3.0516667,2.0738332,-1.6678333,354.16037,4.418103,1.1086208,-27.566666666666666,-20.0,257.3,2.6666666666666665,2.8302546e-07,4.230419e-06,-5.3899326
2015-09-29 05:00:00,1.489762,-2.0238094,-0.827619,360.435,4.395,1.1405,-25.633333333333333,-19.0,153.41666666666666,2.6666666666666665,1.8062362e-06,1.2004698e-05,-4.9781356
2015-09-29 06:00:00,2.6528845,-2.5884616,-1.1507692,354.63556,4.2462225,1.0686667,-20.633333333333333,-16.0,76.06666666666666,1.3333333333333333,6.842438e-07,7.286901e-06,-5.1499834
2015-09-29 07:00:00,3.3342106,-0.37122807,-2.2270176,348.3349,4.1034884,0.99558145,-18.433333333333334,-12.0,65.53333333333333,1.3333333333333333,5.261306e-07,7.2619387e-06,-5.1407623
2015-09-29 08:00:00,2.8968966,-0.6975862,-3.0725863,345.16776,4.197419,1.0003226,-19.166666666666668,-12.0,113.93333333333334,1.3333333333333333,-73332.6,-73332.6,-5.0509877
2015-09-29 09:00:00,2.9577966,-1.8542373,-0.34135592,348.90732,3.8917072,0.94756097,-14.083333333333334,-10.0,251.51666666666668,1.3333333333333333,-49999.5,-49999.5,-5.537417
2015-09-29 10:00:00,2.3345,-2.4033332,1.4848334,349.57224,3.6698148,0.8961111,-9.216666666666667,-9.0,45.583333333333336,1.3333333333333333,1.0274265e-07,2.5803215e-06,-5.5924897
2015-09-29 11:00:00,1.6716667,-1.7711666,3.3084998,348.29297,3.345965,0.8124562,-6.616666666666666,-9.0,36.483333333333334,1.3333333333333333,4.653172e-07,4.5717316e-06,-5.41314
2015-09-29 12:00:00,2.1935,-2.0935,3.0823333,345.70517,3.2510345,0.7774138,-3.216666666666667,-7.0,35.28333333333333,0.0,5.799163e-08,2.139518e-06,-5.675993
2015-09-29 13:00:00,2.4220002,-2.5740001,1.5971667,345.87756,4.172653,0.997551,-0.38333333333333336,-7.0,36.15,0.0,1.3263474e-07,2.7029937e-06,-5.6019387
2015-09-29 14:00:00,2.5122035,-3.1798306,-0.879661,343.90894,4.643214,1.09875,0.4,-7.0,42.25,0.0,3.737384e-08,1.6870555e-06,-5.773833
2015-09-29 15:00:00,2.5725,-2.9101667,1.4675001,342.2218,4.110182,0.9629091,-1.5,-7.0,46.13333333333333,0.3333333333333333,2.0535493e-08,1.4090294e-06,-5.851578
2015-09-29 16:00:00,2.2556665,-2.1781666,1.113,343.524,3.9894,0.9422,-3.1666666666666665,-5.0,43.3,0.3333333333333333,4.0913214e-08,1.5852208e-06,-5.8026333
2015-09-29 17:00:00,3.9798331,-0.844,0.37383333,338.56003,3.4092727,0.78127277,-8.433333333333334,-7.0,40.166666666666664,0.3333333333333333,1.5920065e-07,2.479015e-06,-5.6500635
2015-09-29 18:00:00,3.717,-1.8918334,0.71,335.04904,3.4437737,0.77339625,-8.066666666666666,-7.0,33.43333333333333,0.3333333333333333,7.160784e-08,2.0424486e-06,-5.6963916
2015-09-29 19:00:00,3.0942373,-2.3164406,-0.36135593,336.38544,3.536909,0.80109096,-6.733333333333333,-7.0,33.983333333333334,0.3333333333333333,1.5519427e-07,2.786562e-06,-5.6141315
2015-09-29 20:00:00,0.62083334,-4.0366664,1.5683333,340.11224,3.6093879,0.83428574,-3.4,-8.0,29.133333333333333,0.3333333333333333,3.686015e-08,1.6828606e-06,-5.775543
2015-09-29 21:00:00,1.452,-3.954909,0.26945457,337.11765,4.14,0.94058824,0.15,-9.0,26.883333333333333,0.6666666666666666,3.6941152e-08,1.5439057e-06,-5.818556
2015-09-29 22:00:00,2.5624137,-2.6655173,-0.7691379,335.6611,3.930185,0.88574076,2.466666666666667,-9.0,31.65,0.6666666666666666,4.381939e-08,1.5822602e-06,-5.81529
2015-09-29 23:00:00,,,,,,,2.85,-10.0,30.5,0.6666666666666666,1.115836e-07,2.5786203e-06,-5.598056
2015-09-30 00:00:00,1.233793,-3.3636205,0.90672415,332.504,5.7012,1.2594,2.3666666666666667,-10.0,35.06666666666667,0.0,2.1248889e-07,3.2909923e-06,-5.5034075
2015-09-30 01:00:00,0.34866667,-4.0073333,1.3261666,333.71283,5.4423075,1.211795,1.65,-6.0,33.18333333333333,0.0,3.0091588e-08,1.6357513e-06,-5.7878356
2015-09-30 02:00:00,2.579107,-3.2966073,0.39374998,325.8647,5.7494116,1.2213726,1.5166666666666666,-2.0,29.216666666666665,0.0,7.777792e-08,1.8553657e-06,-5.75924
2015-09-30 03:00:00,3.3512068,-2.7372413,-0.056896556,321.94168,5.4816666,1.1366667,1.3666666666666667,1.0,25.083333333333332,0.0,9.829795e-08,2.320833e-06,-5.661224
2015-09-30 04:00:00,3.610678,-2.351017,-0.15983051,320.64667,5.6415553,1.1606667,2.35,3.0,22.366666666666667,0.0,6.1974724e-08,2.1399853e-06,-5.6722646
2015-09-30 05:00:00,3.3631034,-2.202931,0.7722414,318.275,5.5468183,1.1245455,4.216666666666667,5.0,22.116666666666667,0.0,1.1167882e-07,3.015441e-06,-5.5241294
2015-09-30 06:00:00,3.51,-2.1276271,-0.2637288,316.91953,5.938049,1.1931707,3.75,6.0,18.45,0.0,1.0418596e-07,2.5204747e-06,-5.631959
2015-09-30 07:00:00,3.1715517,-2.5191379,-0.2996552,315.52048,6.070227,1.2084092,2.816666666666667,6.0,28.666666666666668,0.0,1.252882e-07,3.030759e-06,-5.528427
2015-09-30 08:00:00,2.8842103,-2.4875438,-0.28368422,314.57568,6.636757,1.314054,3.0166666666666666,8.0,25.3,0.0,-73332.6,-73332.6,-5.725821
2015-09-30 09:00:00,3.3092983,-1.7336842,-0.08964912,314.03696,6.7339134,1.3286957,4.133333333333334,9.0,28.0,0.6666666666666666,-48332.85,-48332.85,-5.698904
2015-09-30 10:00:00,2.4950001,-1.2389286,-0.3310714,319.7739,8.112391,1.6613044,7.05,10.0,67.88333333333334,0.6666666666666666,3.2110975e-07,3.2338078e-06,-5.6086073
2015-09-30 11:00:00,2.9147458,-2.2015254,-0.47406778,314.69998,7.5282693,1.4909616,7.016666666666667,10.0,43.5,0.6666666666666666,3.7928965e-07,5.039324e-06,-5.3593984
2015-09-30 12:00:00,2.5093334,-2.5291667,0.06283333,315.6383,8.549574,1.7044681,6.516666666666667,11.0,64.83333333333333,0.6666666666666666,1.04897914e-07,2.8929494e-06,-5.539491
2015-09-30 13:00:00,2.1136842,-2.1773684,0.8464912,313.66342,9.095854,1.7917073,7.216666666666667,12.0,45.483333333333334,0.6666666666666666,1.3387194e-07,2.8609563e-06,-5.567797
2015-09-30 14:00:00,1.5837289,-1.4249152,0.6357627,311.79318,10.362954,2.016591,8.516666666666667,11.0,46.733333333333334,0.6666666666666666,2.4605772e-08,1.9438842e-06,-5.712512
2015-09-30 15:00:00,1.3784482,-0.8703448,0.11155172,312.8558,10.851861,2.125116,7.383333333333334,9.0,55.63333333333333,0.3333333333333333,2.387085e-08,1.7558739e-06,-5.7581477
2015-09-30 16:00:00,0.26096153,0.017692307,-0.6607692,307.8424,11.113636,2.1072729,4.816666666666666,9.0,53.28333333333333,0.3333333333333333,1.0500007e-08,1.4188487e-06,-5.848693
2015-09-30 17:00:00,0.33416665,-1.6905,1.1261667,305.008,10.3302,1.9228,1.7,7.0,47.21666666666667,0.3333333333333333,9.260112e-09,1.2820595e-06,-5.8954344
2015-09-30 18:00:00,-0.08542373,-2.3040679,-0.27932203,302.84717,11.056226,2.0292454,1.4833333333333334,5.0,36.06666666666667,0.3333333333333333,2.7375386e-08,1.3872717e-06,-5.8725758
2015-09-30 19:00:00,0.6301818,-1.7094545,-0.05618181,301.225,11.594583,2.1035416,1.85,3.0,28.566666666666666,0.3333333333333333,1.692328e-08,1.4863298e-06,-5.8335505
2015-09-30 20:00:00,0.70525426,-0.65661013,0.19881356,298.72092,11.876743,2.1202326,5.616666666666666,2.0,37.2,0.3333333333333333,1.1847829e-08,1.2162213e-06,-5.916601
2015-09-30 21:00:00,-1.51,2.1125863,0.38413793,300.3804,11.023334,1.9921569,7.033333333333333,0.0,29.183333333333334,0.6666666666666666,4.2860977e-09,9.677997e-07,-6.016336
2015-09-30 22:00:00,-1.522,1.9575,-0.197,297.95,10.704,1.8998,8.1,-2.0,25.516666666666666,0.6666666666666666,2.1848846e-08,1.0509168e-06,-5.997252
2015-09-30 23:00:00,-1.2464406,1.9752543,-1.7766101,296.42502,10.958333,1.9264584,7.783333333333333,-1.0,34.583333333333336,0.6666666666666666,9.888175e-09,8.8430176e-07,-6.0619254
2015-10-01 00:00:00,-0.6174138,0.27793103,-2.665862,298.02365,12.262363,2.179091,8.95,-1.0,87.53333333333333,1.0,1.6970418e-09,8.343023e-07,-6.0791473
2015-10-01 01:00:00,-0.6256667,-0.26450002,-1.4761666,299.99124,14.623158,2.6310527,12.816666666666666,1.0,69.7,1.0,8.984144e-09,9.420146e-07,-6.032151
2015-10-01 02:00:00,-1.3195,0.0028333266,-2.6290002,301.21732,16.062115,2.915,13.966666666666667,3.0,70.96666666666667,1.0,1.4517154e-07,2.4159124e-06,-5.655215
2015-10-01 03:00:00,-1.0562712,-1.6132203,-0.9305085,301.52884,17.170961,3.1226923,13.383333333333333,7.0,99.58333333333333,1.0,9.099761e-09,1.14371e-06,-5.945478
2015-10-01 04:00:00,-0.9571667,-2.2141669,-0.3323333,301.92593,17.159258,3.1277776,12.45,8.0,104.8,1.0,2.182055e-09,8.019159e-07,-6.099007
2015-10-01 05:00:00,-0.709,1.58,-1.9275,301.59814,17.037777,3.100926,12.15,8.0,98.31666666666666,1.0,5.9268096e-08,1.0305284e-06,-6.00788
2015-10-01 06:00:00,-0.018333329,0.5913333,-3.4088333,306.02307,19.228077,3.6009614,14.133333333333333,7.0,231.76666666666668,1.3333333333333333,4.013109e-08,1.2183674e-06,-5.917484
2015-10-01 07:00:00,-2.3515,2.4411666,-2.1408334,303.27856,19.12875,3.5223215,15.45,6.0,319.03333333333336,1.3333333333333333,5.2746447e-08,1.3281243e-06,-5.878362
2015-10-01 08:00:00,-3.4931667,3.764,0.74883336,302.39,20.0784,3.6734,20.583333333333332,8.0,240.45,1.3333333333333333,-73332.6,-73332.6,-5.7428093
2015-10-01 09:00:00,-3.72,3.2063334,1.6240001,301.3857,22.204287,4.0333333,26.666666666666668,9.0,114.63333333333334,1.0,-46666.2,-46666.2,-5.2268214
2015-10-01 10:00:00,-3.8741817,1.8572727,-1.9345455,303.92,22.693714,4.1934285,29.483333333333334,9.0,80.5,1.0,4.5049944e-08,1.9831893e-06,-5.7266703
2015-10-01 11:00:00,-3.3401668,0.0039999844,-3.593,305.59998,19.114738,3.5687718,26.383333333333333,6.0,100.41666666666667,1.0,1.1757615e-08,1.0972359e-06,-5.96339
2015-10-01 12:00:00,-3.537,-1.9743333,-6.778167,313.7843,19.684313,3.8876472,18.8,1.0,249.85,2.6666666666666665,1.0515972e-08,1.0014935e-06,-6.0051017
2015-10-01 13:00:00,-2.8882759,3.4836206,-1.1644828,321.76532,24.98,5.1683674,13.733333333333333,-6.0,241.76666666666668,2.6666666666666665,1.2505654e-06,7.4338286e-06,-5.351753
2015-10-01 14:00:00,-3.054902,1.1407843,-4.869608,330.21082,19.444054,4.2251353,9.283333333333333,-14.0,294.46666666666664,2.6666666666666665,1.655416e-08,1.2571578e-06,-5.905614
2015-10-01 15:00:00,-0.37898305,-6.349661,-8.073729,333.66385,16.408936,3.6521275,0.48333333333333334,-20.0,531.8333333333334,3.6666666666666665,1.8210773e-08,1.2477161e-06,-5.9090548
2015-10-01 16:00:00,0.37448275,-2.022586,-3.7163794,338.4102,15.53245,3.552245,7.433333333333334,-17.0,628.3333333333334,3.6666666666666665,1.5461406e-08,1.0399207e-06,-5.9862027
2015-10-01 17:00:00,-1.3834,1.7142,-9.0716,354.39752,13.182249,3.31325,2.4833333333333334,-19.0,658.0666666666667,3.6666666666666665,2.7956172e-08,1.2271049e-06,-5.921256
2015-10-01 18:00:00,2.5477586,9.281897,-4.442931,360.5366,11.231463,2.916829,-16.333333333333332,-35.0,764.3,3.0,2.9382934e-09,9.195382e-07,-6.037307
2015-10-01 19:00:00,0.080588244,9.71451,-2.9311767,356.36667,11.139722,2.8347223,-17.783333333333335,-42.0,831.8666666666667,3.0,2.8249017e-08,1.2433126e-06,-5.9197607
2015-10-01 20:00:00,1.6096667,10.079166,1.2531667,354.0796,11.243469,2.827959,-26.433333333333334,-48.0,720.25,3.0,-14999.85,-14999.85,-5.8193955
2015-10-01 21:00:00,-3.5556896,9.530172,1.9084483,336.18887,10.859722,2.4555557,-27.583333333333332,-43.0,389.8833333333333,3.3333333333333335,1.6368588e-07,2.7437816e-06,-5.5799074
2015-10-01 22:00:00,-4.6432204,7.8781357,1.0481356,338.84998,10.989807,2.526346,-25.083333333333332,-33.0,501.98333333333335,3.3333333333333335,7.915967e-09,1.0461406e-06,-5.999476
2015-10-01 23:00:00,-2.3352542,10.128813,5.2428813,353.53192,11.24617,2.81,-18.416666666666668,-28.0,230.61666666666667,3.3333333333333335,6.697842e-08,1.5553234e-06,-5.8352933
2015-10-02 00:00:00,-4.0901666,9.5441675,0.008166671,343.5961,11.566471,2.729804,-13.2,-27.0,93.53333333333333,2.6666666666666665,1.9514962e-06,1.0786903e-05,-5.183975
2015-10-02 01:00:00,-6.096,8.394667,3.5726666,336.02158,10.798823,2.442157,-12.716666666666667,-27.0,146.95,2.6666666666666665,2.8443056e-08,1.5695365e-06,-5.8107624
2015-10-02 02:00:00,-4.2068334,9.746167,-0.29583332,339.88162,9.295714,2.1491835,-11.866666666666667,-24.0,159.91666666666666,2.6666666666666665,1.7589297e-08,1.2059503e-06,-5.9204545
2015-10-02 03:00:00,-0.6733333,9.803666,-2.7716668,356.64728,7.968,2.0330908,-16.116666666666667,-25.0,286.6333333333333,3.6666666666666665,1.1129532e-08,1.1522369e-06,-5.9387817
2015-10-02 04:00:00,0.4425,8.431818,-4.6081815,358.93823,7.5473533,1.9449999,-25.616666666666667,-33.0,462.6,3.6666666666666665,2.5805532e-08,1.351821e-06,-5.8764734
2015-10-02 05:00:00,-1.8331579,0.37771928,1.6368421,366.7022,9.232889,2.490889,-27.633333333333333,-35.0,402.8333333333333,3.6666666666666665,3.7906762e-08,1.5204307e-06,-5.8266797
2015-10-02 06:00:00,-3.4038332,5.763167,0.9566667,351.3317,7.0490246,1.7426828,-21.216666666666665,-29.0,210.95,3.6666666666666665,8.561357e-08,1.8013088e-06,-5.775023
2015-10-02 07:00:00,-3.1065,5.1179996,-4.9918337,351.45535,6.1669645,1.5244644,-21.833333333333332,-30.0,349.81666666666666,3.6666666666666665,2.440062e-07,3.5923101e-06,-5.4810896
2015-10-02 08:00:00,-3.6356666,7.4535,-2.1980002,349.37393,5.3586955,1.3056523,-18.45,-32.0,843.3333333333334,3.6666666666666665,-73332.6,-73332.6,-5.7402353
2015-10-02 09:00:00,-0.985,9.032833,-1.1878333,372.17392,4.808913,1.3304348,-10.333333333333334,-31.0,581.8166666666667,2.3333333333333335,-43332.9,-43332.9,-5.9038854
2015-10-02 10:00:00,-2.1201754,8.568772,-1.1578947,362.25714,5.307619,1.395,-10.3,-32.0,498.65,2.3333333333333335,1.511689e-08,1.0194589e-06,-5.992358
2015-10-02 11:00:00,-2.2573333,8.246166,0.21416667,364.93137,5.8431373,1.5568628,-10.75,-32.0,379.4,2.3333333333333335,7.308154e-08,1.4708727e-06,-5.8685374
2015-10-02 12:00:00,-2.0753334,8.320001,-0.94916666,365.30197,6.023137,1.6062745,-9.05,-31.0,366.03333333333336,2.6666666666666665,2.9450877e-07,3.32732e-06,-5.56312
2015-10-02 13:00:00,-2.8904998,7.6948333,1.9883332,359.3766,6.6572337,1.7225531,-10.866666666666667,-37.0,285.75,2.6666666666666665,2.410955e-07,2.9923074e-06,-5.5988173
2015-10-02 14:00:00,-4.1338887,8.213889,-1.1933334,352.98334,5.337619,1.3316667,-10.133333333333333,-40.0,400.01666666666665,2.6666666666666665,5.082878e-08,1.806361e-06,-5.760593
2015-10-02 15:00:00,-3.3632143,8.145715,1.1139286,359.5182,6.1186366,1.5845455,-12.433333333333334,-40.0,415.45,2.3333333333333335,1.7981077e-07,2.3675632e-06,-5.716208
2015-10-02 16:00:00,-3.1323729,8.157627,0.91491526,364.1927,6.548293,1.7378049,-11.6,-35.0,420.78333333333336,2.3333333333333335,3.8759474e-08,1.552796e-06,-5.8158846
2015-10-02 17:00:00,-3.8244643,7.7712502,0.7146429,358.37726,6.5600004,1.6820455,-10.5,-34.0,323.1,2.3333333333333335,3.4900356e-07,3.7577322e-06,-5.4773455
2015-10-02 18:00:00,-4.737547,7.76717,0.7088679,346.4342,6.0360527,1.4484211,-12.7,-33.0,231.05,2.0,1.1746498e-07,2.406337e-06,-5.659351
2015-10-02 19:00:00,-3.8155932,8.600169,-0.4240678,348.45532,5.4121275,1.3151064,-12.2,-31.0,283.3333333333333,2.0,1.8916861e-08,1.3417637e-06,-5.889895
2015-10-02 20:00:00,-5.629667,7.2826667,-0.9826667,347.6837,5.136122,1.2444898,-13.466666666666667,-29.0,298.7,2.0,3.2663663e-09,8.037286e-07,-6.0959525
2015-10-02 21:00:00,-5.322833,7.7468333,-0.67466664,344.92398,4.4186,1.0522,-15.966666666666667,-29.0,166.46666666666667,1.6666666666666665,1.119472e-09,6.609861e-07,-6.180175
2015-10-02 22:00:00,-5.5218964,6.7799997,-1.394138,351.6686,5.179608,1.2866668,-18.1,-29.0,276.05,1.6666666666666665,1.1089577e-09,6.315919e-07,-6.201129
2015-10-02 23:00:00,-4.4236665,7.5358334,-1.9543334,359.74908,5.611273,1.4547273,-19.616666666666667,-29.0,284.8833333333333,1.6666666666666665,1.80618e-09,7.222805e-07,-6.142007
2015-10-03 00:00:00,-4.6683335,6.4179997,-2.9048333,363.5,6.1283717,1.6200001,-21.716666666666665,-31.0,354.26666666666665,2.0,4.7423335e-08,1.1490534e-06,-5.9761214
2015-10-03 01:00:00,-3.3386667,6.1585,-1.5326667,371.63266,6.6502037,1.8340816,-19.283333333333335,-31.0,353.03333333333336,2.0,1.7531031e-09,6.95975e-07,-6.158755
2015-10-03 02:00:00,-2.1875,5.149,2.4298332,387.7333,6.830625,2.0585415,-19.7,-30.0,409.9,2.0,1.27541115e-08,7.158742e-07,-6.1613007
2015-10-03 03:00:00,-5.3296666,3.226,-2.348,371.70612,7.424286,2.0542858,-14.783333333333333,-25.0,204.91666666666666,3.3333333333333335,1.46616665e-08,8.804908e-07,-6.063721
2015-10-03 04:00:00,-6.4066668,2.8161666,-2.9886665,370.0163,7.299768,2.0011628,-17.0,-23.0,291.3666666666667,3.3333333333333335,1.2852486e-09,6.770342e-07,-6.169778
2015-10-03 05:00:00,-3.8663332,6.2860003,-0.857,406.38162,7.4906125,2.4961224,-21.166666666666668,-28.0,437.1,3.3333333333333335,5.2684723e-09,7.9153136e-07,-6.1020794
2015-10-03 06:00:00,-6.2841663,7.0126667,-3.8030002,396.4,5.522917,1.74375,-26.566666666666666,-35.0,579.9333333333333,2.6666666666666665,8.7772534e-08,1.5597323e-06,-5.8433595
2015-10-03 07:00:00,-6.705593,7.935932,-1.7383051,395.25275,5.592,1.7490909,-31.683333333333334,-40.0,589.1833333333333,2.6666666666666665,2.3672697e-09,7.341934e-07,-6.1412854
2015-10-03 08:00:00,-6.1268334,8.579333,0.21116666,404.025,5.6525,1.8458333,-27.166666666666668,-39.0,618.6833333333333,2.6666666666666665,-73332.6,-73332.6,-6.2691298
2015-10-03 09:00:00,-6.3934484,8.10431,1.6294827,403.75626,6.065,1.9783334,-21.366666666666667,-40.0,545.7166666666667,1.6666666666666665,-43332.9,-43332.9,-6.199346
2015-10-03 10:00:00,-6.01339,7.240339,1.708644,386.83832,7.6629786,2.2959576,-13.0,-36.0,421.46666666666664,1.6666666666666665,2.1329411e-08,9.027568e-07,-6.0640035
2015-10-03 11:00:00,-5.2037287,4.51339,4.778814,391.12833,11.21151,3.4298112,-6.75,-27.0,228.38333333333333,1.6666666666666665,3.9727794e-08,9.826076e-07,-6.0666943
2015-10-03 12:00:00,-5.352679,5.464286,3.6642857,384.80933,10.3,3.0632558,-2.1166666666666667,-21.0,95.56666666666666,2.0,8.3213205e-09,7.280175e-07,-6.148649
2015-10-03 13:00:00,-7.199455,6.0996366,-0.044727277,367.18292,9.038293,2.4382927,-0.2,-21.0,227.76666666666668,2.0,2.2762702e-08,7.8074817e-07,-6.153116
2015-10-03 14:00:00,-5.8136845,3.9007018,-4.5547366,365.64255,8.894894,2.3859575,-3.8333333333333335,-27.0,374.0833333333333,2.0,1.11645795e-08,8.09651e-07,-6.097171
2015-10-03 15:00:00,-4.8527117,-1.1538984,-4.941356,376.57022,9.430213,2.682766,-11.5,-33.0,797.4166666666666,2.6666666666666665,1.8136715e-08,6.4794557e-07,-6.2088137
2015-10-03 16:00:00,-5.6954236,1.7842373,-3.0350847,367.962,8.5482,2.307,-8.95,-33.0,396.68333333333334,2.6666666666666665,1.4374015e-08,6.9022616e-07,-6.1784053
2015-10-03 17:00:00,-5.46,1.4993333,-2.5631666,375.29364,9.575957,2.699149,-3.5,-30.0,366.1,2.6666666666666665,5.5894103e-09,6.506071e-07,-6.1909
2015-10-03 18:00:00,-4.1218333,-3.7921667,-3.5055,390.97916,9.561459,2.9229167,-2.066666666666667,-28.0,290.6333333333333,2.3333333333333335,3.5197534e-08,1.0802664e-06,-6.0004373
2015-10-03 19:00:00,-3.9328334,-5.2105002,0.46533334,393.33844,10.448462,3.2271154,-9.9,-30.0,255.61666666666667,2.3333333333333335,1.6663377e-09,6.0420683e-07,-6.222846
2015-10-03 20:00:00,-5.078158,-0.064736865,-0.15342104,386.68387,10.276129,3.06,-12.466666666666667,-30.0,139.3,2.3333333333333335,5.361843e-09,5.985127e-07,-6.2304845
2015-10-03 21:00:00,-4.2955556,1.027037,3.2996294,392.98334,10.629286,3.287619,-10.666666666666666,-25.0,81.43333333333334,1.3333333333333333,1.2248689e-09,4.3912374e-07,-6.362043
2015-10-03 22:00:00,-5.2567797,-0.4347458,1.9076272,390.44507,10.072745,3.0729413,-10.533333333333333,-23.0,92.66666666666667,1.3333333333333333,1.5125963e-09,5.1385615e-07,-6.2910986
2015-10-03 23:00:00,-7.0025425,3.8284748,-1.0611864,383.1766,8.597873,2.5257447,-13.066666666666666,-24.0,67.91666666666667,1.3333333333333333,5.479408e-09,5.5103226e-07,-6.267041
2015-10-04 00:00:00,-2.3567243,2.9767241,-5.263793,399.7289,7.574,2.4424446,-13.566666666666666,-24.0,347.0833333333333,3.6666666666666665,7.0493806e-09,7.395509e-07,-6.1330447
2015-10-04 01:00:00,-4.639167,5.024667,-4.636167,400.15555,5.4026666,1.709111,-23.366666666666667,-33.0,549.45,3.6666666666666665,1.1919501e-09,5.3521126e-07,-6.273623
2015-10-04 02:00:00,-4.0755,6.4658337,-5.4304996,420.51755,2.8345616,0.9845614,-30.083333333333332,-40.0,550.1333333333333,3.6666666666666665,3.1275033e-07,2.4183616e-06,-6.0078444
2015-10-04 03:00:00,-5.1505,6.4958334,-4.8683333,437.7887,1.9120754,0.7292453,-38.56666666666667,-45.0,577.4,4.333333333333333,2.3310616e-08,1.1351943e-06,-6.0233493
2015-10-04 04:00:00,-4.435667,6.287,-5.669667,438.5793,2.0193105,0.7763793,-43.38333333333333,-48.0,629.9166666666666,4.333333333333333,1e-09,3.5967415e-07,-6.446574
2015-10-04 05:00:00,-4.988182,6.0758185,-4.821091,441.93658,2.31,0.9019512,-48.21666666666667,-54.0,719.2333333333333,4.333333333333333,1.0342115e-09,3.937806e-07,-6.4090524
2015-10-04 06:00:00,-5.534,6.967091,-3.4754543,437.39215,2.4117646,0.92333335,-46.6,-53.0,1023.4333333333333,4.0,2.7624754e-08,5.6666346e-07,-6.251756
2015-10-04 07:00:00,-5.3149996,7.281724,-2.677069,442.3025,2.509,0.98175,-49.8,-57.0,612.1833333333333,4.0,9.014007e-09,5.648344e-07,-6.24856
2015-10-04 08:00:00,-6.012931,6.053793,-1.5772414,454.75626,2.5054166,1.0343751,-46.63333333333333,-60.0,584.2333333333333,4.0,-71665.95,-71665.95,-6.2702374
2015-10-04 09:00:00,-7.105926,4.927037,2.1729631,474.9735,2.1664708,0.97411764,-43.43333333333333,-63.0,505.68333333333334,2.3333333333333335,-41666.25,-41666.25,-6.3194795
2015-10-04 10:00:00,-6.494,4.8198333,1.1408333,444.34167,2.3197916,0.9135416,-32.88333333333333,-57.0,166.56666666666666,2.3333333333333335,1e-09,3.695477e-07,-6.4327188
2015-10-04 11:00:00,-4.3127117,5.8605084,-0.49711865,444.59573,2.4331915,0.9565957,-26.516666666666666,-47.0,337.5,2.3333333333333335,1.0168717e-09,3.7991546e-07,-6.4208846
2015-10-04 12:00:00,-3.7418332,4.8836665,1.3323333,454.1432,2.9597726,1.2202272,-22.216666666666665,-42.0,343.25,2.6666666666666665,2.1434536e-09,3.2653392e-07,-6.48784
2015-10-04 13:00:00,-3.4187717,3.6470177,-2.1557894,458.55853,2.8724391,1.2139025,-21.033333333333335,-42.0,450.0833333333333,2.6666666666666665,2.678169e-09,3.0327206e-07,-6.521972
2015-10-04 14:00:00,-6.7482758,5.267414,0.9293104,468.52002,2.0842223,0.9048889,-23.516666666666666,-47.0,451.0,2.6666666666666665,4.51718e-09,3.504725e-07,-6.456536
2015-10-04 15:00:00,-7.328929,4.8089285,1.3294642,490.71063,1.6055319,0.7721277,-23.05,-46.0,296.75,1.6666666666666665,3.0628213e-09,4.0097197e-07,-6.4052796
2015-10-04 16:00:00,-7.622,4.1966667,0.8486666,486.4848,1.6315218,0.7713043,-19.866666666666667,-41.0,273.7,1.6666666666666665,5.9530487e-09,5.177864e-07,-6.2915998
2015-10-04 17:00:00,-7.0596666,4.2773337,-0.13916667,467.54697,2.1481633,0.93673474,-18.883333333333333,-38.0,295.46666666666664,1.6666666666666665,1.0003345e-09,3.905374e-07,-6.4089627
2015-10-04 18:00:00,-7.318,3.6378334,1.5328333,449.10538,2.1646428,0.8694643,-20.916666666666668,-40.0,225.15,2.0,1e-09,3.0249947e-07,-6.5206423
2015-10-04 19:00:00,-6.562679,5.5210714,0.19964285,449.79697,2.212727,0.8930303,-18.633333333333333,-36.0,129.65,2.0,1e-09,2.3375738e-07,-6.6319065
2015-10-04 20:00:00,-6.1833334,6.3783336,2.8295,450.4218,2.2752726,0.9127273,-21.266666666666666,-36.0,137.43333333333334,2.0,1e-09,2.2302291e-07,-6.6523805
2015-10-04 21:00:00,5.6803336,3.3191667,-5.15,466.3612,4.730408,2.0628572,-17.166666666666668,-31.0,462.4166666666667,3.6666666666666665,1e-09,2.4476694e-07,-6.612075
2015-10-04 22:00:00,3.6963334,4.701667,-4.81,463.44507,4.8043137,2.067255,-32.25,-42.0,767.7666666666667,3.6666666666666665,1e-09,2.601052e-07,-6.5877695
2015-10-04 23:00:00,-3.0519998,6.968167,-0.54766667,450.25192,5.6284614,2.284423,-41.516666666666666,-49.0,657.6666666666666,3.6666666666666665,1e-09,2.5848715e-07,-6.5907607
2015-10-05 00:00:00,-4.976552,4.3301725,1.9655173,447.202,4.9538,1.9812,-36.53333333333333,-48.0,395.6666666666667,3.6666666666666665,1e-09,2.1687045e-07,-6.666775
2015-10-05 01:00:00,-7.1967244,1.9246551,3.7775862,443.60443,4.3655553,1.7184445,-22.233333333333334,-36.0,380.6333333333333,3.6666666666666665,1e-09,1.6920146e-07,-6.771738
2015-10-05 02:00:00,-7.691724,2.5377586,0.5301724,440.2,4.884,1.8964446,-11.95,-28.0,108.68333333333334,3.6666666666666665,1e-09,1.6189105e-07,-6.790912
2015-10-05 03:00:00,-7.459821,3.1030357,-0.24660715,434.45,5.5092497,2.08075,-16.116666666666667,-29.0,92.91666666666667,3.6666666666666665,1e-09,1.6687041e-07,-6.7778473
2015-10-05 04:00:00,-5.7201667,3.8743334,1.697,446.15225,4.8281817,1.9274999,-16.316666666666666,-30.0,272.8666666666667,3.6666666666666665,1e-09,1.6240544e-07,-6.7895627
2015-10-05 05:00:00,0.59160715,4.8991075,-4.7423215,484.59802,6.0658,2.8482,-18.05,-31.0,433.48333333333335,3.6666666666666665,1e-09,1.5035316e-07,-6.8232846
2015-10-05 06:00:00,-3.2894545,4.458909,-1.252,465.58572,6.6091433,2.864857,-34.233333333333334,-46.0,659.6666666666666,3.6666666666666665,1e-09,1.6997069e-07,-6.771375
2015-10-05 07:00:00,-2.4505174,5.3501725,-0.6962069,466.43112,6.665111,2.903111,-32.06666666666667,-42.0,539.3333333333334,3.6666666666666665,1.0337938e-09,1.397869e-07,-6.854842
2015-10-05 08:00:00,-3.1451724,5.88,0.12189656,460.6143,6.529143,2.7705715,-23.616666666666667,-37.0,559.3,3.6666666666666665,-71665.95,-71665.95,-6.8686934
2015-10-05 09:00:00,-3.026909,4.8627276,-3.5385454,471.0087,5.588913,2.4778259,-19.783333333333335,-40.0,579.3833333333333,5.0,-39999.6,-39999.6,-6.9404125
2015-10-05 10:00:00,-0.6644643,5.529107,-1.5394642,483.94247,4.737,2.2272499,-9.483333333333333,-34.0,1040.25,5.0,5.992369e-09,1.5725989e-07,-6.804992
2015-10-05 11:00:00,-3.0628815,1.9844068,-0.88288134,473.84784,5.6043477,2.5141304,-14.516666666666667,-37.0,500.45,5.0,4.4477275e-09,1.5724865e-07,-6.803943
2015-10-05 12:00:00,-2.7581668,-1.2770001,-2.6274998,478.49283,5.4700003,2.502619,-16.0,-36.0,356.93333333333334,3.0,1.2404684e-09,1.6185648e-07,-6.7909665
2015-10-05 13:00:00,-2.7048278,3.0268965,0.21931034,469.76135,5.0106816,2.2113638,-17.533333333333335,-39.0,465.45,3.0,2.4721591e-09,1.6363336e-07,-6.7862973
2015-10-05 14:00:00,-2.7617543,2.6919298,0.8491228,465.83832,4.547234,1.9736171,-14.6,-38.0,454.6166666666667,3.0,1.6384152e-09,1.6150736e-07,-6.791915
2015-10-05 15:00:00,-2.7900002,2.3246553,1.9694827,466.64255,4.3544683,1.8961703,-11.883333333333333,-36.0,187.55,1.3333333333333333,1e-09,1.5935731e-07,-6.798344
2015-10-05 16:00:00,-1.3840001,4.3271666,-0.30583334,473.6868,3.5962265,1.6130189,-11.966666666666667,-35.0,158.8,1.3333333333333333,1e-09,1.7142348e-07,-6.766484
2015-10-05 17:00:00,0.111186445,4.1638985,-0.35084748,471.89786,3.340851,1.4795744,-13.016666666666667,-36.0,261.43333333333334,1.3333333333333333,1e-09,1.7282588e-07,-6.763205
2015-10-05 18:00:00,-0.7364815,3.273148,0.55703706,458.42856,3.3247619,1.3969047,-15.3,-39.0,338.6,1.6666666666666665,1e-09,1.8466959e-07,-6.7339797
2015-10-05 19:00:00,-2.1798306,3.0764406,2.0616949,451.3837,3.2834694,1.3377552,-16.316666666666666,-38.0,239.43333333333334,1.6666666666666665,1e-09,1.9510823e-07,-6.7098985
2015-10-05 20:00:00,-2.6051667,3.3058333,1.4828334,441.67886,3.150577,1.229423,-17.25,-35.0,135.48333333333332,1.6666666666666665,1e-09,1.8102166e-07,-6.742407
2015-10-05 21:00:00,-2.8626666,3.7641668,-0.9135,437.16537,3.2073076,1.2265384,-18.266666666666666,-33.0,150.8,2.0,1e-09,1.838446e-07,-6.736653
2015-10-05 22:00:00,-3.7323334,1.6893333,-2.5618334,428.4073,3.3472729,1.2294546,-22.45,-34.0,295.5833333333333,2.0,1.0010035e-09,2.7817768e-07,-6.5563416
2015-10-05 23:00:00,-4.038833,1.3326666,-2.4871666,424.37964,3.4031482,1.2255555,-25.85,-35.0,396.46666666666664,2.0,1e-09,2.0808908e-07,-6.684904
2015-10-06 00:00:00,-1.9193333,0.0965,-3.3171666,433.9207,4.1896553,1.5837932,-22.733333333333334,-33.0,382.25,2.3333333333333335,1e-09,1.5678172e-07,-6.805129
2015-10-06 01:00:00,-0.77533334,-0.1495,-3.1956668,427.37256,4.5158825,1.652549,-21.15,-34.0,397.28333333333336,2.3333333333333335,1e-09,1.369628e-07,-6.863718
2015-10-06 02:00:00,-3.1999998,2.7364912,-0.525614,405.7262,4.1916666,1.3780953,-22.8,-36.0,289.45,2.3333333333333335,1e-09,1.2274323e-07,-6.91128
2015-10-06 03:00:00,-1.4284745,2.7169492,-3.2766104,410.51224,4.9042854,1.6542857,-19.366666666666667,-31.0,317.9166666666667,3.6666666666666665,1e-09,1.12953245e-07,-6.947225
2015-10-06 04:00:00,-0.90305084,1.3698305,-3.841695,410.86792,5.206415,1.7571697,-20.666666666666668,-29.0,376.46666666666664,3.6666666666666665,1e-09,1.2723085e-07,-6.896944
2015-10-06 05:00:00,-3.3521667,1.033,-2.0013335,398.98114,5.6247168,1.7911321,-26.083333333333332,-32.0,412.6,3.6666666666666665,1e-09,1.2103285e-07,-6.9174404
2015-10-06 06:00:00,-3.9834695,1.1112245,-1.1914285,395.4485,5.7566667,1.8000001,-25.966666666666665,-33.0,225.86666666666667,2.6666666666666665,1e-09,1.16814036e-07,-6.932754
2015-10-06 07:00:00,-4.2447457,-0.32135594,0.53677964,392.93616,5.641277,1.7414893,-14.016666666666667,-24.0,130.28333333333333,2.6666666666666665,1e-09,1.0738645e-07,-6.9691815
2015-10-06 08:00:00,-4.0071664,2.1966667,0.71283334,398.23776,5.0926666,1.6157777,-4.566666666666666,-16.0,82.23333333333333,2.6666666666666665,-69999.3,-69999.3,-6.9837384
2015-10-06 09:00:00,-3.5725,2.2340384,1.4175,393.75122,5.6809754,1.7565852,1.6833333333333333,-17.0,89.73333333333333,1.6666666666666665,-36666.3,-36666.3,-6.9878798
2015-10-06 10:00:00,-2.9887037,2.99,-0.64092594,385.53488,5.793256,1.7216278,2.3333333333333335,-21.0,131.4,1.6666666666666665,1e-09,1.11919114e-07,-6.9512486
2015-10-06 11:00:00,-0.54716665,4.1716666,-3.0256665,389.2382,6.1803637,1.874,-2.5166666666666666,-24.0,263.25,1.6666666666666665,1e-09,1.191002e-07,-6.9293966
2015-10-06 12:00:00,-0.68483335,2.66,-3.9606667,385.41757,6.2866664,1.8673685,-11.133333333333333,-28.0,444.4,3.0,1.0761939e-09,1.0135122e-07,-6.9943476
2015-10-06 13:00:00,-2.3949056,2.1301887,-1.3386792,374.11703,6.8397875,1.9174469,-14.216666666666667,-32.0,595.6,3.0,4.032559e-09,1.0197986e-07,-6.9916434
2015-10-06 14:00:00,-2.092712,-0.17508473,-3.3594916,378.85623,6.971667,1.995,-12.783333333333333,-35.0,334.46666666666664,3.0,1.0177915e-09,1.0251007e-07,-6.989439
2015-10-06 15:00:00,-0.39916667,1.2858334,-3.1656668,386.25558,6.3737035,1.9011111,-12.566666666666666,-34.0,502.8666666666667,3.3333333333333335,1.2618726e-09,1.0414738e-07,-6.9824977
2015-10-06 16:00:00,1.2294999,4.2363334,-4.2433333,390.53967,6.8384485,2.085862,-15.633333333333333,-34.0,529.0833333333334,3.3333333333333335,1.1599948e-09,1.1091186e-07,-6.9553986
2015-10-06 17:00:00,1.44125,4.3607144,-3.2242856,389.30783,8.1507845,2.480196,-23.566666666666666,-43.0,685.7666666666667,3.3333333333333335,1.0181839e-09,1.13783486e-07,-6.9447603
2015-10-06 18:00:00,2.7894545,3.7618182,-2.5470908,391.7022,9.808888,3.0133336,-27.133333333333333,-49.0,723.45,4.333333333333333,1.0246108e-09,1.0571408e-07,-6.976664
2015-10-06 19:00:00,-1.3465,5.4408336,-3.6703334,389.77142,9.636071,2.9287498,-30.883333333333333,-52.0,502.31666666666666,4.333333333333333,1e-09,1.0160072e-07,-6.99337
2015-10-06 20:00:00,-1.8846667,5.100333,-4.7711663,392.22806,10.264035,3.1619298,-33.65,-51.0,740.5166666666667,4.333333333333333,1e-09,1.04854266e-07,-6.9816346
2015-10-06 21:00:00,-4.069,6.532,-2.4415002,398.23077,12.844039,4.0715384,-34.916666666666664,-47.0,936.3,4.333333333333333,1e-09,1.1357478e-07,-6.9485726
2015-10-06 22:00:00,-6.5680704,4.5419297,0.19789475,400.29486,16.622564,5.3389745,-34.81666666666667,-44.0,485.6333333333333,4.333333333333333,1e-09,1.0408337e-07,-6.982839
2015-10-06 23:00:00,-7.281273,5.7125454,0.52163637,393.3655,18.33517,5.6686206,-25.866666666666667,-35.0,267.0,4.333333333333333,1e-09,9.695518e-08,-7.0136538
2015-10-07 00:00:00,-7.286271,7.57,1.4877965,392.17804,15.641952,4.8007317,-21.116666666666667,-27.0,456.1333333333333,3.6666666666666665,1e-09,9.69244e-08,-7.0136843
2015-10-07 01:00:00,-6.022542,7.5644064,-1.3961017,385.2652,19.169348,5.686087,-15.333333333333334,-22.0,693.2666666666667,3.6666666666666665,1e-09,9.4412975e-08,-7.02519
2015-10-07 02:00:00,-5.39069,8.391207,0.9656897,395.16794,27.432829,8.569623,-12.05,-17.0,546.4,3.6666666666666665,1e-09,1.02593916e-07,-6.989854
2015-10-07 03:00:00,-8.015333,3.7175,-5.0286665,411.7,20.02291,6.659818,-15.383333333333333,-19.0,379.65,6.0,1e-09,9.712934e-08,-7.012795
2015-10-07 04:00:00,-12.423389,3.2601695,-8.0330515,430.92,13.141801,4.8796,-37.55,-36.0,669.6,6.0,1e-09,1.00306785e-07,-6.9989777
2015-10-07 05:00:00,-14.208333,2.5825,-7.128,434.91064,12.367234,4.6668086,-53.583333333333336,-54.0,1079.9666666666667,6.0,1.0304894e-09,1.540489e-07,-6.8433433
2015-10-07 06:00:00,-14.918,6.497,-5.1663337,457.45926,11.154445,4.6603703,-68.48333333333333,-65.0,873.6666666666666,5.666666666666667,1.0010379e-09,1.0623179e-07,-6.977233
2015-10-07 07:00:00,-15.155167,8.266,-4.825667,458.84445,10.584666,4.4526668,-79.75,-81.0,909.7666666666667,5.666666666666667,2.1415587e-09,1.4918535e-07,-6.8652215
2015-10-07 08:00:00,-14.251666,9.3625,-4.361167,458.09805,12.163137,5.114706,-81.45,-93.0,737.5666666666667,5.666666666666667,-69999.3,-69999.3,-6.564222
2015-10-07 09:00:00,-15.421334,10.327333,4.3416667,446.33112,12.117555,4.844889,-84.43333333333334,-101.0,722.4666666666667,5.0,-34999.65,-34999.65,-6.8897133
2015-10-07 10:00:00,-12.6545,8.977833,9.058,442.3755,16.505095,6.461132,-70.0,-93.0,544.4666666666667,5.0,1.0998444e-09,1.3268033e-07,-6.8776145
2015-10-07 11:00:00,-7.9736667,9.8498335,5.1283336,424.47406,29.836111,10.710555,-43.166666666666664,-65.0,316.1166666666667,5.0,1e-09,1.2420846e-07,-6.90616
2015-10-07 12:00:00,-9.601356,10.767458,1.9788135,418.03,29.1204,10.160399,-36.416666666666664,-52.0,604.65,5.0,1e-09,1.1162427e-07,-6.952396
2015-10-07 13:00:00,-8.346491,8.875614,2.1275437,432.038,30.3842,11.2322,-30.95,-47.0,667.3666666666667,5.0,1.2125004e-09,1.6847217e-07,-6.774862
2015-10-07 14:00:00,-14.908334,7.011167,-9.660666,507.49,12.276999,6.2822,-56.416666666666664,-69.0,584.95,5.0,1.1463095e-09,1.3361756e-07,-6.877086
2015-10-07 15:00:00,-13.699,13.7205,0.71316665,543.59784,13.05617,7.7180853,-69.25,-83.0,619.6166666666667,6.333333333333333,1e-09,1.0435223e-07,-6.981628
2015-10-07 16:00:00,-9.590834,11.421499,-3.897,603.90204,11.835714,8.6332655,-71.55,-87.0,712.4166666666666,6.333333333333333,1e-09,1.033447e-07,-6.9868417
2015-10-07 17:00:00,-6.1038885,10.715556,-2.07,652.6539,10.495385,9.018461,-66.71666666666667,-84.0,908.75,6.333333333333333,1e-09,1.020615e-07,-6.9916444
2015-10-07 18:00:00,-7.755,9.641207,-1.5127586,636.042,12.4714,10.1066,-93.3,-102.0,1226.95,7.333333333333333,1e-09,1.0058238e-07,-6.9978027
2015-10-07 19:00:00,-7.8169494,10.411526,-1.9186441,637.8578,12.909333,10.503111,-103.61666666666666,-116.0,1153.3666666666666,7.333333333333333,1e-09,9.6484435e-08,-7.015778
2015-10-07 20:00:00,-3.2272882,6.847119,-5.190678,714.49817,6.342322,5.8292856,-101.61666666666666,-120.0,835.2166666666667,7.333333333333333,1e-09,9.760566e-08,-7.0109982
2015-10-07 21:00:00,-0.8120339,2.7872882,-3.5520341,779.86414,3.2324526,3.9290566,-112.05,-126.0,535.75,6.0,-1666.65,-1666.65,-7.0227427
2015-10-07 22:00:00,-5.3473334,1.1313332,0.7905,746.693,3.2882457,3.6687717,-120.75,-130.0,696.9,6.0,1e-09,1.003646e-07,-6.9986854
2015-10-07 23:00:00,-6.256,0.66183335,0.98499995,744.378,3.2978,3.6557999,-105.43333333333334,-114.0,261.0833333333333,6.0,1e-09,1.08292475e-07,-6.967317
2015-10-08 00:00:00,-6.058235,0.47411767,1.3184314,754.73334,2.7364104,3.1235898,-87.1,-97.0,473.01666666666665,4.666666666666667,1e-09,1.1648526e-07,-6.934468
2015-10-08 01:00:00,-5.615667,1.3571666,1.797,752.8213,2.5178723,2.8606381,-74.38333333333334,-88.0,258.0833333333333,4.666666666666667,1e-09,1.2445436e-07,-6.907844
2015-10-08 02:00:00,-5.590862,1.4058621,0.0017241446,752.57794,2.4756,2.8112,-63.5,-81.0,359.35,4.666666666666667,1e-09,1.1532095e-07,-6.9386487
2015-10-08 03:00:00,-3.12,3.9318335,-1.1515,772.7938,2.4565306,2.9279592,-61.333333333333336,-75.0,443.18333333333334,5.666666666666667,1e-09,1.2497428e-07,-6.9035068
2015-10-08 04:00:00,-1.7851666,5.6703334,1.0913334,779.9942,2.5378847,3.0867307,-64.71666666666667,-76.0,477.6166666666667,5.666666666666667,1.2617135e-09,1.1168463e-07,-6.9523478
2015-10-08 05:00:00,-3.6801724,3.5734482,-0.18568967,750.5222,2.715111,3.0597777,-62.516666666666666,-80.0,1233.3,5.666666666666667,1.0577233e-08,1.1957928e-07,-6.924399
2015-10-08 06:00:00,-4.7034483,0.772931,2.9106898,743.2653,2.5981631,2.8757143,-53.36666666666667,-67.0,725.7333333333333,5.666666666666667,4.935044e-09,1.6194392e-07,-6.804143
2015-10-08 07:00:00,-4.537069,1.4436208,0.47775865,732.09247,2.7765,2.97825,-54.233333333333334,-63.0,408.6333333333333,5.666666666666667,1.5437215e-09,1.10432374e-07,-6.959348
2015-10-08 08:00:00,-0.8605454,1.0894545,-0.5492727,774.4868,2.3186843,2.745263,-50.43333333333333,-59.0,788.45,5.666666666666667,-68332.65,-68332.65,-6.869568
2015-10-08 09:00:00,-4.418947,-0.63403505,-0.064035095,735.8586,2.284634,2.482439,-42.18333333333333,-60.0,363.6333333333333,4.333333333333333,-31666.35,-31666.35,-7.0239697
2015-10-08 10:00:00,-1.6216667,3.4533334,-0.5198333,751.8588,2.1982353,2.4772549,-38.93333333333333,-59.0,483.65,4.333333333333333,4.467239e-09,1.0937963e-07,-6.961594
2015-10-08 11:00:00,-0.44783333,4.9945,-0.35033333,750.5297,2.0840425,2.3465958,-39.5,-56.0,980.0,4.333333333333333,1.3036238e-08,1.2431006e-07,-6.905955
2015-10-08 12:00:00,-0.08833334,3.7766669,-1.3643334,753.18335,2.2770834,2.5816667,-48.28333333333333,-61.0,957.6333333333333,5.0,1.0859435e-08,1.1944329e-07,-6.9230423
2015-10-08 13:00:00,1.4491667,4.575667,-0.80300003,761.66254,2.1497917,2.4904168,-48.666666666666664,-63.0,1231.0833333333333,5.0,2.1100426e-08,1.2924924e-07,-6.8890786
2015-10-08 14:00:00,-0.55322033,3.9277966,0.05220339,732.00446,2.304,2.47,-50.35,-65.0,968.1833333333333,5.0,1.8571397e-08,1.3577146e-07,-6.8681197
2015-10-08 15:00:00,-2.4554236,1.6037289,-2.0718644,722.1246,2.3454716,2.4430187,-52.5,-65.0,749.2666666666667,4.666666666666667,8.775706e-09,1.2557403e-07,-6.9023814
2015-10-08 16:00:00,-2.3798332,2.2751665,-2.4806666,716.34515,2.0433333,2.0949018,-54.81666666666667,-66.0,850.2833333333333,4.666666666666667,1.0123112e-08,1.2818055e-07,-6.892731
2015-10-08 17:00:00,-3.1518965,3.8279312,-0.32068965,698.8761,1.9293479,1.8876088,-53.516666666666666,-68.0,980.3666666666667,4.666666666666667,8.4901215e-09,1.2216886e-07,-6.9135895
2015-10-08 18:00:00,-1.1846668,3.1188333,0.99916667,731.62823,1.9169565,2.0434783,-45.15,-61.0,665.6333333333333,4.666666666666667,4.7455893e-09,1.2444282e-07,-6.90591
2015-10-08 19:00:00,-2.9471188,0.21000001,1.259661,720.3413,2.2886956,2.3715217,-40.11666666666667,-57.0,336.9,4.666666666666667,4.8122186e-09,1.18903166e-07,-6.9249578
2015-10-08 20:00:00,-1.1391525,2.543559,-0.19593221,746.35614,2.5696492,2.8640351,-37.43333333333333,-53.0,202.55,4.666666666666667,-14999.85,-14999.85,-6.885543
2015-10-08 21:00:00,-2.4015255,0.10305084,-0.39203387,736.13696,2.5945652,2.8102174,-46.06666666666667,-56.0,621.5333333333333,4.333333333333333,-8333.25,-8333.25,-6.9154773
2015-10-08 22:00:00,-3.196102,-0.17135595,0.26220337,735.01465,2.6034145,2.8153658,-47.36666666666667,-57.0,551.2333333333333,4.333333333333333,1.4797553e-09,1.1953519e-07,-6.922664
2015-10-08 23:00:00,-0.3162712,1.6222034,0.34881356,749.8558,2.136346,2.3996153,-44.81666666666667,-55.0,385.06666666666666,4.333333333333333,1.2914001e-09,1.2633875e-07,-6.8989177
2015-10-09 00:00:00,-0.92491525,2.3355932,1.460339,744.0796,2.155102,2.380408,-36.733333333333334,-49.0,291.9166666666667,4.0,1.0516475e-09,1.2392724e-07,-6.9075394
2015-10-09 01:00:00,1.418305,4.043898,0.49474576,758.9154,1.9615384,2.259423,-38.93333333333333,-51.0,392.05,4.0,1.0502742e-09,1.2153397e-07,-6.9158206
2015-10-09 02:00:00,0.6113333,2.9375,1.9148333,745.84283,1.8198214,2.033393,-42.083333333333336,-56.0,539.15,4.0,1.0109681e-09,1.0955104e-07,-6.961076
2015-10-09 03:00:00,-0.92322034,3.0264406,1.2745762,718.08246,1.6640351,1.7191228,-36.81666666666667,-49.0,332.05,3.6666666666666665,1.0006919e-09,1.0777718e-07,-6.9678545
2015-10-09 04:00:00,-2.8768334,0.99899995,-0.90166664,683.0561,1.7758536,1.6604879,-39.5,-49.0,520.2166666666667,3.6666666666666665,1.000346e-09,1.0444635e-07,-6.981216
2015-10-09 05:00:00,-1.5426667,0.11233334,0.10933333,698.2808,2.1211538,2.0676923,-37.5,-47.0,366.45,3.6666666666666665,1e-09,1.02788334e-07,-6.9883347
2015-10-09 06:00:00,-2.5406668,1.1003333,1.5078334,680.7102,2.3136733,2.1363266,-36.95,-45.0,154.6,2.6666666666666665,1e-09,9.883319e-08,-7.0053325
2015-10-09 07:00:00,-3.3666666,-0.9945,1.3665,667.81573,2.2803922,2.0331373,-29.416666666666668,-39.0,112.16666666666667,2.6666666666666665,1e-09,9.810845e-08,-7.0085053
2015-10-09 08:00:00,-3.8215516,-1.0918965,0.35,659.56134,2.3286364,2.0279546,-23.15,-34.0,108.48333333333333,2.6666666666666665,-66666.0,-66666.0,-7.013105
2015-10-09 09:00:00,-2.153,0.8461667,0.021499991,665.3578,2.3344445,2.058889,-18.116666666666667,-35.0,314.6,3.3333333333333335,-28333.05,-28333.05,-7.12688
2015-10-09 10:00:00,1.544,2.0413334,-1.0531666,699.65094,2.0990567,2.0530188,-23.133333333333333,-44.0,516.7,3.3333333333333335,7.1224715e-09,9.71369e-08,-7.0136166
2015-10-09 11:00:00,-0.8595,1.1593333,-1.7996666,670.81964,2.4616072,2.2130358,-31.383333333333333,-51.0,565.0166666666667,3.3333333333333335,1.0249422e-08,1.0634614e-07,-6.974284
2015-10-09 12:00:00,-1.3788334,2.7915,-0.8876667,663.6264,2.5832076,2.2732077,-25.083333333333332,-40.0,929.7833333333333,4.666666666666667,1.7422556e-08,1.1974974e-07,-6.9230294
2015-10-09 13:00:00,0.054166675,2.0165,-2.2441666,674.85095,2.5035849,2.2786794,-28.3,-45.0,734.2,4.666666666666667,9.559394e-09,1.0590178e-07,-6.975257
2015-10-09 14:00:00,-2.97,0.91593224,-2.6488135,647.66,2.298222,1.9286667,-32.6,-51.0,695.35,4.666666666666667,1.3432226e-08,1.09255815e-07,-6.961873
2015-10-09 15:00:00,-3.2688334,-2.1156666,-0.59666663,641.4868,2.6084905,2.1467924,-31.733333333333334,-53.0,527.9166666666666,4.666666666666667,1.1074291e-08,1.1580998e-07,-6.936617
2015-10-09 16:00:00,-2.7059321,0.26576272,-2.898983,644.5377,2.4950945,2.0720754,-31.216666666666665,-49.0,474.8666666666667,4.666666666666667,7.741194e-09,1.11110204e-07,-6.954414
2015-10-09 17:00:00,-3.594386,-1.1119299,-2.1812282,630.26904,2.6188095,2.0828571,-30.466666666666665,-47.0,453.68333333333334,4.666666666666667,1.0932658e-08,1.1292874e-07,-6.9474096
2015-10-09 18:00:00,-4.586102,0.07288135,-1.720339,622.41565,2.1260784,1.6513726,-34.88333333333333,-52.0,524.45,4.333333333333333,9.219721e-09,1.0942181e-07,-6.9610806
2015-10-09 19:00:00,-4.5323334,0.12616669,-1.7713333,628.3341,1.8179545,1.4304545,-38.4,-54.0,547.1,4.333333333333333,9.324462e-09,1.0834585e-07,-6.965298
2015-10-09 20:00:00,-3.646724,3.1281035,-1.5062069,661.1213,1.6095746,1.409149,-40.11666666666667,-55.0,596.0333333333333,4.333333333333333,-1666.65,-1666.65,-6.9593697
2015-10-09 21:00:00,-3.9555001,0.8081667,-2.5540001,661.3674,1.8193479,1.5921738,-42.416666666666664,-57.0,717.5833333333334,4.0,-8333.25,-8333.25,-6.8926234
2015-10-09 22:00:00,-3.7371666,3.0576668,-0.33683333,655.54254,1.7991489,1.5502127,-43.983333333333334,-55.0,663.65,4.0,5.773054e-09,1.3116863e-07,-6.884118
2015-10-09 23:00:00,-4.130339,1.9527118,0.66694915,639.93616,1.6651064,1.3642554,-43.68333333333333,-54.0,336.95,4.0,4.874536e-09,1.10225514e-07,-6.9581785
2015-10-10 00:00:00,-3.87,1.4183333,0.40899998,643.56226,1.6551112,1.3704444,-39.05,-50.0,267.25,3.3333333333333335,1.966581e-09,1.04843586e-07,-6.979608
2015-10-10 01:00:00,-4.8718643,-0.69610167,-1.1566101,652.7167,1.6183333,1.377381,-31.0,-46.0,454.28333333333336,3.3333333333333335,1.1771365e-09,1.05103005e-07,-6.9785876
2015-10-10 02:00:00,-4.9855,-1.5311667,0.14533333,628.7022,1.4843478,1.175,-35.03333333333333,-47.0,311.1333333333333,3.3333333333333335,1.0269022e-09,9.946483e-08,-7.0024676
2015-10-10 03:00:00,-4.8641376,-1.2681035,0.8505172,628.6238,1.3507143,1.0678571,-38.0,-48.0,103.28333333333333,3.0,1.0213422e-09,9.842396e-08,-7.0074944
2015-10-10 04:00:00,-3.4780703,-1.6724561,1.4217544,647.35004,1.545909,1.2981818,-35.416666666666664,-44.0,100.55,3.0,1.0076746e-09,9.528241e-08,-7.0214095
2015-10-10 05:00:00,-3.875932,1.1959321,-0.67644066,634.9826,1.4376086,1.1578261,-36.11666666666667,-45.0,239.66666666666666,3.0,1.0075897e-09,9.695897e-08,-7.0135183
2015-10-10 06:00:00,-3.6959999,0.7325,-2.9793332,633.104,1.4214,1.1424,-33.7,-43.0,331.9,3.3333333333333335,1e-09,9.855007e-08,-7.0068808
2015-10-10 07:00:00,-5.0084906,1.0143396,0.46867925,604.3861,1.2969444,0.94777775,-37.666666666666664,-47.0,574.3833333333333,3.3333333333333335,1.0113973e-09,1.0011295e-07,-6.999648
2015-10-10 08:00:00,-3.1720688,0.81086206,3.6536207,626.2156,1.2164445,0.9582222,-28.1,-38.0,205.23333333333332,3.3333333333333335,-64999.35,-64999.35,-7.006818
2015-10-10 09:00:00,-2.7133334,-0.38166666,3.7350001,620.2104,1.2629167,0.97208333,-18.066666666666666,-34.0,104.05,1.6666666666666665,-26666.4,-26666.4,-7.1299634
2015-10-10 10:00:00,-2.6501725,-0.9005172,3.5849998,615.2048,1.2071428,0.91333336,-14.183333333333334,-34.0,98.68333333333334,1.6666666666666665,1e-09,9.144585e-08,-7.039132
2015-10-10 11:00:00,-1.3817241,2.528276,1.9960344,618.2851,1.3321277,1.0161703,-16.35,-35.0,83.11666666666666,1.6666666666666665,1e-09,1.02007256e-07,-6.9959273
2015-10-10 12:00:00,-2.7136207,-0.020344835,2.8318965,603.5333,1.323125,0.9635417,-20.083333333333332,-36.0,140.43333333333334,1.6666666666666665,1.0156179e-09,1.0540528e-07,-6.977689
2015-10-10 13:00:00,-3.3236666,1.6613333,0.85616666,593.1591,1.506591,1.0652273,-18.15,-35.0,62.95,1.6666666666666665,1.2496458e-09,1.1424642e-07,-6.9439745
2015-10-10 14:00:00,0.065000005,3.9273334,0.33650002,610.9978,1.528889,1.1428889,-17.183333333333334,-36.0,150.03333333333333,1.6666666666666665,1.0030217e-09,1.0788958e-07,-6.967267
2015-10-10 15:00:00,1.6611865,4.3688135,0.30644068,614.8608,1.5821569,1.1978432,-23.1,-40.0,445.2,2.6666666666666665,1.2845539e-09,1.1016855e-07,-6.9581766
2015-10-10 16:00:00,-1.2096667,3.2393334,1.0046667,577.1302,1.6562264,1.1024529,-24.05,-42.0,508.18333333333334,2.6666666666666665,6.0853242e-09,1.1629309e-07,-6.934622
2015-10-10 17:00:00,-2.694,2.921,1.1698334,560.6583,1.6750001,1.053125,-20.5,-43.0,298.0833333333333,2.6666666666666665,6.322741e-09,1.1956043e-07,-6.9225383
2015-10-10 18:00:00,-2.9286666,1.5303333,0.185,558.7692,1.705577,1.0655769,-18.166666666666668,-43.0,139.66666666666666,1.3333333333333333,5.9953624e-09,1.2245938e-07,-6.9121037
2015-10-10 19:00:00,0.024576273,1.9201695,1.2716949,567.702,1.5291836,0.9863265,-21.133333333333333,-45.0,113.7,1.3333333333333333,5.0283693e-09,1.2923172e-07,-6.888801
2015-10-10 20:00:00,-2.2375,1.5951667,-0.48883334,542.24585,1.6597916,0.976875,-25.5,-46.0,160.7,1.3333333333333333,-1666.65,-1666.65,-6.8966875
2015-10-10 21:00:00,-2.3531668,0.9528333,-1.488,535.3708,1.851875,1.061875,-30.916666666666668,-49.0,188.15,2.0,-4999.95,-4999.95,-6.899548
2015-10-10 22:00:00,-0.9005,1.0726666,-3.1495001,533.90186,1.5581481,0.8888889,-35.583333333333336,-52.0,370.6666666666667,2.0,2.0157078e-09,1.2307245e-07,-6.909943
2015-10-10 23:00:00,-1.6501695,-0.1818644,-2.478983,523.80536,1.3671428,0.75,-42.86666666666667,-56.0,516.9,2.0,1.395126e-09,1.2527967e-07,-6.9024057
2015-10-11 00:00:00,-1.1579311,-0.36862066,-1.4424138,509.46976,1.7795348,0.9227907,-38.833333333333336,-55.0,390.96666666666664,3.6666666666666665,1.4299099e-09,1.3714194e-07,-6.863092
2015-10-11 01:00:00,-0.006166666,1.0411667,-2.5336668,505.31628,1.7083721,0.8732558,-33.416666666666664,-50.0,385.98333333333335,3.6666666666666665,1.4079973e-09,1.2299536e-07,-6.910369
2015-10-11 02:00:00,-0.23233333,2.4683335,-2.4205,494.04074,2.0487037,0.9994445,-33.333333333333336,-48.0,403.0,3.6666666666666665,1.1209089e-09,1.1999776e-07,-6.920921
2015-10-11 03:00:00,-0.17288135,2.616949,-1.2942373,491.9648,2.1846297,1.0555556,-39.483333333333334,-49.0,368.76666666666665,2.6666666666666665,1.0010379e-09,1.1302986e-07,-6.946938
2015-10-11 04:00:00,-2.3641818,0.6685455,0.62836367,467.62622,2.6685715,1.1666666,-40.266666666666666,-48.0,199.36666666666667,2.6666666666666665,1.000346e-09,1.11499716e-07,-6.952853
2015-10-11 05:00:00,-1.3572881,2.1200001,0.09016949,479.251,2.5650983,1.1756862,-34.03333333333333,-42.0,139.36666666666667,2.6666666666666665,1e-09,1.1297136e-07,-6.9470906
2015-10-11 06:00:00,-2.7736666,2.0353334,-0.16849999,468.79788,2.8002129,1.2312766,-29.9,-39.0,205.83333333333334,1.3333333333333333,1.009749e-09,1.238735e-07,-6.907305
2015-10-11 07:00:00,-2.1775863,1.6825862,2.2722414,473.10416,2.549375,1.1408333,-23.316666666666666,-32.0,141.05,1.3333333333333333,1.0204364e-09,1.2847202e-07,-6.891243
2015-10-11 08:00:00,-2.3158622,-0.16327587,3.237931,463.85385,2.6733334,1.1484616,-16.366666666666667,-27.0,86.06666666666666,1.3333333333333333,-63332.7,-63332.7,-6.8921084
2015-10-11 09:00:00,-2.8315253,0.5328814,2.3837287,460.93396,3.0739622,1.3020755,-7.95,-26.0,71.13333333333334,1.3333333333333333,-23333.1,-23333.1,-7.0243936
2015-10-11 10:00:00,-1.4767796,2.3161016,1.2150848,475.16727,2.8905454,1.3058182,-5.8,-27.0,62.56666666666667,1.3333333333333333,1e-09,1.1189305e-07,-6.951341
2015-10-11 11:00:00,-0.997,3.4163332,-1.3738333,476.9827,3.3076923,1.5071155,-11.55,-30.0,217.91666666666666,1.3333333333333333,1.003914e-09,1.0715379e-07,-6.9702525
2015-10-11 12:00:00,-0.75,3.2196295,-0.74444443,475.93024,3.667907,1.6593022,-16.166666666666668,-32.0,511.3833333333333,2.6666666666666665,4.8747495e-09,1.14915785e-07,-6.940579
2015-10-11 13:00:00,-3.2133899,1.8313558,-0.80864406,457.8,4.615102,1.932449,-16.75,-33.0,409.26666666666665,2.6666666666666665,5.3031513e-09,1.3701735e-07,-6.8633914
2015-10-11 14:00:00,-2.2496428,1.5898215,-2.1257143,464.08463,4.484872,1.9323077,-13.3,-31.0,244.06666666666666,2.6666666666666665,4.516801e-09,1.3280781e-07,-6.8775244
2015-10-11 15:00:00,-2.3442593,1.7020371,0.037222225,460.94327,4.798649,2.038108,-15.9,-30.0,296.51666666666665,2.3333333333333335,1.4358557e-09,1.3131108e-07,-6.8818955
2015-10-11 16:00:00,-1.5070176,0.93999994,2.8342106,463.11087,4.7636957,2.0404348,-13.966666666666667,-26.0,243.16666666666666,2.3333333333333335,1.8276731e-08,3.5787573e-07,-6.458512
2015-10-11 17:00:00,-1.7735001,0.7118333,-1.6111666,460.68112,5.362264,2.2696226,-10.15,-24.0,188.25,2.3333333333333335,4.914275e-09,3.0431536e-07,-6.5210404
2015-10-11 18:00:00,-1.3698334,0.9426667,-3.5005,463.2707,5.0581036,2.17,-12.0,-30.0,390.6166666666667,3.0,1.9571036e-09,2.008012e-07,-6.6982007
2015-10-11 19:00:00,-2.267627,-0.8406779,-3.981695,462.3449,5.825306,2.4924488,-17.466666666666665,-35.0,555.5166666666667,3.0,5.5386846e-09,1.8813617e-07,-6.7268276
2015-10-11 20:00:00,-3.8503335,0.7338333,-1.3165,454.4216,7.083784,2.9240541,-25.033333333333335,-41.0,453.85,3.0,-1666.65,-1666.65,-6.7438316
2015-10-11 21:00:00,-0.8345,3.2086668,0.446,463.53146,5.8505554,2.512037,-23.783333333333335,-39.0,143.26666666666668,3.0,-4999.95,-4999.95,-6.6457753
2015-10-11 22:00:00,-2.3463333,2.7898333,-0.19516666,456.15964,6.145577,2.5598078,-20.816666666666666,-33.0,335.78333333333336,3.0,2.6581165e-07,2.6967982e-06,-5.5861444
2015-10-11 23:00:00,-3.5425422,2.0752542,2.0525424,449.91162,6.572325,2.669535,-14.616666666666667,-27.0,221.53333333333333,3.0,4.5399393e-08,1.6370678e-06,-5.8033495
2015-10-12 00:00:00,-1.2471668,2.8765,2.6091666,455.41553,5.964667,2.4735556,-9.766666666666667,-24.0,58.31666666666667,1.0,4.5134514e-09,6.477793e-07,-6.1959186
2015-10-12 01:00:00,-2.7961667,2.3603332,2.6546667,448.0896,6.636667,2.6627083,-9.783333333333333,-23.0,36.516666666666666,1.0,1.0238609e-09,3.983674e-07,-6.40191
2015-10-12 02:00:00,-1.7730509,3.4432201,-0.5732203,452.15308,6.428776,2.6257143,-9.816666666666666,-22.0,91.61666666666666,1.0,1.0022674e-09,2.9525935e-07,-6.532949
2015-10-12 03:00:00,-3.0715253,0.5647458,3.4430509,448.09998,6.779756,2.7114635,-15.116666666666667,-21.0,177.98333333333332,2.6666666666666665,1e-09,3.2699188e-07,-6.487158
2015-10-12 04:00:00,-0.3816949,2.721017,1.647966,463.2845,6.112069,2.6224139,-13.616666666666667,-18.0,184.83333333333334,2.6666666666666665,1.0531724e-09,3.3446287e-07,-6.479392
2015-10-12 05:00:00,-3.7668333,1.6143334,2.535,443.66666,7.2973332,2.8720002,-15.866666666666667,-20.0,99.35,2.6666666666666665,1e-09,2.8269173e-07,-6.5494537
2015-10-12 06:00:00,-1.8661016,4.69,-2.063051,447.66843,6.7814035,2.7171931,-13.15,-20.0,176.31666666666666,2.6666666666666665,2.7369549e-09,3.524763e-07,-6.4787345
2015-10-12 07:00:00,-3.6231666,3.0589998,-0.6838333,427.46603,6.5707545,2.3999999,-13.683333333333334,-24.0,428.75,2.6666666666666665,1.2370882e-09,3.6075775e-07,-6.4544544
2015-10-12 08:00:00,-3.9601753,-0.23456141,-0.64701754,433.71765,7.8920593,2.9714706,-11.7,-22.0,380.31666666666666,2.6666666666666665,-59999.4,-59999.4,-6.48387
2015-10-12 09:00:00,-3.2308335,4.800667,-1.7071667,444.80548,6.8725452,2.7192726,-5.916666666666667,-22.0,351.48333333333335,4.0,-18333.15,-18333.15,-6.562421
2015-10-12 10:00:00,-1.8447458,5.7327123,-2.6652544,458.72073,7.3179245,3.0788682,-9.85,-28.0,508.75,4.0,3.4675094e-09,2.691061e-07,-6.5701284
2015-10-12 11:00:00,-0.81293106,2.9370692,-1.4017242,481.17,8.313,3.8514001,-9.133333333333333,-30.0,679.7666666666667,4.0,1.781958e-08,4.3239208e-07,-6.37659
2015-10-12 12:00:00,-1.8455932,3.739661,0.5147458,492.19788,6.7314897,3.2610638,-15.333333333333334,-34.0,471.03333333333336,3.3333333333333335,6.8549633e-09,3.7152284e-07,-6.4323225
2015-10-12 13:00:00,-3.3544827,3.5994828,2.6036205,488.83182,7.1886363,3.4275,-12.166666666666666,-32.0,270.3833333333333,3.3333333333333335,3.674724e-09,3.463552e-07,-6.460617
2015-10-12 14:00:00,-2.2,2.9553845,1.5703845,486.72223,7.782963,3.6796296,-7.7,-27.0,176.53333333333333,3.3333333333333335,1e-09,3.0657466e-07,-6.5138345
2015-10-12 15:00:00,-2.7105083,5.000678,-0.105762705,486.98114,7.786981,3.6937737,-9.866666666666667,-27.0,175.28333333333333,5.0,1.00173e-09,2.8384014e-07,-6.547093
2015-10-12 16:00:00,3.116949,1.580678,-6.2515254,503.4608,6.2429414,3.1688235,-21.966666666666665,-33.0,618.5333333333333,5.0,1.6351274e-09,2.96796e-07,-6.528038
2015-10-12 17:00:00,0.51766664,2.721,-5.2451663,498.40378,6.6986794,3.3209434,-28.433333333333334,-40.0,1162.5833333333333,5.0,2.0794886e-08,4.5065443e-07,-6.4174414
2015-10-12 18:00:00,-4.454655,3.0306897,1.972931,500.23773,6.9407544,3.4732075,-34.95,-52.0,708.6333333333333,3.6666666666666665,3.9899763e-09,3.444852e-07,-6.471891
2015-10-12 19:00:00,-3.9503334,4.4448333,2.838,506.52747,6.5878434,3.379412,-25.383333333333333,-48.0,305.8833333333333,3.6666666666666665,1.0576233e-09,2.8071088e-07,-6.5519185
2015-10-12 20:00:00,-1.1975,4.514167,-0.7575,517.644,6.5042,3.4901998,-21.633333333333333,-42.0,248.05,3.6666666666666665,1.0455412e-09,3.1047432e-07,-6.5083284
2015-10-12 21:00:00,-1.8332076,1.2341509,-4.1854715,515.36273,6.300196,3.3415687,-28.783333333333335,-46.0,586.5833333333334,4.0,1e-09,3.4257093e-07,-6.4657006
2015-10-12 22:00:00,-2.4378948,4.7145615,2.5729825,523.5711,6.286889,3.4522223,-34.31666666666667,-49.0,495.1166666666667,4.0,1.0009537e-09,3.3120574e-07,-6.4821467
2015-10-12 23:00:00,-3.8655,4.8046665,0.78683335,515.0958,5.542708,2.9425,-28.383333333333333,-44.0,211.05,4.0,1e-09,3.1178243e-07,-6.5065517
2015-10-13 00:00:00,-5.1227117,4.356271,0.53677964,504.2771,5.5008335,2.7983334,-26.683333333333334,-41.0,278.68333333333334,2.0,1e-09,3.2947315e-07,-6.4831905
2015-10-13 01:00:00,-5.780526,-1.9456141,2.683158,501.01666,5.572619,2.7907143,-24.183333333333334,-37.0,148.35,2.0,1.16542886e-07,1.5509737e-06,-5.9310827
2015-10-13 02:00:00,-4.783051,2.0954237,1.6801695,522.7917,4.9877086,2.7235415,-21.65,-33.0,126.43333333333334,2.0,1.3079202e-09,4.8752446e-07,-6.3272815
2015-10-13 03:00:00,-2.1908333,5.2521667,-0.7916667,555.78265,4.063654,2.5090384,-21.866666666666667,-32.0,347.01666666666665,3.6666666666666665,9.711362e-09,5.3068857e-07,-6.3232274
2015-10-13 04:00:00,-0.93,4.6401668,-0.95133334,571.00604,4.0722,2.6601999,-23.983333333333334,-33.0,537.2166666666667,3.6666666666666665,1e-09,3.0636323e-07,-6.514603
2015-10-13 05:00:00,-0.010166657,5.6275,-1.0733334,574.8321,3.674717,2.4279244,-29.45,-35.0,494.85,3.6666666666666665,1e-09,3.0181894e-07,-6.5215855
2015-10-13 06:00:00,1.3083333,5.0481663,-2.2036667,583.4828,3.7163794,2.5358622,-35.95,-41.0,630.05,4.333333333333333,1.642006e-09,2.796349e-07,-6.553673
2015-10-13 07:00:00,-2.7288332,3.142,1.1543334,550.2225,3.7291837,2.2571428,-32.5,-39.0,568.55,4.333333333333333,6.7575288e-09,3.8126112e-07,-6.4251027
2015-10-13 08:00:00,-2.7058334,2.4208333,-2.3503335,555.1347,4.139184,2.552245,-20.4,-30.0,438.03333333333336,4.333333333333333,-58332.75,-58332.75,-6.0289936
2015-10-13 09:00:00,-5.2070174,0.84017545,-1.3382456,542.9424,4.1239395,2.43,-13.55,-32.0,799.5833333333334,4.333333333333333,-13333.2,-13333.2,-6.4634223
2015-10-13 10:00:00,-4.4885187,1.6274073,3.840926,544.8206,3.8597057,2.2911766,-8.733333333333333,-31.0,215.11666666666667,4.333333333333333,2.5512727e-09,2.922355e-07,-6.534524
2015-10-13 11:00:00,-3.5744069,0.5355932,3.2764406,550.93616,3.996383,2.4202127,-7.55,-28.0,98.91666666666667,4.333333333333333,1e-09,2.8191621e-07,-6.550758
2015-10-13 12:00:00,-5.0043335,-2.066,2.154,535.6519,4.1740384,2.3948076,-7.9,-25.0,78.05,2.3333333333333335,1e-09,3.4224416e-07,-6.4666004
2015-10-13 13:00:00,-5.9555173,0.60327584,0.057931036,517.27234,4.3923407,2.3529787,-8.85,-26.0,48.21666666666667,2.3333333333333335,1.7045504e-09,3.8492738e-07,-6.4201694
2015-10-13 14:00:00,-5.562182,2.796909,-2.058909,525.09753,4.95625,2.7335,-11.2,-28.0,136.0,2.3333333333333335,2.0083534e-07,2.6970295e-06,-5.6706295
2015-10-13 15:00:00,-5.786949,2.188983,-2.8549154,525.48444,5.1031113,2.8175557,-19.516666666666666,-31.0,805.1,4.0,2.1201508e-08,1.1255395e-06,-6.0039744
2015-10-13 16:00:00,-6.585593,1.7516949,-1.7642373,516.22003,5.18225,2.763,-27.75,-37.0,813.7333333333333,4.0,4.531981e-09,3.7331844e-07,-6.430408
2015-10-13 17:00:00,-6.797414,-0.23517242,-1.4196551,514.14996,4.9520454,2.6197727,-26.383333333333333,-41.0,589.5,4.0,4.8085136e-09,3.5648608e-07,-6.450748
2015-10-13 18:00:00,-6.3270907,0.7767273,1.2310909,514.7596,5.0451064,2.674681,-15.316666666666666,-36.0,343.8,4.333333333333333,1.2882819e-09,3.0672769e-07,-6.5135717
2015-10-13 19:00:00,-5.3963156,1.7708772,1.5463158,520.90576,5.0009613,2.7186537,-8.5,-30.0,145.81666666666666,4.333333333333333,1.392226e-09,3.3671787e-07,-6.474745
2015-10-13 20:00:00,-4.1103334,3.3486667,-3.0379999,521.40765,4.831154,2.6301923,-14.95,-34.0,301.6,4.333333333333333,1.0027165e-09,3.006391e-07,-6.5228167
2015-10-13 21:00:00,-3.7248335,3.063,-2.2523334,503.47498,4.8728848,2.4663463,-30.166666666666668,-44.0,791.75,4.333333333333333,1.1154316e-09,2.9011832e-07,-6.538603
2015-10-13 22:00:00,0.9195,1.472,-6.080333,529.68823,4.449216,2.497843,-31.233333333333334,-44.0,713.8166666666667,4.333333333333333,1.0202437e-09,2.839009e-07,-6.5471945
2015-10-13 23:00:00,4.3315,0.89266664,-4.870333,524.7259,3.195,1.7679629,-41.016666666666666,-51.0,587.6666666666666,4.333333333333333,2.278829e-09,3.7199854e-07,-6.4441447
2015-10-14 00:00:00,-2.1291666,1.2099999,-1.9613334,497.2532,3.250851,1.6085106,-40.766666666666666,-50.0,437.8333333333333,4.0,1e-09,3.3724365e-07,-6.4725804
2015-10-14 01:00:00,-2.5037289,2.6115255,-2.5855932,488.6234,3.6046808,1.7238297,-35.6,-46.0,348.2,4.0,1e-09,3.1834116e-07,-6.497755
2015-10-14 02:00:00,2.2226667,4.0878334,-3.894,499.02103,3.5145614,1.7524562,-28.416666666666668,-42.0,664.2666666666667,4.0,1e-09,2.759506e-07,-6.559402
2015-10-14 03:00:00,-1.4975,4.5323334,-3.0421667,502.26276,3.4376469,1.7356863,-37.416666666666664,-44.0,677.7833333333333,4.333333333333333,1.0010379e-09,3.5662384e-07,-6.4520764
2015-10-14 04:00:00,-4.1315,6.1115003,-2.6694999,495.1138,3.2010345,1.5701724,-45.15,-48.0,606.4,4.333333333333333,1e-09,3.1211866e-07,-6.5067463
2015-10-14 05:00:00,-4.4439287,5.741071,-1.1892856,507.33777,3.3664446,1.7371111,-49.916666666666664,-53.0,692.9666666666667,4.333333333333333,1e-09,3.195405e-07,-6.4978576
2015-10-14 06:00:00,-6.437241,2.2425864,2.0358622,522.36975,3.523721,1.9225581,-47.81666666666667,-53.0,398.68333333333334,4.0,1e-09,3.0929397e-07,-6.5129
2015-10-14 07:00:00,-4.0740676,3.74,-0.24525422,531.1347,3.6822448,2.0838776,-33.03333333333333,-41.0,340.35,4.0,5.7019345e-09,3.7509795e-07,-6.4492574
2015-10-14 08:00:00,-4.732143,2.4973216,2.4287498,528.1932,2.7538636,1.5379544,-28.933333333333334,-41.0,273.06666666666666,4.0,-54999.45,-54999.45,-6.388166
2015-10-14 09:00:00,-3.2416363,2.6970909,-2.6367273,530.1548,3.1383333,1.7604762,-19.3,-39.0,515.3833333333333,4.0,-8333.25,-8333.25,-6.496973
2015-10-14 10:00:00,-3.2078333,3.1411667,-3.431,521.05634,2.7965455,1.5158182,-15.35,-37.0,717.9833333333333,4.0,7.797638e-09,3.0453887e-07,-6.516626
2015-10-14 11:00:00,-3.393051,3.2867796,-0.81220335,513.6829,2.6168294,1.3804878,-25.366666666666667,-49.0,753.2,4.0,1.809864e-08,4.4437402e-07,-6.363023
2015-10-14 12:00:00,-3.0866666,3.1230302,2.1924243,517.1111,2.8533335,1.5177778,-23.9,-43.0,413.95,3.6666666666666665,4.0228483e-09,3.766282e-07,-6.42584
2015-10-14 13:00:00,-4.2719445,1.0438888,-0.47388887,507.29602,3.5384,1.8192,-21.033333333333335,-40.0,340.68333333333334,3.6666666666666665,3.1439587e-08,7.747877e-07,-6.2051787
2015-10-14 14:00:00,-3.7291667,-0.02633332,-0.6091667,506.3617,3.5565958,1.8195744,-20.233333333333334,-40.0,130.58333333333334,3.6666666666666665,1.0006919e-09,2.9531793e-07,-6.530255
2015-10-14 15:00:00,-4.0665,1.1948334,-0.197,499.07022,3.3523405,1.6704255,-20.833333333333332,-39.0,207.05,2.6666666666666665,3.5521643e-09,3.6352614e-07,-6.4668636
2015-10-14 16:00:00,-4.22,1.3641666,-2.4853332,498.108,3.0454001,1.51,-23.6,-38.0,341.9,2.6666666666666665,1.3117607e-09,3.7413983e-07,-6.4310174
2015-10-14 17:00:00,-2.9843333,2.6523333,-2.3661666,498.24075,2.850926,1.4125925,-22.683333333333334,-36.0,470.55,2.6666666666666665,2.6161358e-08,6.620583e-07,-6.2702866
2015-10-14 18:00:00,-4.0496554,1.647069,-0.08896552,485.17108,2.7904444,1.314,-26.733333333333334,-41.0,510.65,3.0,1.0088769e-08,6.8215036e-07,-6.1728454
2015-10-14 19:00:00,-2.9968333,2.7833333,0.6706667,492.85715,2.5628572,1.2444898,-21.566666666666666,-37.0,293.7,3.0,1.3546404e-09,3.9319858e-07,-6.408089
2015-10-14 20:00:00,-3.3556142,2.0992982,0.9057895,485.2311,2.6573334,1.2504444,-21.05,-37.0,107.43333333333334,3.0,2.6511e-09,4.5172337e-07,-6.347671
2015-10-14 21:00:00,-4.1237288,1.2118644,0.40745765,472.5979,2.9958334,1.339375,-20.4,-36.0,72.2,2.3333333333333335,1.0147799e-09,3.3524546e-07,-6.476002
2015-10-14 22:00:00,-3.4308622,1.4167241,-0.5039655,469.06326,2.5310204,1.1136734,-21.133333333333333,-34.0,73.61666666666666,2.3333333333333335,1.0678413e-09,3.2994575e-07,-6.4844685
2015-10-14 23:00:00,-3.3383052,-0.27271187,-1.2147458,461.68286,2.098,0.894,-19.533333333333335,-31.0,173.86666666666667,2.3333333333333335,5.2241136e-09,4.5795724e-07,-6.351343
2015-10-15 00:00:00,-2.729655,1.5953448,-1.2296551,459.86667,2.116,0.89533335,-15.366666666666667,-27.0,194.25,2.6666666666666665,1e-09,3.1030004e-07,-6.509118
2015-10-15 01:00:00,-3.3332727,-0.5692727,0.73618186,455.04874,2.2976923,0.9515385,-12.566666666666666,-26.0,96.68333333333334,2.6666666666666665,3.857281e-08,8.384281e-07,-6.18205
2015-10-15 02:00:00,-2.342,2.0115001,1.1506667,475.6102,2.439592,1.1018367,-12.216666666666667,-23.0,101.86666666666666,2.6666666666666665,1.6802945e-08,9.735063e-07,-6.0330534
2015-10-15 03:00:00,-3.999655,0.86275864,1.6010345,465.38373,2.9634883,1.2823256,-14.283333333333333,-22.0,93.53333333333333,2.0,3.037749e-09,5.5203526e-07,-6.264455
2015-10-15 04:00:00,-2.9417543,3.0545614,0.9385965,472.9717,2.8039129,1.2526087,-14.416666666666666,-21.0,53.78333333333333,2.0,2.142793e-09,5.075642e-07,-6.3004885
2015-10-15 05:00:00,-0.19711536,5.221538,1.3673077,493.42053,2.9476924,1.434359,-12.45,-22.0,245.01666666666668,2.0,1e-09,3.4539283e-07,-6.462508
2015-10-15 06:00:00,-0.4645,5.6306667,0.46966666,482.74817,3.4433334,1.602963,-12.283333333333333,-24.0,298.1333333333333,2.0,2.1466493e-08,6.164675e-07,-6.2680717
2015-10-15 07:00:00,0.97333336,5.7825003,-0.98183334,486.42728,4.010909,1.9018182,-15.266666666666667,-25.0,345.43333333333334,2.0,8.077005e-09,4.773748e-07,-6.340033
2015-10-15 08:00:00,0.6455932,5.777966,0.9332204,481.9413,4.9019566,2.279348,-17.15,-29.0,443.8833333333333,2.0,-49999.5,-49999.5,-6.4215937
2015-10-15 09:00:00,0.5383333,5.3568335,1.3441666,471.05536,6.315536,2.7894645,-12.85,-32.0,490.03333333333336,2.0,-1666.65,-1666.65,-6.445353
2015-10-15 10:00:00,0.31647056,5.027647,2.4033334,458.11795,7.523846,3.1584616,-10.216666666666667,-33.0,256.25,2.0,3.1460864e-08,6.6442874e-07,-6.2594223
2015-10-15 11:00:00,-0.56133336,3.2798336,2.5398333,449.17398,8.348599,3.3679998,-5.5,-27.0,230.4,2.0,1.002053e-09,3.7491665e-07,-6.4268928
2015-10-15 12:00:00,2.144035,3.1426318,3.1978948,454.1171,7.3941464,3.0504878,-5.116666666666666,-25.0,115.91666666666667,1.3333333333333333,8.9987955e-09,4.3502988e-07,-6.391592
2015-10-15 13:00:00,-0.9628572,2.3210714,2.6801784,442.293,7.770697,3.0423255,-4.783333333333333,-23.0,72.4,1.3333333333333333,4.6926413e-08,7.470378e-07,-6.2439466
2015-10-15 14:00:00,2.3307273,4.854909,2.3887274,431.15872,6.4452176,2.3969567,-6.3,-22.0,228.2,1.3333333333333333,1.0778894e-09,3.5429923e-07,-6.4522066
2015-10-15 15:00:00,3.5705,4.8988333,1.5391667,434.61752,5.888947,2.2242105,-12.533333333333333,-22.0,271.6333333333333,1.3333333333333333,1.0251296e-09,3.8476932e-07,-6.415261
2015-10-15 16:00:00,4.5955935,5.2074575,1.0859323,435.46182,6.3412724,2.4043636,-14.883333333333333,-21.0,281.03333333333336,1.3333333333333333,2.3918377e-08,6.15032e-07,-6.2819686
2015-10-15 17:00:00,4.2313333,5.9231663,0.3218333,430.94308,6.475,2.4055173,-14.366666666666667,-25.0,283.76666666666665,1.3333333333333333,1.0027165e-09,4.363842e-07,-6.3606696
2015-10-15 18:00:00,3.2344067,4.3894916,-0.005254228,425.10507,7.5874577,2.738305,-12.0,-27.0,307.96666666666664,2.0,5.205929e-08,8.883278e-07,-6.1724067
2015-10-15 19:00:00,0.31338984,4.083898,2.7338984,427.88333,8.074444,2.9561112,-10.65,-30.0,205.35,2.0,5.7351848e-08,1.0992518e-06,-6.0062866
2015-10-15 20:00:00,0.7276271,3.9737287,2.2101693,436.29617,8.086923,3.070769,-8.183333333333334,-29.0,114.83333333333333,2.0,-14999.85,-14999.85,-6.1949706
2015-10-15 21:00:00,5.160333,2.7896667,-1.6509999,440.78543,6.955818,2.7029092,-9.2,-27.0,160.05,2.6666666666666665,5.911204e-08,1.0031742e-06,-6.094559
2015-10-15 22:00:00,4.6461663,3.8616667,0.27866665,439.90363,8.372727,3.2425454,-12.266666666666667,-27.0,296.68333333333334,2.6666666666666665,1.3512175e-07,1.1665194e-06,-6.072968
2015-10-15 23:00:00,5.3955,3.6318333,-0.93133336,435.32224,7.5916667,2.8787036,-12.066666666666666,-26.0,250.91666666666666,2.6666666666666665,3.8592913e-07,4.36188e-06,-5.427999
2015-10-16 00:00:00,4.82,3.8056667,-1.1506667,426.4204,7.487347,2.7242858,-13.083333333333334,-27.0,323.8333333333333,2.6666666666666665,2.3227846e-09,7.597522e-07,-6.1386247
2015-10-16 01:00:00,4.3463335,3.8426666,-1.4885,418.45602,7.646,2.6784,-15.383333333333333,-30.0,343.53333333333336,2.6666666666666665,1.0588762e-09,4.6504343e-07,-6.333562
2015-10-16 02:00:00,3.5654237,3.8188136,-1.3971187,414.85815,7.3689094,2.535818,-16.9,-32.0,325.1666666666667,2.6666666666666665,1.0088891e-09,4.744085e-07,-6.324647
2015-10-16 03:00:00,4.3450003,2.7596667,-2.6759999,408.8537,6.2824073,2.0977778,-14.566666666666666,-29.0,310.3,2.6666666666666665,2.4576374e-09,6.4341435e-07,-6.198655
2015-10-16 04:00:00,4.890847,0.7767797,-3.6127117,408.06384,5.0708513,1.6876596,-19.116666666666667,-31.0,396.28333333333336,2.6666666666666665,2.889569e-09,6.8340483e-07,-6.1715465
2015-10-16 05:00:00,4.113276,1.0075862,-1.6598275,401.64224,4.7444444,1.5304445,-22.933333333333334,-35.0,286.1333333333333,2.6666666666666665,1.0117495e-09,6.0266086e-07,-6.2203503
2015-10-16 06:00:00,0.32683334,3.4853332,3.4356666,392.09167,4.7664585,1.4652084,-18.95,-33.0,165.65,1.6666666666666665,2.0507683e-07,1.9265278e-06,-5.952454
2015-10-16 07:00:00,3.4976363,1.7632728,0.30963638,401.17175,4.467174,1.433913,-10.766666666666667,-25.0,165.46666666666667,1.6666666666666665,1e-09,5.646924e-07,-6.248697
2015-10-16 08:00:00,-0.8643104,0.45706898,1.3163793,406.70834,5.3608336,1.7772917,-7.333333333333333,-17.0,249.51666666666668,1.6666666666666665,-36666.3,-36666.3,-6.235804
2015-10-16 09:00:00,-1.790339,-0.85169494,-0.95237285,410.83832,5.3412766,1.8038298,-8.15,-15.0,98.66666666666667,1.0,3.2526177e-08,8.3738087e-07,-6.150296
2015-10-16 10:00:00,-1.6703448,-1.5877585,-1.6922414,411.03,5.6317997,1.9036,-9.333333333333334,-18.0,45.733333333333334,1.0,3.0211897e-08,8.9815524e-07,-6.111111
2015-10-16 11:00:00,0.75226414,-1.5416981,-1.8199999,398.15433,5.304783,1.6806521,-9.416666666666666,-19.0,48.266666666666666,1.0,1.1723338e-09,5.571622e-07,-6.2553177
2015-10-16 12:00:00,0.5783333,-3.2589998,-1.5393333,388.6585,5.0707545,1.5324528,-14.083333333333334,-19.0,45.65,1.6666666666666665,1.0704236e-08,6.304361e-07,-6.233344
2015-10-16 13:00:00,1.3408,-0.48680001,-2.3978,387.27,5.55,1.66975,-15.766666666666667,-20.0,75.08333333333333,1.6666666666666665,1.6905129e-07,2.459113e-06,-5.6684446
2015-10-16 14:00:00,1.7976595,-1.1148937,-1.6674469,383.19144,5.1825714,1.5205715,-16.533333333333335,-19.0,225.45,1.6666666666666665,1.1331395e-09,6.160809e-07,-6.211278
2015-10-16 15:00:00,1.673,-0.6092,-1.7294,383.67776,5.0144444,1.4762963,-16.35,-17.0,155.93333333333334,1.3333333333333333,1.1040776e-09,5.4335044e-07,-6.2652173
2015-10-16 16:00:00,1.4335,1.4783332,-0.129,377.03818,5.190727,1.476,-18.766666666666666,-17.0,174.78333333333333,1.3333333333333333,1.0013378e-09,4.808755e-07,-6.318608
2015-10-16 17:00:00,1.0541667,1.0055001,1.9488333,373.42548,5.622157,1.5662744,-13.7,-18.0,105.85,1.3333333333333333,4.1134216e-09,5.670305e-07,-6.254327
2015-10-16 18:00:00,0.2145,0.8065,2.3581667,372.90533,5.738929,1.5967857,-9.666666666666666,-18.0,52.916666666666664,0.3333333333333333,9.140568e-09,6.143146e-07,-6.218532
2015-10-16 19:00:00,2.6694999,-1.2003332,1.618,376.96317,5.7371926,1.6307017,-10.816666666666666,-17.0,47.61666666666667,0.3333333333333333,2.7999774e-09,5.888105e-07,-6.232404
2015-10-16 20:00:00,2.825263,-1.4054387,-0.17315789,376.51065,5.962553,1.6917021,-10.933333333333334,-18.0,36.266666666666666,0.3333333333333333,1.0124749e-09,5.345029e-07,-6.273344
2015-10-16 21:00:00,3.2910001,0.21483333,-0.8865,376.11,6.1871667,1.7501667,-10.316666666666666,-20.0,56.733333333333334,1.3333333333333333,5.379161e-09,5.9589746e-07,-6.232943
2015-10-16 22:00:00,3.4116666,0.5451667,-0.45433334,376.62167,6.6038337,1.8736666,-9.616666666666667,-20.0,51.3,1.3333333333333333,6.977231e-09,6.887641e-07,-6.175557
2015-10-16 23:00:00,2.8410344,1.4456897,-0.15413794,372.746,7.6442,2.1224,-5.533333333333333,-16.0,54.983333333333334,1.3333333333333333,1e-09,4.618911e-07,-6.335708
2015-10-17 00:00:00,0.65016663,3.368,-1.4986666,369.11636,7.742,2.1094544,1.2666666666666666,-15.0,73.73333333333333,2.0,3.820744e-09,6.235366e-07,-6.211681
2015-10-17 01:00:00,-2.394667,1.793,-3.0051665,358.2739,8.163695,2.097174,-2.95,-20.0,149.45,2.0,1.9196051e-07,1.8699352e-06,-5.813181
2015-10-17 02:00:00,-2.9251666,3.2098334,-1.2531667,355.91925,8.903461,2.2607691,-8.1,-22.0,139.48333333333332,2.0,2.663727e-08,1.1489484e-06,-5.952972
2015-10-17 03:00:00,-0.8919565,0.8806521,-3.636087,361.10294,11.425589,2.9811764,-8.366666666666667,-18.0,156.25,2.6666666666666665,2.6360535e-08,1.1130579e-06,-5.958761
2015-10-17 04:00:00,0.072,-0.14983334,-3.6176667,363.63998,10.756666,2.8433332,-13.033333333333333,-18.0,264.8833333333333,2.6666666666666665,5.4117034e-08,1.4837575e-06,-5.839517
2015-10-17 05:00:00,3.3071697,-0.02735849,-3.1622643,370.40683,12.533636,3.4388635,-12.966666666666667,-19.0,221.9,2.6666666666666665,1.0132524e-08,1.0682961e-06,-5.9765825
2015-10-17 06:00:00,3.2508771,-2.3752632,-1.8249122,364.5162,13.7572975,3.6554055,-11.866666666666667,-19.0,180.71666666666667,1.6666666666666665,2.4414664e-08,1.1456308e-06,-5.960381
2015-10-17 07:00:00,2.088305,0.96101695,-2.8808475,357.8946,13.53973,3.468919,-6.183333333333334,-14.0,162.46666666666667,1.6666666666666665,2.5268776e-09,8.319908e-07,-6.0808353
2015-10-17 08:00:00,0.5487755,-0.94979596,-3.6030612,352.83682,14.439211,3.594737,-1.1333333333333333,-12.0,201.05,1.6666666666666665,-11666.55,-11666.55,-6.0003
2015-10-17 09:00:00,0.16552632,-2.0878947,-4.7284207,350.24002,14.2213335,3.4886668,4.75,-13.0,345.9166666666667,2.0,2.2969187e-08,1.0667961e-06,-5.992843
2015-10-17 10:00:00,2.0265,-3.8613334,-4.2433333,350.5698,11.733397,2.882453,2.3833333333333333,-18.0,247.48333333333332,2.0,2.5297546e-09,7.327198e-07,-6.1358814
2015-10-17 11:00:00,3.4021668,-5.5516667,-2.899,348.60464,9.433256,2.2927907,1.4333333333333333,-13.0,221.2,2.0,1.356772e-08,8.998817e-07,-6.049593
2015-10-17 12:00:00,3.402931,-2.832069,-5.2975864,344.256,10.561601,2.5088,3.8,-8.0,199.76666666666668,2.3333333333333335,7.0900946e-08,1.4523088e-06,-5.8919525
2015-10-17 13:00:00,2.8086443,2.1799998,-5.5267797,345.71112,13.034075,3.1190739,0.18333333333333332,-14.0,229.23333333333332,2.3333333333333335,7.3211455e-09,8.4225957e-07,-6.077714
2015-10-17 14:00:00,1.5713333,2.5606666,-3.4488332,342.82108,15.791227,3.71,-7.25,-20.0,497.96666666666664,2.3333333333333335,4.2164775e-08,1.2408026e-06,-5.9174643
2015-10-17 15:00:00,1.310909,1.002,-2.3361819,344.09348,17.553913,4.155652,-10.166666666666666,-25.0,406.9,2.3333333333333335,2.3985242e-08,1.0139998e-06,-6.003619
2015-10-17 16:00:00,-3.5983927,3.9110715,0.53499997,343.124,15.575,3.6652,-9.433333333333334,-26.0,261.8666666666667,2.3333333333333335,8.977121e-09,8.394211e-07,-6.0799193
2015-10-17 17:00:00,-2.0771666,4.8193336,-1.2926667,343.08182,15.411363,3.6313636,-2.933333333333333,-20.0,325.3,2.3333333333333335,4.681334e-09,8.049991e-07,-6.0946484
2015-10-17 18:00:00,-0.27266666,2.2023332,-2.5530002,345.0875,16.041607,3.8201787,-2.066666666666667,-17.0,593.95,3.6666666666666665,1.8724364e-07,2.1734295e-06,-5.8871336
2015-10-17 19:00:00,-0.5237931,3.5455172,2.0906897,345.6804,17.614119,4.2170587,1.0666666666666667,-14.0,318.5833333333333,3.6666666666666665,3.143448e-08,1.3382677e-06,-5.9416676
2015-10-17 20:00:00,0.101500005,5.2894998,2.3576667,352.68372,18.35814,4.565814,6.483333333333333,-8.0,77.06666666666666,3.6666666666666665,5.156469e-07,4.9311707e-06,-5.4590898
2015-10-17 21:00:00,-2.0211666,3.2041667,1.4211667,349.14468,19.666384,4.800638,7.6,-6.0,52.833333333333336,1.6666666666666665,1.400211e-07,2.4352323e-06,-5.652971
2015-10-17 22:00:00,-0.20083334,-1.5638334,-0.78333336,352.68695,20.022608,4.981087,4.8,-8.0,44.333333333333336,1.6666666666666665,3.160547e-08,1.3383361e-06,-5.908189
2015-10-17 23:00:00,-0.16416667,-2.2251666,-3.6096666,354.20535,18.094822,4.5435715,9.45,-4.0,91.18333333333334,1.6666666666666665,2.5020353e-07,3.1282689e-06,-5.615959
2015-10-18 00:00:00,-1.9726416,2.0903773,-3.4667926,354.23544,17.666876,4.4337497,3.933333333333333,-9.0,175.55,3.0,1.9723922e-08,1.3102493e-06,-5.886016
2015-10-18 01:00:00,-2.2672882,7.9754233,-0.40559322,357.13922,16.523333,4.21451,-2.5,-12.0,440.51666666666665,3.0,4.189832e-09,1.0626956e-06,-5.9742093
2015-10-18 02:00:00,-1.3918183,4.3234544,7.425273,361.39594,17.086735,4.464694,-3.8833333333333333,-14.0,246.66666666666666,3.0,9.67238e-09,1.1553122e-06,-5.9389644
2015-10-18 03:00:00,-2.5896552,6.3441377,2.1381035,370.925,21.925577,6.0384617,5.933333333333334,-4.0,123.31666666666666,3.0,5.8226792e-09,1.1221285e-06,-5.9507184
2015-10-18 04:00:00,2.0945,-2.0756667,-6.1745,375.8891,24.929636,7.043273,4.85,-2.0,170.1,3.0,1.6092945e-09,9.3503905e-07,-6.0297546
2015-10-18 05:00:00,3.0601666,-6.1683335,-4.511833,383.5695,23.177458,6.806271,-1.1,-8.0,358.95,3.0,9.2801855e-09,9.599996e-07,-6.0204983
2015-10-18 06:00:00,4.6430435,-7.896739,-3.9136956,393.5543,20.488,6.3305717,-3.216666666666667,-11.0,233.58333333333334,3.6666666666666665,6.052247e-09,9.0740684e-07,-6.047071
2015-10-18 07:00:00,0.01983335,5.7776666,-6.8326664,394.80817,16.779999,5.232245,-6.133333333333334,-13.0,313.23333333333335,3.6666666666666665,1.2260068e-08,1.0088618e-06,-6.007438
2015-10-18 08:00:00,-1.5993104,10.035517,-7.0287933,403.90787,12.509607,4.0786276,-19.9,-32.0,625.7333333333333,3.6666666666666665,1.2098107e-08,1.1118275e-06,-5.95835
2015-10-18 09:00:00,-2.7636843,7.4089475,-2.3536842,404.142,11.8524,3.8727999,-38.516666666666666,-56.0,662.6,4.666666666666667,3.9974846e-09,8.416891e-07,-6.0795245
2015-10-18 10:00:00,0.0201695,2.3659322,8.426102,408.46738,10.34674,3.4513042,-33.05,-49.0,745.45,4.666666666666667,6.654496e-09,6.3461124e-07,-6.198255
2015-10-18 11:00:00,-2.2917857,7.417857,-2.5003572,412.44492,10.200816,3.4736736,-26.316666666666666,-42.0,215.75,4.666666666666667,7.0163253e-09,5.79705e-07,-6.2385554
2015-10-18 12:00:00,-2.522157,7.3939214,2.947059,406.08478,8.852826,2.912174,-30.866666666666667,-43.0,347.95,3.3333333333333335,2.1637763e-09,5.4499e-07,-6.2654786
2015-10-18 13:00:00,-1.5566667,7.0145,3.3996665,426.48846,7.609039,2.7738461,-32.75,-48.0,318.6166666666667,3.3333333333333335,1.1695425e-09,5.317171e-07,-6.275639
2015-10-18 14:00:00,-3.077143,5.004643,-1.4353571,426.75848,7.269811,2.6381133,-32.95,-48.0,473.9166666666667,3.3333333333333335,1.0496619e-09,5.105305e-07,-6.2927003
2015-10-18 15:00:00,-2.7940679,2.4852543,0.2138983,458.352,4.4904003,1.8802,-34.4,-51.0,460.03333333333336,3.6666666666666665,4.6629056e-09,5.435679e-07,-6.270703
2015-10-18 16:00:00,-3.3888333,1.7835001,-1.2405,458.04364,4.136182,1.7341818,-31.516666666666666,-50.0,292.1333333333333,3.6666666666666665,9.184357e-09,6.8519006e-07,-6.179629
2015-10-18 17:00:00,-4.0221667,-0.11816667,-1.4443334,451.80783,3.972157,1.622353,-28.483333333333334,-48.0,344.1166666666667,3.6666666666666665,1e-09,4.681906e-07,-6.3299284
2015-10-18 18:00:00,-4.1125,-0.2295,-0.88733333,449.23828,4.0557446,1.6368085,-24.416666666666668,-46.0,386.6166666666667,2.3333333333333335,2.0258228e-09,5.205776e-07,-6.287207
2015-10-18 19:00:00,-2.5245001,1.8826667,0.7933333,453.91522,3.4013045,1.3971739,-23.866666666666667,-43.0,148.06666666666666,2.3333333333333335,1.0153894e-09,4.88525e-07,-6.3117495
2015-10-18 20:00:00,-1.5833334,1.7722807,1.1208771,464.2841,3.182273,1.3690909,-24.633333333333333,-42.0,96.43333333333334,2.3333333333333335,8.8394465e-09,6.47985e-07,-6.2087603
2015-10-18 21:00:00,-1.6563158,2.3977194,0.8473684,457.32706,3.0354166,1.2652084,-26.45,-40.0,180.8,2.3333333333333335,1e-09,4.7645477e-07,-6.3225694
2015-10-18 22:00:00,-2.5379999,1.0296667,-0.28766668,446.00684,3.3588636,1.3354546,-24.9,-37.0,113.28333333333333,2.3333333333333335,1.1364698e-09,4.9690544e-07,-6.306413
2015-10-18 23:00:00,-0.25533333,1.4566667,1.9375556,454.8394,2.6548486,1.0960605,-23.783333333333335,-36.0,54.18333333333333,2.3333333333333335,1.0175849e-09,4.9275485e-07,-6.307981
2015-10-19 00:00:00,1.7175926,1.1111112,1.6874075,469.20557,2.1897223,0.96333337,-21.95,-35.0,36.21666666666667,0.0,1.0722221e-09,4.823884e-07,-6.317739
2015-10-19 01:00:00,-0.81655174,2.0106897,0.7084483,438.3189,2.3451352,0.90054053,-19.716666666666665,-33.0,43.68333333333333,0.0,1.7648749e-09,5.4057523e-07,-6.269031
2015-10-19 02:00:00,-1.5967242,2.0358622,0.7841379,426.09,2.2658,0.8232,-19.133333333333333,-33.0,32.13333333333333,0.0,2.4025395e-08,8.333846e-07,-6.1213956
2015-10-19 03:00:00,-1.756,2.4845002,0.89149994,420.26334,2.054,0.72616667,-18.816666666666666,-29.0,103.1,1.6666666666666665,1.0685935e-09,5.637963e-07,-6.250601
2015-10-19 04:00:00,-0.6835,2.5643334,0.8855,419.76398,2.221,0.78260005,-18.333333333333332,-27.0,60.03333333333333,1.6666666666666665,1.4567386e-08,8.030826e-07,-6.116944
2015-10-19 05:00:00,-1.7117308,2.0198076,0.32,410.17807,2.297561,0.77292687,-19.066666666666666,-29.0,60.0,1.6666666666666665,1.000346e-09,5.348723e-07,-6.272554
2015-10-19 06:00:00,-2.1671667,1.5836666,0.83633333,408.02643,2.647547,0.880566,-17.033333333333335,-27.0,66.13333333333334,1.0,1.5984437e-09,5.9886156e-07,-6.2274246
2015-10-19 07:00:00,-2.9311864,0.6311865,0.55508476,398.96072,3.075,0.97749996,-14.35,-24.0,57.88333333333333,1.0,1.0475312e-09,6.1865774e-07,-6.2102284
2015-10-19 08:00:00,-2.7549999,0.5862069,0.79775864,397.97406,3.284074,1.04,-6.35,-20.0,53.03333333333333,1.0,1.2779614e-09,5.6149844e-07,-6.252835
2015-10-19 09:00:00,-1.4246551,2.1577587,1.2277586,395.09433,3.5826416,1.1171697,0.8333333333333334,-18.0,48.31666666666667,1.0,1.3263671e-08,7.018226e-07,-6.1750693
2015-10-19 10:00:00,0.22040817,1.6440816,2.6259184,399.5394,3.581818,1.1439394,3.216666666666667,-18.0,43.03333333333333,1.0,1.4098044e-09,5.4490306e-07,-6.2712083
2015-10-19 11:00:00,0.26274508,1.6621569,2.1505883,401.41794,3.9802563,1.284359,0.6,-18.0,36.11666666666667,1.0,1e-09,4.114313e-07,-6.3858895
2015-10-19 12:00:00,-2.4142373,1.6910169,0.24237289,383.13455,4.351273,1.2781819,-2.216666666666667,-19.0,121.26666666666667,1.0,1.1611492e-09,4.222921e-07,-6.375487
2015-10-19 13:00:00,-3.3571665,-0.019166667,0.7758333,373.36865,4.50451,1.2556863,-2.8833333333333333,-19.0,93.0,1.0,3.1335833e-08,7.9225094e-07,-6.1761346
2015-10-19 14:00:00,-3.3736665,0.1485,1.0238334,370.2643,5.622143,1.5424999,-2.1166666666666667,-19.0,47.583333333333336,1.0,7.2600446e-09,7.45346e-07,-6.1416793
2015-10-19 15:00:00,-3.2521667,-0.18166666,-1.859,371.1842,5.826316,1.6054386,-1.8833333333333333,-20.0,30.35,0.6666666666666666,1.4296062e-09,4.542907e-07,-6.346168
2015-10-19 16:00:00,-3.4666102,0.17898305,-1.3489832,370.19812,6.3933964,1.7520754,-0.2833333333333333,-19.0,33.56666666666667,0.6666666666666666,1.9552089e-09,4.694752e-07,-6.3314624
2015-10-19 17:00:00,-3.081356,0.38440678,-1.0349153,372.4424,6.299394,1.7466667,4.233333333333333,-17.0,41.5,0.6666666666666666,3.6478973e-08,7.626121e-07,-6.1843467
2015-10-19 18:00:00,-1.9181035,0.19103448,2.9058619,379.00238,6.02,1.7309523,4.983333333333333,-16.0,47.93333333333333,1.0,1.0805251e-08,6.158062e-07,-6.2346025
2015-10-19 19:00:00,-1.7011666,-1.1396667,2.1856666,376.40833,6.4014583,1.8093749,4.05,-15.0,42.78333333333333,1.0,1.1638088e-09,5.9990896e-07,-6.222734
2015-10-19 20:00:00,-2.0598333,2.0786667,1.813,371.24738,6.5694737,1.8084211,1.3333333333333333,-15.0,25.383333333333333,1.0,1.0126623e-09,5.670059e-07,-6.2479386
2015-10-19 21:00:00,-2.7751725,1.9744827,-1.6162069,367.07346,6.947551,1.8714285,-1.5833333333333333,-16.0,42.31666666666667,1.0,3.819169e-09,5.732079e-07,-6.249294
2015-10-19 22:00:00,0.31068182,2.545682,1.5911365,376.42593,6.212963,1.7603704,-4.9,-17.0,74.08333333333333,1.0,1.5837281e-09,6.1144544e-07,-6.2151093
2015-10-19 23:00:00,0.86220336,1.9732203,2.2227118,379.25955,6.3527656,1.8282979,-3.6166666666666667,-16.0,63.916666666666664,1.0,1.6588159e-09,5.7243636e-07,-6.2456036
2015-10-20 00:00:00,1.9885714,1.9257143,-0.26160714,382.57446,6.085745,1.7785107,-2.6333333333333333,-18.0,73.83333333333333,2.0,1.000346e-09,5.267288e-07,-6.279023
2015-10-20 01:00:00,-0.30962265,1.6741511,-0.96245277,370.90002,6.2358537,1.7153659,-3.6666666666666665,-20.0,52.71666666666667,2.0,1.0624148e-09,5.344203e-07,-6.2728944
2015-10-20 02:00:00,1.0506667,2.5431666,-0.8105,372.74823,6.44875,1.7924999,-6.85,-20.0,101.56666666666666,2.0,1.3424166e-09,5.358714e-07,-6.271992
2015-10-20 03:00:00,3.0594914,1.7127119,0.5888136,379.08627,5.900196,1.6964705,-11.916666666666666,-17.0,176.13333333333333,2.6666666666666665,1.3305884e-09,5.803493e-07,-6.2376103
2015-10-20 04:00:00,2.263,2.2183335,-0.056,373.8612,5.577755,1.5581633,-10.666666666666666,-15.0,75.3,2.6666666666666665,6.0054646e-09,7.680011e-07,-6.126565
2015-10-20 05:00:00,0.64816666,3.2483332,-1.6983334,368.69485,5.710517,1.5532758,-10.366666666666667,-16.0,128.23333333333332,2.6666666666666665,2.6371787e-09,6.749369e-07,-6.1730084
2015-10-20 06:00:00,-0.5536667,1.7926667,-3.5961668,364.0849,6.3656607,1.6879245,-8.266666666666667,-15.0,217.33333333333334,1.6666666666666665,2.9590952e-09,6.534741e-07,-6.1858816
2015-10-20 07:00:00,0.95600003,1.0867273,-1.5978181,363.85757,6.7042427,1.7763636,-8.15,-14.0,225.96666666666667,1.6666666666666665,4.3011696e-09,6.868625e-07,-6.1695
2015-10-20 08:00:00,-0.21883334,0.95916665,-1.3778332,363.48865,6.7565913,1.7884091,-3.933333333333333,-12.0,140.75,1.6666666666666665,1.0095543e-09,5.2543345e-07,-6.2800684
2015-10-20 09:00:00,1.6790001,2.1524,2.7228,373.8073,7.9731708,2.2295122,7.1,-9.0,185.5,1.6666666666666665,1.2613455e-09,4.7285457e-07,-6.3255324
2015-10-20 10:00:00,2.8352728,1.125091,2.9836364,378.55334,9.105778,2.6155555,15.3,-6.0,163.58333333333334,1.6666666666666665,2.2082025e-09,4.322472e-07,-6.3650813
2015-10-20 11:00:00,1.4667348,0.8795918,1.7369388,371.01053,8.370263,2.3136842,9.95,-8.0,67.41666666666667,1.6666666666666665,1.7036544e-09,4.8819567e-07,-6.3136964
2015-10-20 12:00:00,-3.9288332,3.8203332,-1.6240001,366.73584,7.677924,2.0650942,3.95,-12.0,88.36666666666666,2.3333333333333335,1.6573586e-09,5.056291e-07,-6.2982354
2015-10-20 13:00:00,-3.814386,4.7468424,-0.7480702,370.04617,8.548846,2.343077,0.26666666666666666,-15.0,337.43333333333334,2.3333333333333335,1.0842282e-08,5.3983456e-07,-6.2802114
2015-10-20 14:00:00,-3.7940679,5.205085,-0.83610165,367.102,9.17,2.4698,-0.6833333333333333,-18.0,368.43333333333334,2.3333333333333335,3.1590808e-08,1.0619726e-06,-5.997779
2015-10-20 15:00:00,-3.1373684,4.5477195,-1.0522807,360.77658,11.391064,2.956596,-0.45,-19.0,303.85,2.0,1.0349742e-09,4.955581e-07,-6.306886
2015-10-20 16:00:00,-2.3860002,4.3283334,-1.8736666,361.2587,14.525217,3.7930434,3.7666666666666666,-17.0,268.26666666666665,2.0,1e-09,4.452918e-07,-6.3517847
2015-10-20 17:00:00,-0.18276596,1.5291489,-3.610213,368.1643,15.3878565,4.1719046,2.8,-17.0,331.65,2.0,1.000346e-09,4.367299e-07,-6.3599834
2015-10-20 18:00:00,1.7663333,-2.5685,-1.0011667,373.925,15.526,4.340667,-0.2833333333333333,-22.0,511.6,2.3333333333333335,1.0010379e-09,4.165432e-07,-6.3803887
2015-10-20 19:00:00,3.8898275,-1.3863792,-1.5198276,375.1936,14.78,4.163404,-0.9833333333333333,-21.0,232.66666666666666,2.3333333333333335,1.0764143e-09,4.964141e-07,-6.3047442
2015-10-20 20:00:00,3.6258333,-2.2056665,-1.0876667,372.0518,14.580893,4.035893,-3.7,-22.0,138.36666666666667,2.3333333333333335,1e-09,4.5447007e-07,-6.3426075
2015-10-20 21:00:00,2.912586,-1.6413792,-0.15965518,367.7018,16.454107,4.447143,-4.066666666666666,-19.0,192.63333333333333,2.3333333333333335,1.000346e-09,4.5116332e-07,-6.3466897
2015-10-20 22:00:00,2.8943334,-2.5401666,-0.38016665,369.76047,16.672094,4.556512,0.85,-14.0,168.85,2.3333333333333335,1e-09,4.1723558e-07,-6.379708
2015-10-20 23:00:00,2.5608332,-1.0438334,0.28116667,369.44107,17.872679,4.877143,3.2333333333333334,-11.0,76.08333333333333,2.3333333333333335,1e-09,4.1048062e-07,-6.3868036
2015-10-21 00:00:00,3.8051667,-1.7438333,0.056833338,360.48166,18.740665,4.8755,6.866666666666666,-8.0,64.1,1.0,1.1836787e-08,6.104479e-07,-6.2625003
2015-10-21 01:00:00,4.1742373,-0.9444068,0.41355932,351.9588,17.51794,4.339706,6.333333333333333,-9.0,58.36666666666667,1.0,-53332.8,-53332.8,-6.332181
2015-10-21 02:00:00,4.1551666,-0.55833334,-0.9235,350.05588,17.265,4.2323527,5.766666666666667,-8.0,114.95,1.0,1.5023693e-08,7.6968394e-07,-6.1346507
2015-10-21 03:00:00,1.6766071,-3.1923215,-1.6655357,351.37445,15.120425,3.7342553,2.55,-7.0,126.53333333333333,2.3333333333333335,1.4827559e-09,5.708822e-07,-6.2448325
2015-10-21 04:00:00,2.5695,-0.19366665,-0.4836667,346.4479,13.573958,3.261875,1.8333333333333333,-3.0,110.95,2.3333333333333335,5.2988472e-08,9.0032546e-07,-6.164368
2015-10-21 05:00:00,4.230893,2.742143,-0.29214287,354.2091,18.017046,4.5397725,9.433333333333334,3.0,198.26666666666668,2.3333333333333335,2.5773419e-08,8.610168e-07,-6.132495
2015-10-21 06:00:00,5.1198306,5.266102,1.8101696,354.87677,19.13125,4.8203573,5.283333333333333,-1.0,84.78333333333333,1.6666666666666665,1e-09,5.848855e-07,-6.2331004
2015-10-21 07:00:00,5.499375,3.8474998,2.953125,352.77316,19.28439,4.800244,5.033333333333333,-3.0,97.11666666666666,1.6666666666666665,1e-09,5.467635e-07,-6.2627687
2015-10-21 08:00:00,3.5381036,2.6172414,4.8951726,356.92294,20.670834,5.271667,11.866666666666667,1.0,96.21666666666667,1.6666666666666665,1e-09,4.8363387e-07,-6.3164325
2015-10-21 09:00:00,-1.6425714,2.87,4.8551426,369.3862,26.680344,7.280345,27.6,9.0,144.65,3.3333333333333335,1.1631485e-09,5.017894e-07,-6.300795
2015-10-21 10:00:00,0.006666694,-1.3331579,-1.6808772,389.7245,30.808163,9.2134695,35.03333333333333,13.0,247.28333333333333,3.3333333333333335,2.64546e-09,5.957615e-07,-6.227948
2015-10-21 11:00:00,3.1344068,-9.943728,0.6240678,430.37952,8.815681,3.3022728,10.65,-8.0,132.38333333333333,3.3333333333333335,1.7858387e-08,7.330175e-07,-6.174849
2015-10-21 12:00:00,-0.6256666,0.495,-5.7756667,454.95963,11.057307,4.5923076,9.883333333333333,-4.0,227.81666666666666,3.6666666666666665,2.6599297e-08,1.0519252e-06,-6.010669
2015-10-21 13:00:00,0.34633332,-7.6348333,5.9835,440.8421,9.729474,3.7780702,0.7166666666666667,-13.0,364.0833333333333,3.6666666666666665,1.641168e-08,7.3581384e-07,-6.149779
2015-10-21 14:00:00,-1.6123333,-6.297,-1.1466668,457.6761,8.039783,3.3604348,6.416666666666667,-10.0,160.0,3.6666666666666665,1.2988453e-08,8.089429e-07,-6.104872
2015-10-21 15:00:00,-0.447,-2.4953334,-1.9256667,459.24118,6.911961,2.912157,0.95,-11.0,175.86666666666667,2.0,1.5884648e-09,6.944216e-07,-6.1595535
2015-10-21 16:00:00,2.6853333,0.71949995,-1.5065,445.08844,6.521346,2.5863461,-1.8,-13.0,219.93333333333334,2.0,6.889003e-09,7.866584e-07,-6.1068454
2015-10-21 17:00:00,3.9637737,1.7811321,-0.012452836,444.96524,5.9928265,2.3710868,-6.6,-16.0,271.4166666666667,2.0,1.0533473e-07,1.7642632e-06,-5.8541327
2015-10-21 18:00:00,-1.026,-1.3951666,0.72283334,472.57593,4.847037,2.162778,-11.45,-21.0,303.6,2.0,3.43917e-08,1.4555111e-06,-5.8546796
2015-10-21 19:00:00,-2.8489656,-0.74103445,0.64120686,476.91537,4.6157694,2.0986538,-15.5,-25.0,173.96666666666667,2.0,1.4757399e-08,1.1576695e-06,-5.9386296
2015-10-21 20:00:00,-2.6081667,-1.6981666,0.248,476.36792,4.5116982,2.0484905,-12.083333333333334,-25.0,113.23333333333333,2.0,4.0580788e-09,8.959187e-07,-6.05032
2015-10-21 21:00:00,-0.6478333,-1.4916667,-0.113,458.84198,4.8066,2.0318,-7.866666666666666,-22.0,154.93333333333334,1.3333333333333333,3.1341945e-09,7.639808e-07,-6.1199803
2015-10-21 22:00:00,-0.1656,-1.8133999,2.1822,452.64285,4.6988096,1.9228572,-6.683333333333334,-20.0,116.21666666666667,1.3333333333333333,1e-09,5.2001633e-07,-6.284635
2015-10-21 23:00:00,0.12799999,-0.40533334,1.9498333,448.7553,4.7414894,1.903617,-6.566666666666666,-21.0,99.2,1.3333333333333333,1.0003345e-09,5.3934224e-07,-6.2687016
2015-10-22 00:00:00,-0.536,-1.6856667,1.5641667,449.87875,4.7957444,1.94,-6.8,-23.0,63.61666666666667,1.0,1e-09,5.213381e-07,-6.2832313
2015-10-22 01:00:00,-1.5711666,-2.3495,0.5936667,447.01962,4.892745,1.9539216,-5.966666666666667,-23.0,45.8,1.0,1e-09,5.701079e-07,-6.244475
2015-10-22 02:00:00,-0.074,-3.2123334,0.9116667,442.60196,5.2054906,2.0394115,-4.866666666666666,-20.0,64.71666666666667,1.0,7.4267945e-08,1.5466475e-06,-5.8640227
2015-10-22 03:00:00,-0.24216668,-2.7421668,0.24383333,437.51294,5.2083335,1.9929628,-4.666666666666667,-14.0,47.3,0.6666666666666666,2.617373e-07,4.216436e-06,-5.376434
2015-10-22 04:00:00,3.3876665,-1.7228334,0.39083335,424.4694,5.8646936,2.1132653,-3.05,-9.0,65.21666666666667,0.6666666666666666,1.522087e-07,3.653264e-06,-5.439794
2015-10-22 05:00:00,3.6096427,-2.154107,-0.9335714,423.03928,6.3424997,2.27,-0.8666666666666667,-8.0,68.8,0.6666666666666666,6.328991e-08,2.4361013e-06,-5.616437
2015-10-22 06:00:00,2.848983,-0.1442373,-2.6579661,421.132,6.0792,2.1604,1.3666666666666667,-8.0,99.86666666666666,1.6666666666666665,2.1576813e-08,1.6183052e-06,-5.7936177
2015-10-22 07:00:00,4.622909,-1.5756364,-0.8496364,402.67648,6.551765,2.1235294,-1.2333333333333334,-10.0,194.23333333333332,1.6666666666666665,6.2178733e-09,1.1921431e-06,-5.92452
2015-10-22 08:00:00,3.9732203,-1.5044068,3.062034,403.64633,6.381463,2.0768292,-2.466666666666667,-11.0,183.96666666666667,1.6666666666666665,1.0468365e-09,8.8741507e-07,-6.053792
2015-10-22 09:00:00,0.40211537,-1.8667308,4.1138463,413.94,5.4835553,1.878889,5.666666666666667,-9.0,87.76666666666667,0.3333333333333333,1e-09,7.1677385e-07,-6.144852
2015-10-22 10:00:00,-1.1213334,-1.484,4.3413334,418.83722,5.5483723,1.9446512,9.916666666666666,-8.0,63.13333333333333,0.3333333333333333,3.2718788e-09,8.0580696e-07,-6.0980444
2015-10-22 11:00:00,2.555,-2.4566665,2.5851667,395.1264,5.7799997,1.8015095,7.95,-9.0,48.03333333333333,0.3333333333333333,1.00696e-09,6.168963e-07,-6.211036
2015-10-22 12:00:00,3.0045002,-2.2,2.118,390.04373,6.4666667,1.9639583,8.45,-8.0,52.05,0.6666666666666666,1.001627e-09,5.222591e-07,-6.282428
2015-10-22 13:00:00,2.7611866,-2.6098304,-2.560339,395.10406,5.8504086,1.8265306,10.05,-7.0,33.8,0.6666666666666666,1.0204132e-09,5.1782354e-07,-6.289537
2015-10-22 14:00:00,3.1153572,-1.1691072,-3.5160713,392.8857,6.0174284,1.8565716,4.583333333333333,-12.0,63.71666666666667,0.6666666666666666,1e-09,4.3448964e-07,-6.362065
2015-10-22 15:00:00,3.8871186,0.9628814,-2.1484747,389.9468,6.3168087,1.9178723,-2.5,-17.0,154.05,1.6666666666666665,1e-09,4.1501644e-07,-6.3821874
2015-10-22 16:00:00,4.4053335,-2.1998334,1.4433333,384.8245,7.3936734,2.1871428,-3.3666666666666667,-18.0,205.08333333333334,1.6666666666666665,1e-09,3.8779208e-07,-6.4115987
2015-10-22 17:00:00,2.843019,-3.4926414,-1.5256604,396.57074,6.8470736,2.151951,0.65,-16.0,153.16666666666666,1.6666666666666665,1e-09,4.4989363e-07,-6.349874
2015-10-22 18:00:00,1.3658824,-4.8039217,-2.0841177,396.4093,6.106511,1.9176744,-0.7833333333333333,-18.0,346.81666666666666,2.0,1e-09,3.684759e-07,-6.433766
2015-10-22 19:00:00,1.4360378,-3.826981,0.6360377,397.6975,6.6590004,2.105,0.13333333333333333,-16.0,242.48333333333332,2.0,1e-09,3.9537733e-07,-6.403156
2015-10-22 20:00:00,3.6068888,-1.3668889,0.85288894,392.46155,6.207692,1.9107692,-2.2666666666666666,-20.0,156.51666666666668,2.0,-14999.85,-14999.85,-6.4484544
2015-10-22 21:00:00,3.8228068,-3.3645613,2.4152632,393.52115,6.8765383,2.1298077,-4.516666666666667,-19.0,84.9,1.3333333333333333,1e-09,3.5358593e-07,-6.4515576
2015-10-22 22:00:00,4.6825,-3.8007143,-2.0610714,395.57645,7.3152943,2.292941,-0.31666666666666665,-13.0,80.01666666666667,1.3333333333333333,1e-09,3.5917495e-07,-6.4448547
2015-10-22 23:00:00,4.211,-3.7103333,-2.8681667,418.5087,5.813043,2.0223913,-5.166666666666667,-16.0,183.86666666666667,1.3333333333333333,1e-09,3.8968045e-07,-6.409332
2015-10-23 00:00:00,1.1496227,-2.2737737,3.8028302,461.51083,5.4013515,2.2994595,-6.283333333333333,-17.0,196.06666666666666,2.3333333333333335,1e-09,4.0601591e-07,-6.3916388
2015-10-23 01:00:00,4.031695,-0.16508473,1.341017,450.13684,5.536316,2.2433333,-1.5166666666666666,-10.0,104.1,2.3333333333333335,1e-09,4.0519492e-07,-6.3925962
2015-10-23 02:00:00,3.7638333,-0.75633335,0.783,449.6609,5.057391,2.0408695,-1.0,-10.0,60.666666666666664,2.3333333333333335,1e-09,3.991849e-07,-6.4012623
2015-10-23 03:00:00,3.5019999,-4.711833,1.6980001,449.222,4.5312,1.8288001,-1.35,-8.0,54.03333333333333,0.6666666666666666,1e-09,3.4778157e-07,-6.458766
2015-10-23 04:00:00,2.994,-4.9785,0.372,450.00757,4.8894343,1.9809433,0.95,-5.0,51.05,0.6666666666666666,1e-09,3.5715286e-07,-6.447281
2015-10-23 05:00:00,3.9081666,-2.4365,1.2413334,447.278,5.0036,2.0019999,1.45,-6.0,78.2,0.6666666666666666,1e-09,3.5375209e-07,-6.451899
2015-10-23 06:00:00,3.729,-3.32,1.6620001,451.90555,4.630926,1.8903704,2.8,-7.0,78.25,0.6666666666666666,1.1561199e-09,3.78488e-07,-6.4271154
2015-10-23 07:00:00,4.172167,-3.226,0.56350005,444.84283,4.625,1.8289286,5.533333333333333,-3.0,78.56666666666666,0.6666666666666666,1e-09,3.5310444e-07,-6.4521856
2015-10-23 08:00:00,4.42,-3.305,-0.09083333,439.4,4.7916946,1.8510169,7.383333333333334,-3.0,59.3,0.6666666666666666,1e-09,3.7796755e-07,-6.422906
2015-10-23 09:00:00,3.7410002,-2.8995001,0.8175,445.21332,4.9782224,1.97,13.983333333333333,-3.0,63.333333333333336,1.0,1.0020245e-09,4.2717366e-07,-6.3712544
2015-10-23 10:00:00,2.6488135,-2.0705085,2.5820339,456.23828,5.1351066,2.1402128,16.3,-5.0,49.15,1.0,1e-09,4.1601476e-07,-6.38316
2015-10-23 11:00:00,3.1066666,-0.14933333,2.2583334,452.25687,5.252941,2.142549,14.8,-4.0,51.43333333333333,1.0,1e-09,3.7896066e-07,-6.42159
2015-10-23 12:00:00,4.2462497,-3.1578572,-2.5435715,440.3791,5.354186,2.0746512,11.95,-3.0,52.95,1.6666666666666665,1e-09,3.8052983e-07,-6.420043
2015-10-23 13:00:00,4.334833,-3.2308335,-2.6188333,436.19244,4.6807547,1.7839624,6.483333333333333,-8.0,136.01666666666668,1.6666666666666665,1e-09,3.638617e-07,-6.439197
2015-10-23 14:00:00,4.9198303,-2.3611865,-2.350339,434.88,5.2588887,1.9902222,5.2,-11.0,202.03333333333333,1.6666666666666665,4.3630584e-09,4.795485e-07,-6.338181
2015-10-23 15:00:00,4.2413335,-3.3846667,-1.4943334,441.98773,5.9926314,2.342456,4.183333333333334,-14.0,213.98333333333332,2.0,2.8174276e-09,5.6781533e-07,-6.2492576
2015-10-23 16:00:00,5.1435294,-2.3921568,-0.79921573,433.24503,6.557,2.45925,5.433333333333334,-13.0,135.48333333333332,2.0,1.2811999e-09,4.5156037e-07,-6.346817
2015-10-23 17:00:00,3.871818,-3.1736364,-0.31109092,444.88635,6.608864,2.6238635,5.6,-14.0,157.95,2.0,7.3461743e-09,6.064335e-07,-6.233928
2015-10-23 18:00:00,1.6198275,-0.27931035,5.1046553,457.138,6.5414,2.7317998,6.733333333333333,-13.0,85.26666666666667,1.3333333333333333,1e-09,4.3486077e-07,-6.3622684
2015-10-23 19:00:00,2.8541176,-3.0780392,0.31294116,442.33,6.7186,2.6239998,6.266666666666667,-11.0,77.53333333333333,1.3333333333333333,1.0217428e-09,4.4891462e-07,-6.348836
2015-10-23 20:00:00,0.93783337,-1.6883334,2.9973333,452.27872,6.5234046,2.6704257,2.1333333333333333,-11.0,90.46666666666667,1.3333333333333333,1.0378941e-09,4.5926e-07,-6.339627
2015-10-23 21:00:00,2.5901697,-2.4733899,0.052711867,450.4941,5.7886276,2.3490198,1.2666666666666666,-10.0,128.45,2.0,1e-09,4.1474817e-07,-6.383113
2015-10-23 22:00:00,2.2091668,-2.2721667,-0.6445,460.1294,5.5327454,2.3464706,2.25,-11.0,120.75,2.0,1.070601e-09,3.9730634e-07,-6.4028907
2015-10-23 23:00:00,3.6665,-2.158,-3.2003334,452.254,5.3761997,2.1982,0.35,-10.0,345.8,2.0,1.0054868e-09,3.9094368e-07,-6.4111123
2015-10-24 00:00:00,4.0101695,-1.8116949,2.6306782,450.6872,5.7830772,2.3510258,-4.466666666666667,-15.0,285.76666666666665,2.3333333333333335,1e-09,3.5476742e-07,-6.4501967
2015-10-24 01:00:00,3.1540742,-1.7485185,2.2944446,455.03476,5.4691305,2.263913,-4.533333333333333,-18.0,223.7,2.3333333333333335,1e-09,3.7788286e-07,-6.423032
2015-10-24 02:00:00,3.5178332,-1.8683333,0.62883335,456.1561,5.34,2.2185366,-6.533333333333333,-20.0,70.18333333333334,2.3333333333333335,1e-09,3.479505e-07,-6.4586053
2015-10-24 03:00:00,2.9863331,-0.8401667,-1.5783333,457.89624,5.318113,2.2288678,-5.266666666666667,-15.0,140.3,2.6666666666666665,1e-09,3.6048402e-07,-6.443189
2015-10-24 04:00:00,2.320339,-2.5549154,-0.53118646,456.4489,5.290851,2.200213,-3.5166666666666666,-13.0,274.6333333333333,2.6666666666666665,1.7806622e-08,6.4247575e-07,-6.245173
2015-10-24 05:00:00,3.4299998,-1.8114545,-3.378182,445.18604,5.755814,2.276279,-3.9,-13.0,175.53333333333333,2.6666666666666665,1e-09,4.3693177e-07,-6.3601713
2015-10-24 06:00:00,3.9669492,-3.950339,-1.4298306,435.3827,5.390577,2.045577,-5.633333333333334,-16.0,274.4,2.3333333333333335,1.6291771e-09,3.8717988e-07,-6.4123306
2015-10-24 07:00:00,5.5600004,-2.6168966,0.19224139,421.80624,5.4266667,1.933125,4.666666666666667,-7.0,231.63333333333333,2.3333333333333335,1.6022231e-09,3.7561242e-07,-6.4258437
2015-10-24 08:00:00,5.4382763,-2.5665517,0.1262069,420.56955,5.3726087,1.9017392,7.883333333333334,-5.0,73.96666666666667,2.3333333333333335,1e-09,3.655591e-07,-6.437827
2015-10-24 09:00:00,5.292807,-1.7026316,-0.11929824,421.5811,5.2794595,1.8772973,13.3,-5.0,54.43333333333333,0.6666666666666666,1.0023704e-09,3.8564252e-07,-6.4207964
2015-10-24 10:00:00,2.0258334,-4.7196665,1.2083334,433.80206,5.2426534,1.9697961,16.333333333333332,-5.0,46.21666666666667,0.6666666666666666,1e-09,3.8912052e-07,-6.410421
2015-10-24 11:00:00,0.72466666,-4.5733333,2.6168332,441.1708,5.12125,1.9968749,14.966666666666667,-3.0,43.266666666666666,0.6666666666666666,1e-09,3.5126862e-07,-6.4544916
2015-10-24 12:00:00,2.2101693,-4.007966,1.0976272,423.83673,5.256939,1.8869388,12.35,-1.0,31.9,0.6666666666666666,1.1017278e-09,3.2553143e-07,-6.4892626
2015-10-24 13:00:00,2.5448334,-3.0658333,0.1665,417.8163,5.5008163,1.9193878,11.266666666666667,-2.0,25.966666666666665,0.6666666666666666,3.74598e-09,4.88015e-07,-6.3319864
2015-10-24 14:00:00,4.3570175,0.009473687,-0.51842105,407.88,6.405,2.1305,10.5,-4.0,35.71666666666667,0.6666666666666666,3.3068686e-09,5.7405526e-07,-6.254254
2015-10-24 15:00:00,-0.5267442,0.99627906,1.7727908,428.08234,6.086177,2.2317646,13.083333333333334,-3.0,47.96666666666667,0.6666666666666666,8.031317e-09,8.914995e-07,-6.053455
2015-10-24 16:00:00,-1.1047457,-3.0584745,1.7779661,426.68802,5.7804,2.1074,17.1,-2.0,37.46666666666667,0.6666666666666666,1e-09,4.8682824e-07,-6.3170896
2015-10-24 17:00:00,-0.9051667,-4.2638335,-0.64133334,429.028,5.6871996,2.0918,18.566666666666666,-2.0,59.8,0.6666666666666666,1e-09,3.6161788e-07,-6.4420347
2015-10-24 18:00:00,3.2443862,-2.7650878,-1.7161404,411.815,7.07575,2.5744998,15.2,-5.0,135.25,3.6666666666666665,1e-09,3.2733521e-07,-6.48538
2015-10-24 19:00:00,-2.1336668,-5.4228334,1.2745,476.37885,16.227308,7.4719234,30.95,11.0,394.43333333333334,3.6666666666666665,1e-09,3.189895e-07,-6.4963884
2015-10-24 20:00:00,5.5411863,2.1654236,0.24728815,468.4725,18.94475,8.31775,25.35,8.0,193.93333333333334,3.6666666666666665,1e-09,3.3385706e-07,-6.476716
2015-10-24 21:00:00,0.73716664,-3.9718332,0.58849996,490.53775,17.576603,8.4549055,25.266666666666666,9.0,93.0,2.6666666666666665,1.19583e-08,4.98231e-07,-6.352415
2015-10-24 22:00:00,-2.397,-7.637833,-1.2696667,498.9489,15.12234,7.53,19.833333333333332,7.0,270.0833333333333,2.6666666666666665,1.0233875e-09,4.530447e-07,-6.3462133
2015-10-24 23:00:00,-3.5137289,-7.8961015,-0.05559322,494.42117,13.921346,6.8098073,16.766666666666666,5.0,227.51666666666668,2.6666666666666665,5.131412e-09,4.6929716e-07,-6.34615
2015-10-25 00:00:00,-4.2318335,-5.6966662,-2.189,490.57172,15.949812,7.6715093,19.983333333333334,7.0,165.96666666666667,2.0,1.162169e-08,7.97591e-07,-6.1076593
2015-10-25 01:00:00,-3.5128813,-7.1264405,0.006271193,480.29593,15.759184,7.267755,14.85,2.0,161.4,2.0,1e-09,4.2025357e-07,-6.3778715
2015-10-25 02:00:00,4.747857,-2.1855357,0.9705357,459.2951,15.387562,6.4892683,12.4,1.0,130.21666666666667,2.0,1.0116464e-09,4.7032196e-07,-6.329315
2015-10-25 03:00:00,2.8984745,-4.0335593,0.70525426,459.85745,14.291914,6.040213,11.4,3.0,66.9,1.6666666666666665,1e-09,4.425432e-07,-6.35427
2015-10-25 04:00:00,-2.0835001,-5.904,0.9085,468.1842,13.388597,5.8703513,11.9,4.0,81.83333333333333,1.6666666666666665,1e-09,4.3928588e-07,-6.3574047
2015-10-25 05:00:00,-0.39769232,-5.8257694,0.17038463,460.73334,12.230715,5.1919045,11.933333333333334,2.0,108.2,1.6666666666666665,7.763517e-09,6.315901e-07,-6.212785
2015-10-25 06:00:00,2.671228,-1.8445613,0.19438595,445.98502,13.11275,5.2155,13.266666666666667,2.0,86.81666666666666,2.3333333333333335,1.0436308e-09,4.10098e-07,-6.3901896
2015-10-25 07:00:00,3.8921568,-2.9917648,-3.387059,438.94412,12.615,4.862647,11.033333333333333,0.0,195.03333333333333,2.3333333333333335,1e-09,3.6978955e-07,-6.4322124
2015-10-25 08:00:00,-1.3221428,-4.6810718,-1.2098215,447.65143,12.7605715,5.094857,11.966666666666667,-4.0,409.1333333333333,2.3333333333333335,1.0337045e-09,3.5252e-07,-6.45285
2015-10-25 09:00:00,-2.1530356,-4.640714,2.5005357,455.59183,12.199796,5.064898,15.55,-4.0,182.83333333333334,1.3333333333333333,1.0009864e-09,3.8572134e-07,-6.413951
2015-10-25 10:00:00,-1.6642857,-3.8919642,2.2658927,447.8196,11.49,4.6007843,18.066666666666666,-5.0,75.78333333333333,1.3333333333333333,1e-09,3.5671383e-07,-6.4478455
2015-10-25 11:00:00,-5.102333,-5.613333,0.8245,461.3591,10.113636,4.3018184,14.55,-5.0,59.483333333333334,1.3333333333333333,1e-09,3.6320307e-07,-6.4403286
2015-10-25 12:00:00,-4.732333,-6.335,0.55550003,461.68448,9.213103,3.9265518,12.583333333333334,-3.0,53.833333333333336,2.6666666666666665,1e-09,3.443742e-07,-6.463196
2015-10-25 13:00:00,-1.8148333,-3.2976668,7.8815002,445.7544,7.3285966,2.9454386,9.133333333333333,-4.0,49.86666666666667,2.6666666666666665,1.0849225e-09,4.4381022e-07,-6.355547
2015-10-25 14:00:00,-0.15062499,-0.97875,10.947812,432.93182,3.0804543,1.1472727,6.25,-7.0,52.983333333333334,2.6666666666666665,1.0020245e-09,4.4676278e-07,-6.3520346
2015-10-25 15:00:00,-5.3363333,-6.9941664,5.675667,465.8638,7.6046553,3.3213792,11.316666666666666,-3.0,45.0,1.6666666666666665,1e-09,3.5553438e-07,-6.4494505
2015-10-25 16:00:00,-7.36,-4.9691668,2.9266667,479.1746,8.371526,3.8405085,14.466666666666667,1.0,34.06666666666667,1.6666666666666665,1e-09,3.4556842e-07,-6.4622936
2015-10-25 17:00:00,-7.3135,-4.8978333,2.8971667,474.94327,7.4105406,3.3413513,12.816666666666666,-1.0,25.916666666666668,1.6666666666666665,1e-09,3.6230628e-07,-6.442499
2015-10-25 18:00:00,-6.125167,-5.048,3.6131668,474.27072,8.567317,3.8531706,12.7,-2.0,21.2,0.6666666666666666,1e-09,3.4810643e-07,-6.4587193
2015-10-25 19:00:00,-6.2426667,-4.6070004,3.6578333,468.25967,10.107895,4.431228,12.883333333333333,-3.0,21.083333333333332,0.6666666666666666,1e-09,3.342431e-07,-6.4761252
2015-10-25 20:00:00,-6.7028337,-4.1653333,3.0125,467.69485,8.850862,3.8705173,11.816666666666666,-3.0,17.516666666666666,0.6666666666666666,1e-09,3.4233105e-07,-6.465903
2015-10-25 21:00:00,-7.1855,-3.2475002,3.1086667,468.5845,5.7170687,2.485862,7.516666666666667,-6.0,30.45,0.6666666666666666,1e-09,3.4913e-07,-6.457402
2015-10-25 22:00:00,-6.8696666,-2.8125,3.1456668,483.7884,2.1169767,0.9865116,3.566666666666667,-10.0,21.933333333333334,0.6666666666666666,1e-09,3.3719564e-07,-6.472772
2015-10-25 23:00:00,-7.1563334,-2.1781666,2.8339999,473.40668,3.02,1.3493333,2.2333333333333334,-11.0,16.8,0.6666666666666666,1e-09,3.3348837e-07,-6.477053
2015-10-26 00:00:00,-7.3733897,-0.5494916,2.6591525,466.56088,3.911739,1.6913044,3.25,-12.0,20.183333333333334,0.3333333333333333,1e-09,3.5611663e-07,-6.450266
2015-10-26 01:00:00,-7.399667,0.36083332,1.87,454.70566,6.562264,2.7135851,8.433333333333334,-8.0,22.783333333333335,0.3333333333333333,3.710096e-09,4.674841e-07,-6.3422284
2015-10-26 02:00:00,-6.573167,2.0671666,2.2335,449.874,5.5332003,2.2416,6.683333333333334,-6.0,21.283333333333335,0.3333333333333333,1e-09,3.626277e-07,-6.4406676
2015-10-26 03:00:00,-5.4149094,-2.2943637,3.4396362,434.9694,5.17,1.9544897,4.05,-4.0,22.1,0.0,1e-09,3.7293105e-07,-6.4291286
2015-10-26 04:00:00,-5.0772724,-2.460682,4.2363634,433.88824,4.605294,1.7332354,4.283333333333333,-2.0,22.866666666666667,0.0,1e-09,3.714857e-07,-6.430223
2015-10-26 05:00:00,-4.767833,-3.6821666,3.5335,430.04678,4.261064,1.5808511,4.55,-3.0,20.5,0.0,1e-09,3.7329318e-07,-6.4280934
2015-10-26 06:00:00,-4.006,-4.3531666,3.1160002,420.49268,3.087561,1.0941464,4.633333333333334,-4.0,23.45,0.6666666666666666,1e-09,3.9033057e-07,-6.409114
2015-10-26 07:00:00,-4.7981663,-3.2123334,3.1358333,418.1195,2.9148781,1.0192683,7.116666666666666,0.0,24.25,0.6666666666666666,1e-09,3.7415927e-07,-6.4270706
2015-10-26 08:00:00,-4.9535,-2.2875,2.766,420.19812,2.8892453,1.0218868,10.816666666666666,1.0,22.883333333333333,0.6666666666666666,1e-09,3.6979247e-07,-6.4321146
2015-10-26 09:00:00,-5.132034,-2.524407,3.0754237,419.82367,2.7976315,0.98394734,13.233333333333333,-3.0,26.5,0.3333333333333333,1e-09,3.6753258e-07,-6.4352846
2015-10-26 10:00:00,-5.5889654,-1.9398277,1.8434483,426.35278,2.7725,1.0069444,14.95,-5.0,29.233333333333334,0.3333333333333333,3.11119e-08,9.789952e-07,-6.095785
2015-10-26 11:00:00,-5.5994916,-1.9964406,1.7523729,440.11044,2.16625,0.8302083,11.683333333333334,-7.0,34.63333333333333,0.3333333333333333,1.7760363e-09,6.2426557e-07,-6.20791
2015-10-26 12:00:00,-5.818276,-1.8844829,1.0656897,462.71365,1.5168182,0.6406818,9.0,-9.0,38.36666666666667,0.3333333333333333,1e-09,4.920026e-07,-6.308565
2015-10-26 13:00:00,-5.504237,-1.8445764,1.0701694,443.34616,1.8542308,0.71615386,9.133333333333333,-9.0,39.083333333333336,0.3333333333333333,4.8442215e-09,6.309081e-07,-6.2043195
2015-10-26 14:00:00,-5.567143,-2.175,-0.51357144,444.63635,1.6309091,0.62363636,8.766666666666667,-9.0,36.35,0.3333333333333333,2.8120866e-09,5.5169374e-07,-6.2655044
2015-10-26 15:00:00,,,,,,,4.95,-10.0,32.9,0.0,1.0546212e-09,4.5471597e-07,-6.3433194
2015-10-26 16:00:00,-5.19,0.52000004,1.1253333,408.66,2.9470909,0.98399997,1.5833333333333333,-11.0,31.216666666666665,0.0,1.2325446e-09,4.6653778e-07,-6.335473
2015-10-26 17:00:00,-5.419833,0.473,1.0291667,404.2404,3.0715384,1.0040385,0.8,-15.0,27.333333333333332,0.0,1e-09,4.03188e-07,-6.394748
2015-10-26 18:00:00,-5.51,0.65900004,0.6803333,402.28693,2.9956522,0.9706522,0.7666666666666667,-16.0,24.816666666666666,0.3333333333333333,1e-09,3.727192e-07,-6.42919
2015-10-26 19:00:00,-5.335,1.4768333,0.31333333,403.05,2.9740477,0.9664286,0.3,-16.0,24.866666666666667,0.3333333333333333,3.341346e-09,5.5882094e-07,-6.2534637
2015-10-26 20:00:00,-5.091,2.0371666,0.78716666,403.54446,2.5370371,0.82555556,1.15,-14.0,35.61666666666667,0.3333333333333333,1.243184e-09,5.9009113e-07,-6.230143
2015-10-26 21:00:00,-5.0742106,1.7613158,0.42789474,395.12424,2.420303,0.75545454,1.1333333333333333,-13.0,38.583333333333336,0.0,1.9075788e-09,6.966965e-07,-6.157416
2015-10-26 22:00:00,,,,,,,1.3166666666666667,-11.0,18.7,0.0,3.0028666e-09,6.6888117e-07,-6.1753936
2015-10-26 23:00:00,,,,,,,2.5,-10.0,15.05,0.0,5.7374145e-09,7.584392e-07,-6.1203732
2015-10-27 00:00:00,-5.276167,0.88799995,-1.1435,385.97116,2.1157691,0.6307692,2.9833333333333334,-10.0,21.133333333333333,0.0,1.0202029e-09,6.8370224e-07,-6.1653104
2015-10-27 01:00:00,-5.4216666,0.46291664,-1.62875,385.22223,2.1011112,0.62333333,1.5666666666666667,-12.0,23.266666666666666,0.0,1.0077528e-09,6.679855e-07,-6.175317
2015-10-27 02:00:00,,,,,,,0.9,-13.0,26.65,0.0,1e-09,6.474313e-07,-6.18884
2015-10-27 03:00:00,,,,,,,-1.9166666666666667,-11.0,32.61666666666667,0.3333333333333333,1.2835488e-09,7.2758627e-07,-6.139196
2015-10-27 04:00:00,,,,,,,-3.8666666666666667,-11.0,40.3,0.3333333333333333,4.4517483e-09,8.338819e-07,-6.079238
2015-10-27 05:00:00,-4.4216666,2.4016666,-1.805,385.94,3.736,1.112,-2.55,-10.0,49.55,0.3333333333333333,4.435674e-09,8.698574e-07,-6.062243
2015-10-27 06:00:00,,,,,,,-1.7,-10.0,48.81666666666667,0.3333333333333333,2.9811755e-09,8.683543e-07,-6.061452
2015-10-27 07:00:00,,,,,,,-0.45,-9.0,59.483333333333334,0.3333333333333333,5.072448e-09,7.930892e-07,-6.1014423
2015-10-27 08:00:00,-4.497037,2.3325925,-0.046666667,359.79047,1.9100001,0.49380952,3.8,-8.0,34.733333333333334,0.3333333333333333,7.55573e-09,8.613294e-07,-6.065109
2015-10-27 09:00:00,-4.2496667,2.7766664,-0.1485,361.84818,2.1185186,0.55722225,9.3,-9.0,46.56666666666667,0.6666666666666666,5.972287e-09,8.6145013e-07,-6.065503
2015-10-27 10:00:00,-3.2568517,3.9155557,0.7111111,365.27838,2.038108,0.5443243,10.966666666666667,-11.0,76.33333333333333,0.6666666666666666,4.553856e-09,8.298431e-07,-6.081279
2015-10-27 11:00:00,-3.7085,3.2948334,0.11533333,361.88492,2.1701887,0.57226413,8.733333333333333,-12.0,123.5,0.6666666666666666,3.195274e-08,1.1428833e-06,-5.949079
2015-10-27 12:00:00,-3.6204998,2.5485,-1.4056666,359.672,2.3811998,0.6278,6.516666666666667,-13.0,131.6,1.3333333333333333,3.694711e-08,1.4318944e-06,-5.844971
2015-10-27 13:00:00,-4.3121667,2.5833333,-0.74583334,356.15634,2.1101818,0.53836364,9.1,-11.0,290.8666666666667,1.3333333333333333,6.677882e-08,1.6685067e-06,-5.7896204
2015-10-27 14:00:00,-3.4738333,2.3533332,-0.5466667,375.425,3.2988634,0.93931824,9.9,-9.0,79.6,1.3333333333333333,1.4911866e-07,2.9813675e-06,-5.526912
2015-10-27 15:00:00,-3.7635593,2.1362712,0.3542373,374.96414,3.2352831,0.9103774,10.25,-8.0,53.3,0.3333333333333333,6.158747e-08,2.1215958e-06,-5.6761155
2015-10-27 16:00:00,-3.689,1.6806666,-0.25716668,377.4,3.2845764,0.93491524,12.05,-7.0,36.016666666666666,0.3333333333333333,3.0954357e-08,1.4846844e-06,-5.8294673
2015-10-27 17:00:00,-3.512,1.668,-0.88783336,372.55438,3.2996492,0.91649127,10.65,-7.0,34.93333333333333,0.3333333333333333,2.262038e-08,1.2804273e-06,-5.892786
2015-10-27 18:00:00,-3.4925,1.4909999,-1.0833334,373.6769,3.333846,0.9317308,7.7,-5.0,69.86666666666666,1.0,2.98429e-08,1.3773604e-06,-5.863999
2015-10-27 19:00:00,-3.8676271,1.0749153,-0.8633898,363.9745,3.1829789,0.8438298,4.066666666666666,-8.0,79.25,1.0,9.807459e-09,1.1407932e-06,-5.9479423
2015-10-27 20:00:00,-4.3944826,1.1055173,-1.8596551,346.81763,2.455588,0.5902941,3.816666666666667,-9.0,51.983333333333334,1.0,2.0630894e-08,1.10211e-06,-5.9624968
2015-10-27 21:00:00,-3.5795,2.2926667,-1.8645,350.09778,2.8533332,0.70044446,3.1,-9.0,239.21666666666667,2.0,1.34463845e-08,1.0197139e-06,-5.993067
2015-10-27 22:00:00,-3.578889,2.1172223,0.45518517,347.61795,3.4746153,0.84,4.233333333333333,-11.0,58.8,2.0,1.0214583e-08,1.0919255e-06,-5.9633555
2015-10-27 23:00:00,-2.832,2.568,1.2736666,348.9875,3.4125,0.8309375,4.0,-11.0,31.3,2.0,4.51863e-09,9.374592e-07,-6.0283303
2015-10-28 00:00:00,-2.6860344,3.0474138,-0.074482754,352.30878,3.5992982,0.8936842,5.0,-9.0,25.916666666666668,0.0,6.8133046e-09,1.0040615e-06,-5.9983044
2015-10-28 01:00:00,-2.33,2.3776271,-0.03677966,351.10196,3.3784313,0.83176476,4.816666666666666,-8.0,21.283333333333335,0.0,6.9019075e-09,1.065848e-06,-5.9726405
2015-10-28 02:00:00,-2.7196553,2.8322415,-0.8075862,349.5706,3.0584314,0.7466667,3.966666666666667,-9.0,18.433333333333334,0.0,4.3647166e-09,1.0179793e-06,-5.9925704
2015-10-28 03:00:00,-2.5341668,2.6136668,-1.0188334,345.4604,3.1681132,0.75566036,4.55,-6.0,33.13333333333333,1.0,1.6271645e-09,9.254048e-07,-6.0349
2015-10-28 04:00:00,-2.3818333,2.493,-1.0168333,342.11224,3.3512247,0.7853061,2.466666666666667,-7.0,51.78333333333333,1.0,2.184928e-09,8.64421e-07,-6.063435
2015-10-28 05:00:00,-3.8155,1.0848333,0.18633334,334.828,3.2117999,0.72040004,3.35,-9.0,34.63333333333333,1.0,1.0265981e-09,8.097408e-07,-6.092138
2015-10-28 06:00:00,-4.093793,0.6622414,1.1070689,332.8089,2.5153334,0.5571111,5.666666666666667,-8.0,23.1,0.0,1.1014764e-08,9.992186e-07,-6.0039067
2015-10-28 07:00:00,-4.1485,1.0245,0.465,328.52856,2.5757143,0.55553573,6.533333333333333,-6.0,16.25,0.0,4.9501407e-09,8.2995007e-07,-6.085892
2015-10-28 08:00:00,-4.0035,1.1523334,0.67966664,327.922,2.607,0.56119996,8.366666666666667,-7.0,24.566666666666666,0.0,1.4778961e-08,1.0762705e-06,-5.9797716
2015-10-28 09:00:00,-3.82,1.3214285,1.0537499,328.5756,2.5709755,0.5565854,12.216666666666667,-9.0,28.016666666666666,0.0,2.7562118e-08,9.939452e-07,-6.017969
2015-10-28 10:00:00,-3.2955,1.1439999,1.3003333,327.2148,3.1488888,0.67296296,14.016666666666667,-9.0,25.516666666666666,0.0,3.9675864e-08,1.645521e-06,-5.786215
2015-10-28 11:00:00,-2.572,-0.18822223,1.108,321.05804,5.223871,1.0758064,13.45,-6.0,28.533333333333335,0.0,5.1447993e-09,1.1421305e-06,-5.943497
2015-10-28 12:00:00,-2.2620754,-1.6464151,0.6733962,308.52942,5.6158824,1.0682353,14.333333333333334,-2.0,33.18333333333333,0.0,3.858752e-09,9.62015e-07,-6.0188813
2015-10-28 13:00:00,-1.4523333,-2.3721666,0.57033336,308.57193,6.200877,1.1810527,16.15,1.0,36.13333333333333,0.0,1.4126786e-09,8.378454e-07,-6.0770645
2015-10-28 14:00:00,-0.043272726,-2.5729089,0.10545455,309.33694,7.184348,1.3752173,17.3,1.0,36.06666666666667,0.0,1.1255878e-09,8.0090416e-07,-6.0969777
2015-10-28 15:00:00,1.2176666,-2.9486666,-0.7896667,308.82553,8.481064,1.6176596,18.683333333333334,1.0,42.9,0.3333333333333333,1e-09,6.600904e-07,-6.180974
2015-10-28 16:00:00,1.2811667,-1.8490001,-1.3781667,309.11865,9.663051,1.8466101,18.5,0.0,44.96666666666667,0.3333333333333333,1.011299e-09,6.5133196e-07,-6.18673
2015-10-28 17:00:00,1.3017242,-1.5996552,1.0537931,311.75217,9.199782,1.7886956,18.166666666666668,-2.0,33.266666666666666,0.3333333333333333,1.2513065e-09,6.2683716e-07,-6.2041078
2015-10-28 18:00:00,1.382,-1.3188332,0.343,313.87,10.6698,2.102,20.316666666666666,-1.0,31.25,0.0,1.1567328e-09,6.4450217e-07,-6.193673
2015-10-28 19:00:00,1.8163333,-2.1556666,1.3116666,311.94388,9.564035,1.8607017,19.3,3.0,23.183333333333334,0.0,1.5683549e-09,6.4644223e-07,-6.1904607
2015-10-28 20:00:00,0.60483336,-0.529,0.162,310.6842,10.608948,2.0487719,20.45,4.0,28.883333333333333,0.0,1.9360735e-09,6.2803775e-07,-6.205071
2015-10-28 21:00:00,-2.1777587,2.5077586,-0.074999996,306.31177,11.242942,2.1107843,19.45,2.0,23.0,0.0,2.4848634e-09,6.7765046e-07,-6.17164
2015-10-28 22:00:00,-2.3150847,2.364576,1.2223729,306.33963,11.793207,2.2154717,18.183333333333334,3.0,19.3,0.0,1.1128036e-09,5.91505e-07,-6.228529
2015-10-28 23:00:00,-3.397544,3.5208771,1.2047368,309.57648,12.591764,2.4139216,17.433333333333334,3.0,22.233333333333334,0.0,1.0602474e-09,6.585367e-07,-6.1817684
2015-10-29 00:00:00,-3.810862,1.7577586,4.4263797,305.6225,9.9045,1.8510001,17.066666666666666,2.0,21.966666666666665,0.3333333333333333,2.105599e-08,8.892541e-07,-6.0651603
2015-10-29 01:00:00,-3.673,0.7275,4.5134997,304.87057,9.842059,1.8302941,19.416666666666668,4.0,24.066666666666666,0.3333333333333333,7.3630586e-09,9.461918e-07,-6.0277686
2015-10-29 02:00:00,-3.5876272,0.4864407,4.0384746,305.802,10.4140005,1.9494001,20.0,5.0,19.816666666666666,0.3333333333333333,7.439364e-09,8.604235e-07,-6.0675387
2015-10-29 03:00:00,-3.1376665,0.8628333,4.0381665,306.38846,11.790193,2.213077,19.35,8.0,16.733333333333334,0.0,1.5246117e-09,7.140032e-07,-6.1469355
2015-10-29 04:00:00,-4.981,0.9051667,4.4946666,301.06,11.639999,2.1113334,18.166666666666668,8.0,13.35,0.0,5.065146e-09,8.484491e-07,-6.0730333
2015-10-29 05:00:00,-5.160333,1.0936667,4.0145,298.90652,12.331305,2.2052174,19.383333333333333,10.0,10.383333333333333,0.0,2.1072537e-09,7.4624324e-07,-6.128553
2015-10-29 06:00:00,-5.0008926,2.305,2.75,299.80392,14.256863,2.5652943,19.75,11.0,7.7,0.6666666666666666,2.2737718e-09,6.8915557e-07,-6.1634645
2015-10-29 07:00:00,-3.2237499,4.6392856,-1.5617857,296.6609,14.5091305,2.5521739,19.1,11.0,15.683333333333334,0.6666666666666666,3.8989203e-09,6.922758e-07,-6.1642303
2015-10-29 08:00:00,-1.998,4.2316365,-1.9701818,297.6973,13.802432,2.4454055,17.5,5.0,100.4,0.6666666666666666,2.6929332e-09,6.4858943e-07,-6.1907563
2015-10-29 09:00:00,-2.932807,3.7421052,-0.9394737,298.4449,13.830817,2.4638774,18.0,-1.0,220.6,1.0,1.3501023e-09,6.7424804e-07,-6.171942
2015-10-29 10:00:00,-2.13339,4.692373,-1.9581356,307.00577,12.2998085,2.3176923,17.0,-5.0,174.83333333333334,1.0,1.0138066e-08,7.6503727e-07,-6.129716
2015-10-29 11:00:00,-2.0506666,4.079,-0.56016666,313.7842,14.46386,2.8512282,13.983333333333333,-7.0,168.91666666666666,1.0,2.80554e-09,7.0720256e-07,-6.1552854
2015-10-29 12:00:00,-2.0428333,4.2634997,0.032000005,312.66428,13.905892,2.7191072,10.65,-7.0,142.38333333333333,0.6666666666666666,1.7587788e-09,7.126009e-07,-6.148358
2015-10-29 13:00:00,-0.86183333,3.24,0.98333335,306.35092,14.832545,2.7850907,13.05,-2.0,265.06666666666666,0.6666666666666666,4.0762957e-09,7.792361e-07,-6.109414
2015-10-29 14:00:00,-1.3764999,3.1466668,0.7425,303.23218,13.55017,2.4938984,13.25,1.0,160.88333333333333,0.6666666666666666,1.7784112e-08,9.1244914e-07,-6.0463533
2015-10-29 15:00:00,-1.842807,3.1492982,1.1340351,307.80908,12.046818,2.2795455,11.1,2.0,61.483333333333334,0.6666666666666666,1.2440804e-08,8.6297695e-07,-6.0776644
2015-10-29 16:00:00,-3.3600001,3.1205356,-1.1235714,309.92264,10.971887,2.1100001,10.283333333333333,2.0,41.28333333333333,0.6666666666666666,1.0902839e-08,9.0700684e-07,-6.049097
2015-10-29 17:00:00,-4.5646553,3.748793,-0.9924138,306.2451,9.613334,1.8033334,6.85,2.0,63.63333333333333,0.6666666666666666,3.9899626e-09,7.7569507e-07,-6.1145196
2015-10-29 18:00:00,-4.3304996,4.2928333,-0.509,307.40677,9.87339,1.8662711,5.383333333333334,-1.0,75.93333333333334,1.3333333333333333,1e-09,6.6200636e-07,-6.1793184
2015-10-29 19:00:00,-3.5913332,4.798333,0.981,310.961,9.996098,1.9334146,5.083333333333333,-4.0,84.76666666666667,1.3333333333333333,6.6208217e-09,8.0241074e-07,-6.1019955
2015-10-29 20:00:00,-3.7186666,4.0758333,1.613,313.29813,10.333019,2.028868,4.5,-7.0,36.15,1.3333333333333333,-14999.85,-14999.85,-6.141122
2015-10-29 21:00:00,-5.210509,2.8840678,-0.7308474,304.418,10.3331995,1.9156,5.183333333333334,-9.0,40.166666666666664,2.3333333333333335,4.471738e-09,8.8631555e-07,-6.054416
2015-10-29 22:00:00,-4.9264154,2.0935848,-3.366981,305.65,9.987143,1.8659525,4.816666666666666,-7.0,77.83333333333333,2.3333333333333335,4.611429e-09,8.631075e-07,-6.065271
2015-10-29 23:00:00,-4.763,4.144,-2.7875,309.0851,9.345958,1.7848936,0.05,-13.0,328.06666666666666,2.3333333333333335,2.4555503e-08,1.0995781e-06,-5.966247
2015-10-30 00:00:00,-5.097037,4.973519,1.1159259,307.27274,9.626666,1.8181819,-3.2666666666666666,-15.0,269.4,2.3333333333333335,3.8200053e-08,1.2667194e-06,-5.9116383
2015-10-30 01:00:00,-3.0238984,6.3323727,1.360678,317.42554,9.594255,1.9338298,2.316666666666667,-14.0,102.71666666666667,2.3333333333333335,6.509346e-08,1.6880774e-06,-5.786604
2015-10-30 02:00:00,-4.805932,3.4355931,0.8110169,306.59998,9.347368,1.7575439,5.35,-11.0,54.05,2.3333333333333335,3.046177e-08,1.3054627e-06,-5.889035
2015-10-30 03:00:00,-5.9677196,1.4347368,0.9977193,300.82,9.413111,1.7053332,4.116666666666666,-9.0,30.416666666666668,0.6666666666666666,5.0830398e-08,1.3971154e-06,-5.8812037
2015-10-30 04:00:00,-5.6289835,-3.4079661,1.1116948,305.98157,9.391315,1.7586843,4.783333333333333,-6.0,30.116666666666667,0.6666666666666666,1.4264445e-07,2.605327e-06,-5.5974817
2015-10-30 05:00:00,-5.7443333,-4.6635,0.19316666,310.48077,9.320385,1.7971153,5.2,-5.0,42.85,0.6666666666666666,8.519455e-08,1.8940113e-06,-5.753501
2015-10-30 06:00:00,-4.1625,-4.094773,4.064773,317.01483,9.248148,1.8588889,8.183333333333334,-2.0,27.066666666666666,0.3333333333333333,1.9360188e-08,1.0988953e-06,-5.9700603
2015-10-30 07:00:00,-3.3404999,-3.0133333,5.539,320.97406,9.496482,1.9585185,11.483333333333333,2.0,23.683333333333334,0.3333333333333333,9.814032e-08,1.6966773e-06,-5.821661
2015-10-30 08:00:00,-4.6757627,0.3723729,3.5245762,318.9889,9.269778,1.886889,16.116666666666667,4.0,19.566666666666666,0.3333333333333333,1.5730343e-07,2.6727023e-06,-5.636549
2015-10-30 09:00:00,-5.321833,4.0883336,4.8919997,319.59454,8.946,1.83,20.75,1.0,16.333333333333332,1.3333333333333333,4.23739e-08,1.628872e-06,-5.7944922
2015-10-30 10:00:00,-5.151607,5.699286,2.2603571,321.7927,9.149024,1.8953658,21.8,0.0,30.183333333333334,1.3333333333333333,2.0973008e-07,3.2866876e-06,-5.5040574
2015-10-30 11:00:00,-4.301,6.6804996,-0.13166666,323.08517,9.683333,2.0196295,15.3,-5.0,136.48333333333332,1.3333333333333333,4.0596316e-08,1.5483851e-06,-5.8249884
2015-10-30 12:00:00,-4.7655,5.4286666,2.3363333,316.18683,10.078422,2.0139472,8.5,-10.0,308.5,2.6666666666666665,3.528737e-08,1.5025101e-06,-5.828262
2015-10-30 13:00:00,-1.5563792,5.892414,-2.1625862,329.26877,10.076459,2.1864583,6.366666666666666,-12.0,271.4166666666667,2.6666666666666665,1.5031726e-07,2.8513505e-06,-5.549787
2015-10-30 14:00:00,1.5451666,5.6678333,-3.3198333,339.32593,10.575926,2.4420369,1.4333333333333333,-12.0,402.6666666666667,2.6666666666666665,2.3545444e-07,3.513374e-06,-5.481736
2015-10-30 15:00:00,-3.1803334,4.9303336,-3.5375,315.95575,9.423077,1.8838462,-7.4,-19.0,430.81666666666666,3.0,2.0196211e-07,3.9121564e-06,-5.416312
2015-10-30 16:00:00,-5.8163333,3.3826666,-1.6846668,310.91837,8.700816,1.6812245,-14.483333333333333,-25.0,590.1833333333333,3.0,2.1738275e-07,3.5529815e-06,-5.4559913
2015-10-30 17:00:00,-4.4575863,2.8627584,-1.9084483,326.72705,9.494595,2.0497296,-6.716666666666667,-24.0,347.1666666666667,3.0,1.470401e-07,2.8057973e-06,-5.555987
2015-10-30 18:00:00,0.7079661,1.1652542,-1.9047457,346.8846,10.831538,2.6384616,-0.18333333333333332,-21.0,134.61666666666667,1.6666666666666665,9.021157e-08,2.1273784e-06,-5.6740484
2015-10-30 19:00:00,0.5058333,3.171,-4.045833,353.2449,11.444898,2.8573468,1.95,-15.0,57.96666666666667,1.6666666666666665,7.10743e-08,2.0783618e-06,-5.684455
2015-10-30 20:00:00,-3.3016949,2.2937288,-3.4299998,328.5837,14.5348835,3.1413953,-0.23333333333333334,-13.0,45.55,1.6666666666666665,3.7027957e-07,4.744799e-06,-5.378116
2015-10-30 21:00:00,0.5228302,2.0422642,-3.7933962,344.32068,13.910345,3.3151724,-3.6,-14.0,134.25,3.0,1.4214778e-08,1.2490002e-06,-5.9076543
2015-10-30 22:00:00,-3.5543332,1.8431666,-0.3018333,323.91428,12.986122,2.749796,-5.716666666666667,-16.0,224.35,3.0,1.0294582e-08,1.1055458e-06,-5.9575195
2015-10-30 23:00:00,-7.7513556,1.169322,3.0125425,305.7793,8.546552,1.5982758,-6.75,-20.0,107.18333333333334,3.0,1.2374331e-08,1.1459158e-06,-5.9425244
2015-10-31 00:00:00,-7.6148076,1.2382692,3.271346,303.75528,8.252894,1.5239474,-0.6666666666666666,-11.0,43.11666666666667,0.3333333333333333,1.8809152e-08,1.2252292e-06,-5.9174747
2015-10-31 01:00:00,-6.8374577,-1.9842373,2.0145762,312.5543,8.438857,1.6494286,2.783333333333333,-7.0,31.916666666666668,0.3333333333333333,1.7125263e-08,1.1552222e-06,-5.938309
2015-10-31 02:00:00,-6.7348332,3.3263333,2.7236667,317.38303,6.3567924,1.2786791,2.216666666666667,-10.0,26.05,0.3333333333333333,7.2518995e-09,9.73646e-07,-6.015379
2015-10-31 03:00:00,-6.6415257,4.060339,2.0515254,323.19287,5.964286,1.2457143,0.3333333333333333,-8.0,22.933333333333334,0.3333333333333333,3.5673702e-09,8.7451156e-07,-6.0586963
2015-10-31 04:00:00,-5.504746,5.8203387,0.5740678,329.839,6.2571187,1.3613559,-1.1,-7.0,30.016666666666666,0.3333333333333333,3.730062e-09,8.9614e-07,-6.0482187
2015-10-31 05:00:00,-5.8350906,5.509091,1.4654545,335.72,6.34925,1.43175,-5.45,-11.0,49.31666666666667,0.3333333333333333,1.4013108e-08,1.0915013e-06,-5.9636583
2015-10-31 06:00:00,-6.7317543,2.6007018,2.4677193,332.96304,5.913261,1.311087,-2.6666666666666665,-9.0,71.71666666666667,0.6666666666666666,2.1953865e-07,2.8516838e-06,-5.577204
2015-10-31 07:00:00,-6.6515517,3.2005174,2.5137932,338.982,5.8705997,1.3474001,2.6666666666666665,-5.0,20.5,0.6666666666666666,5.8246314e-08,1.9672264e-06,-5.724035
2015-10-31 08:00:00,-6.936167,2.7165,2.979,350.1404,5.970851,1.4657446,10.083333333333334,-2.0,22.85,0.6666666666666666,1.24818005e-08,1.1178837e-06,-5.9539456
2015-10-31 09:00:00,-7.169649,3.3570178,2.7538598,346.51843,5.002895,1.2023684,15.5,-2.0,18.05,1.3333333333333333,3.889463e-09,8.775414e-07,-6.0576763
2015-10-31 10:00:00,-4.892182,3.5263636,1.2347274,350.40286,6.6491427,1.6491429,19.516666666666666,-1.0,41.3,1.3333333333333333,1.6612859e-08,1.0306921e-06,-5.9945264
2015-10-31 11:00:00,-4.8845615,2.5419297,3.2733333,340.7163,7.417959,1.7285714,13.6,-5.0,34.85,1.3333333333333333,2.8195617e-09,8.321601e-07,-6.0806627
2015-10-31 12:00:00,-2.1685,4.9076667,-0.9138333,355.37103,7.5310526,1.9042106,13.766666666666667,-4.0,81.7,2.0,5.6672893e-09,8.720389e-07,-6.060823
2015-10-31 13:00:00,-1.4823729,5.7577963,-0.6069491,354.43954,7.4355817,1.8681396,8.95,-8.0,178.45,2.0,2.1054841e-08,1.1261662e-06,-5.949939
2015-10-31 14:00:00,1.2703334,5.5956664,-1.2296666,362.26416,6.782453,1.7813207,4.466666666666667,-11.0,172.83333333333334,2.0,2.946798e-08,1.1699943e-06,-5.936982
2015-10-31 15:00:00,0.7608334,6.6845,1.5471667,356.7962,7.5849056,1.9324528,-0.05,-12.0,187.45,1.6666666666666665,7.384179e-08,1.4617127e-06,-5.8683157
2015-10-31 16:00:00,-1.027069,5.581552,1.3451724,350.24222,7.8553333,1.9282222,-4.016666666666667,-15.0,337.81666666666666,1.6666666666666665,3.6497987e-08,1.3510432e-06,-5.872046
2015-10-31 17:00:00,-3.2770174,4.6877193,4.2849126,343.024,8.368,1.9684,-2.316666666666667,-16.0,218.76666666666668,1.6666666666666665,1.7699543e-07,1.9196111e-06,-5.822987
2015-10-31 18:00:00,-5.8723683,-1.0602632,1.8605264,333.5107,8.4475,1.8796428,1.8833333333333333,-13.0,134.73333333333332,2.0,1.0536221e-07,2.1040428e-06,-5.6839323
2015-10-31 19:00:00,-4.7405,1.5575,-3.2423332,331.87192,8.565789,1.8921052,1.35,-12.0,43.916666666666664,2.0,4.5997916e-07,4.950276e-06,-5.327883
2015-10-31 20:00:00,-3.236949,3.7776272,-3.4654238,336.95715,8.180816,1.8602041,1.2833333333333334,-12.0,51.28333333333333,2.0,8.8542905e-08,1.8667713e-06,-5.7435656
2015-10-31 21:00:00,-0.9011864,4.6837287,-2.246949,351.1111,8.6453705,2.132963,-1.95,-10.0,286.8,2.6666666666666665,1.3212791e-07,1.9609836e-06,-5.7618427
2015-10-31 22:00:00,-2.2786667,6.362,-0.10066667,344.67776,8.901667,2.1151853,-4.1,-10.0,347.05,2.6666666666666665,5.3846256e-09,8.243738e-07,-6.086146
2015-10-31 23:00:00,-2.4544067,6.015763,-2.034746,341.0862,8.681725,2.0224137,-1.25,-9.0,171.21666666666667,2.6666666666666665,1.8709036e-07,2.270606e-06,-5.701478
2015-11-01 00:00:00,-4.476333,6.1546664,1.3638333,338.9826,8.447391,1.9404348,-15.4,-17.0,126.61666666666666,1.3333333333333333,1.8332089e-07,2.4109222e-06,-5.6565094
2015-11-01 01:00:00,-4.545345,6.6131034,0.10362069,342.17398,8.546599,2.0016,-14.85,-16.0,62.516666666666666,1.3333333333333333,1.1790085e-07,2.0191483e-06,-5.7577496
2015-11-01 02:00:00,-3.0620692,7.5665517,-0.10482758,347.63654,9.474038,2.294231,-13.766666666666667,-14.0,122.95,1.3333333333333333,1.0549527e-08,9.586535e-07,-6.0219827
2015-11-01 03:00:00,-3.8828814,7.046949,-0.6571187,354.0109,10.051091,2.5176363,-16.7,-12.0,356.21666666666664,3.3333333333333335,1.0832847e-07,1.5524297e-06,-5.884218
2015-11-01 04:00:00,-2.9001753,3.774035,-2.4226315,353.7451,12.312353,3.097451,-16.366666666666667,-12.0,192.48333333333332,3.3333333333333335,5.2694e-09,8.1462156e-07,-6.0914407
2015-11-01 05:00:00,-1.8244828,3.788448,-4.730345,350.93137,13.282744,3.2715688,-19.366666666666667,-16.0,263.3,3.3333333333333335,3.8134267e-08,1.2340411e-06,-5.914105
2015-11-01 06:00:00,-6.0351663,4.5811667,-2.8981667,350.27017,9.488421,2.3273685,-26.216666666666665,-24.0,360.73333333333335,2.3333333333333335,7.941503e-08,1.6712139e-06,-5.7931533
2015-11-01 07:00:00,-5.5216665,5.488167,0.8958333,344.65088,7.930877,1.8852631,-31.266666666666666,-31.0,418.51666666666665,2.3333333333333335,1.1920078e-08,9.860386e-07,-6.018036
2015-11-01 08:00:00,-3.1415,2.9613333,-0.69816667,352.11227,9.004386,2.2477193,-27.433333333333334,-26.0,293.6666666666667,2.3333333333333335,1.4601551e-09,6.660073e-07,-6.179084
2015-11-01 09:00:00,-1.8932142,3.4287498,-4.348214,361.67194,8.275439,2.1654387,-25.05,-24.0,276.15,2.3333333333333335,7.0884427e-09,6.885449e-07,-6.168704
2015-11-01 10:00:00,-0.2026,3.7657998,-4.8976,359.03513,8.0745945,2.0821621,-31.266666666666666,-32.0,314.76666666666665,2.3333333333333335,7.701753e-09,7.0502404e-07,-6.154092
2015-11-01 11:00:00,-2.9211764,4.0080395,-1.8678432,356.1972,7.167222,1.818889,-36.61666666666667,-40.0,507.31666666666666,2.3333333333333335,1.4525158e-08,7.688229e-07,-6.1164703
2015-11-01 12:00:00,-2.529322,3.8954237,-2.6445763,357.29828,7.260517,1.853793,-35.0,-37.0,364.98333333333335,3.0,1.8004062e-08,8.7754455e-07,-6.0620403
2015-11-01 13:00:00,-0.9520339,3.452373,-3.9591525,359.8857,7.9623213,2.0633929,-31.133333333333333,-30.0,359.3,3.0,2.1226183e-08,7.6296317e-07,-6.1192703
2015-11-01 14:00:00,-2.7994914,1.9864407,-3.708305,357.0872,8.683846,2.2148716,-35.166666666666664,-31.0,438.1,3.0,1.7881e-08,7.943619e-07,-6.1008153
2015-11-01 15:00:00,-3.7756667,2.5046666,-2.8485,353.8805,7.6256094,1.9102439,-35.56666666666667,-32.0,418.53333333333336,1.6666666666666665,1.2232266e-08,7.8800804e-07,-6.106153
2015-11-01 16:00:00,-3.7610002,3.0683334,-2.8005,351.08002,7.3273335,1.8065,-33.65,-33.0,444.3,1.6666666666666665,1.3372527e-07,2.0606935e-06,-5.7759795
2015-11-01 17:00:00,-3.3408332,3.8778334,-2.7806666,349.96667,7.543333,1.847843,-29.45,-31.0,377.9166666666667,1.6666666666666665,2.0569709e-07,2.5681795e-06,-5.691385
2015-11-01 18:00:00,-3.7324138,4.015,-2.2915518,351.47827,8.411522,2.078913,-26.133333333333333,-29.0,402.55,2.3333333333333335,2.1540036e-07,3.7144878e-06,-5.5021863
2015-11-01 19:00:00,-3.5991666,3.5493333,-1.7206666,353.80923,9.561481,2.3951852,-17.883333333333333,-23.0,281.0833333333333,2.3333333333333335,2.2789633e-08,1.0257038e-06,-6.014913
2015-11-01 20:00:00,0.4728333,1.3275,-0.4465,344.15833,11.881875,2.8060417,-13.133333333333333,-19.0,121.43333333333334,2.3333333333333335,1.2333227e-07,2.125718e-06,-5.731265
2015-11-01 21:00:00,4.8231664,-0.9651667,1.6253333,322.47116,12.634808,2.6321154,-11.25,-16.0,88.56666666666666,0.6666666666666666,3.950746e-08,1.2174697e-06,-5.9362164
2015-11-01 22:00:00,4.5832205,-1.6440678,1.7052542,321.40195,11.953333,2.4707844,-9.866666666666667,-15.0,50.016666666666666,0.6666666666666666,3.095079e-07,3.570958e-06,-5.4747066
2015-11-01 23:00:00,2.2082143,-2.7355359,0.9671429,330.47333,16.442888,3.5915554,-5.8,-10.0,42.45,0.6666666666666666,2.652305e-07,4.5797988e-06,-5.3466563
2015-11-02 00:00:00,0.5471667,-3.1175,0.35,330.85455,16.744318,3.6647727,-4.35,-8.0,51.983333333333334,0.3333333333333333,1.7318e-07,3.2506528e-06,-5.5043736
2015-11-02 01:00:00,1.0931666,-3.6498334,1.3496667,326.854,13.9936,2.9904,-5.25,-7.0,44.266666666666666,0.3333333333333333,7.996483e-08,2.366381e-06,-5.666186
2015-11-02 02:00:00,0.22333333,-4.778167,-0.19666667,331.70218,16.24826,3.5773911,-1.7833333333333334,0.0,55.833333333333336,0.3333333333333333,6.5229977e-09,9.784733e-07,-6.0132413
2015-11-02 03:00:00,2.7545455,-2.4945455,1.2395455,321.04074,13.617037,2.8044446,-4.033333333333333,1.0,41.43333333333333,0.0,1.2474897e-08,9.787869e-07,-6.012137
2015-11-02 04:00:00,0.9616667,-3.7078333,-0.4741667,327.42502,11.6675005,2.4991071,-5.416666666666667,-1.0,45.11666666666667,0.0,1.1466853e-09,7.1998784e-07,-6.1432853
2015-11-02 05:00:00,-0.5917647,-4.547843,-2.0584314,330.0077,10.236155,2.2307692,-6.833333333333333,-5.0,51.7,0.0,2.443814e-08,9.929938e-07,-6.0300913
2015-11-02 06:00:00,-1.4026315,-3.4028072,-0.8657895,332.87332,10.380222,2.2993333,-5.933333333333334,-5.0,68.11666666666666,0.3333333333333333,7.680813e-08,1.5117498e-06,-5.8586597
2015-11-02 07:00:00,-0.81711864,-3.9974577,-0.8991525,326.4739,10.435653,2.2239132,-3.5166666666666666,-2.0,66.53333333333333,0.3333333333333333,2.8029976e-09,8.2360725e-07,-6.0878234
2015-11-02 08:00:00,-1.6022414,-2.8494828,1.5518966,329.48233,9.96902,2.1641178,-2.9833333333333334,-2.0,70.21666666666667,0.3333333333333333,1.0572608e-09,7.2558015e-07,-6.1394587
2015-11-02 09:00:00,-2.3038332,-3.8488336,-0.02466667,329.27142,9.3075,2.0189285,-2.466666666666667,-3.0,58.1,0.3333333333333333,1.16474325e-07,1.4931179e-06,-5.9490857
2015-11-02 10:00:00,-0.60375005,-2.1196427,-0.68803567,325.90244,10.308537,2.1912193,-3.4166666666666665,-3.0,54.61666666666667,0.3333333333333333,1.9674316e-07,2.8361783e-06,-5.666405
2015-11-02 11:00:00,-1.6061667,-3.5175002,-2.0313332,330.09744,10.437949,2.2748718,-5.883333333333334,-5.0,56.03333333333333,0.3333333333333333,4.252365e-09,8.547813e-07,-6.071464
2015-11-02 12:00:00,3.0433335,-2.0588334,1.3426666,335.16446,16.77111,3.7657776,-1.7666666666666666,0.0,92.41666666666667,2.6666666666666665,4.092075e-09,7.6554863e-07,-6.118005
2015-11-02 13:00:00,4.7310343,-1.1162069,-0.86844826,329.04498,16.10725,3.4950001,-3.8666666666666667,0.0,90.86666666666666,2.6666666666666665,5.518768e-08,1.4704822e-06,-5.845796
2015-11-02 14:00:00,3.0635087,-1.8261403,-3.0205262,330.89374,15.758125,3.4534376,-16.633333333333333,-10.0,383.46666666666664,2.6666666666666665,1.1640971e-07,1.8310415e-06,-5.8031764
2015-11-02 15:00:00,2.4757447,-2.9106383,-0.43787235,325.46286,14.7982855,3.1485713,-18.583333333333332,-14.0,300.48333333333335,2.3333333333333335,1.1763059e-07,2.3111513e-06,-5.670056
2015-11-02 16:00:00,4.527,-3.1631668,0.20016667,314.17273,13.359091,2.6414545,-14.883333333333333,-13.0,98.13333333333334,2.3333333333333335,5.2681663e-08,1.8439521e-06,-5.743573
2015-11-02 17:00:00,3.6388333,-3.9636667,1.6778333,315.65,12.556875,2.501875,-11.5,-11.0,75.3,2.3333333333333335,1.625509e-08,1.0783484e-06,-5.9768887
2015-11-02 18:00:00,2.9017308,-2.8953846,3.6273077,319.62274,12.589545,2.5704546,-7.083333333333333,-10.0,46.166666666666664,0.0,1.7845893e-09,7.2899246e-07,-6.1397214
2015-11-02 19:00:00,1.304138,-3.288793,3.2644827,316.71924,12.136538,2.4359615,-5.133333333333334,-10.0,42.28333333333333,0.0,3.3851744e-09,6.5070714e-07,-6.1909804
2015-11-02 20:00:00,1.7210526,-2.6535087,3.6036842,313.41953,12.4719515,2.4497561,-2.7,-9.0,39.3,0.0,2.2144178e-09,5.475711e-07,-6.268365
2015-11-02 21:00:00,1.341228,-1.6607016,3.0663157,312.22223,13.846223,2.7002223,-0.8833333333333333,-6.0,44.7,1.3333333333333333,2.3692737e-09,7.286914e-07,-6.1388917
2015-11-02 22:00:00,1.5939654,-2.3063793,0.35672414,309.1022,15.219556,2.9095557,1.0833333333333333,-3.0,41.4,1.3333333333333333,1.0057675e-09,5.476311e-07,-6.264689
2015-11-02 23:00:00,2.5977778,-1.7968519,-0.97462964,323.41428,28.514694,6.0485716,11.916666666666666,7.0,53.46666666666667,1.3333333333333333,1.0037545e-09,5.369619e-07,-6.271165
2015-11-03 00:00:00,6.656909,-3.1954546,5.3479996,328.5085,29.57766,6.3876595,12.516666666666667,11.0,38.483333333333334,2.3333333333333335,4.2959453e-08,1.0198048e-06,-6.061818
2015-11-03 01:00:00,5.8580704,-5.6401753,-6.0191226,344.6237,56.914738,13.54079,24.233333333333334,23.0,94.78333333333333,2.3333333333333335,1.4078721e-08,1.0407371e-06,-6.0197887
2015-11-03 02:00:00,4.7129087,-5.7883635,-3.6787274,340.87692,68.25769,15.860001,26.483333333333334,29.0,207.55,2.3333333333333335,1e-09,4.6772567e-07,-6.3314805
2015-11-03 03:00:00,2.6326191,-1.2633333,-3.135238,349.4,70.91,17.31,16.266666666666666,22.0,249.43333333333334,3.3333333333333335,1e-09,4.7127008e-07,-6.3268924
2015-11-03 04:00:00,,,,,,,19.966666666666665,25.0,177.36666666666667,3.3333333333333335,1.000346e-09,5.108621e-07,-6.292276
2015-11-03 05:00:00,3.46,-15.443334,1.8377779,,,,8.383333333333333,13.0,195.76666666666668,3.3333333333333335,1.002626e-09,5.308014e-07,-6.2768464
2015-11-03 06:00:00,5.0099998,-14.436666,1.1733333,,,,23.15,24.0,152.88333333333333,5.0,1.0003345e-09,5.4964056e-07,-6.2602553
2015-11-03 07:00:00,-3.638,4.092,-11.162667,457.875,20.175001,8.4725,38.31666666666667,36.0,234.15,5.0,1e-09,5.082805e-07,-6.29428
2015-11-03 08:00:00,-6.1735086,7.8542104,0.67684215,493.88718,17.748205,8.598205,-24.666666666666668,-18.0,244.13333333333333,5.0,1.0815072e-09,5.12239e-07,-6.2911515
2015-11-03 09:00:00,-8.3495,13.348499,0.6721667,471.70834,15.854375,7.0885415,-39.21666666666667,-37.0,378.3833333333333,4.666666666666667,2.863746e-09,5.449473e-07,-6.2654605
2015-11-03 10:00:00,-6.9225,15.263667,6.9148335,478.3732,14.753415,6.7368293,-34.31666666666667,-35.0,503.28333333333336,4.666666666666667,3.1753884e-09,5.6103437e-07,-6.254608
2015-11-03 11:00:00,-5.4822035,6.0735593,0.6140678,530.9921,13.474117,7.3649015,-39.5,-39.0,576.1333333333333,4.666666666666667,1.4648343e-09,5.1104286e-07,-6.29285
2015-11-03 12:00:00,-7.710339,1.0854237,-0.011864409,652.73956,5.733023,4.885349,-52.63333333333333,-51.0,487.43333333333334,4.333333333333333,1.6912219e-09,5.617574e-07,-6.2527637
2015-11-03 13:00:00,-5.5655,4.1018333,0.17483333,662.50195,5.8090386,5.0951924,-48.5,-43.0,554.7666666666667,4.333333333333333,1.9633129e-08,8.6958363e-07,-6.084271
2015-11-03 14:00:00,-7.9375,2.5485,1.393,639.13184,6.065682,4.959318,-42.583333333333336,-39.0,607.4166666666666,4.333333333333333,1.5274061e-08,9.1424613e-07,-6.0481763
2015-11-03 15:00:00,-5.3831663,2.4136667,5.350667,659.10223,6.920445,6.044667,-36.983333333333334,-38.0,216.03333333333333,4.333333333333333,3.4291148e-09,6.2079437e-07,-6.2115273
2015-11-03 16:00:00,-7.0650845,6.05661,1.6805085,631.57,6.37225,5.09225,-32.05,-35.0,239.75,4.333333333333333,1.1547689e-08,5.5101845e-07,-6.291283
2015-11-03 17:00:00,-5.8721666,9.201501,-0.1955,630.14,6.313,5.013,-29.516666666666666,-34.0,535.9,4.333333333333333,3.018813e-08,8.36049e-07,-6.1853957
2015-11-03 18:00:00,-5.256271,6.425085,-1.8023728,634.4706,7.276274,5.8580394,-37.53333333333333,-37.0,1021.7833333333333,4.666666666666667,1.0493079e-07,1.3485358e-06,-5.998935
2015-11-03 19:00:00,-0.026666667,6.0818334,-1.0239999,713.35895,3.7298214,3.7757144,-48.06666666666667,-50.0,834.6666666666666,4.666666666666667,2.3380981e-07,3.5339929e-06,-5.484674
2015-11-03 20:00:00,-0.8088333,6.032,0.364,703.4218,3.5456362,3.5105455,-42.36666666666667,-47.0,675.2833333333333,4.666666666666667,9.594964e-09,1.0390651e-06,-5.9938335
2015-11-03 21:00:00,-2.234,4.8978333,2.7273333,688.8148,3.3574076,3.1859257,-35.15,-40.0,415.95,3.3333333333333335,5.0071525e-09,7.1492497e-07,-6.1501365
2015-11-03 22:00:00,-2.2823334,4.691167,2.2781668,684.52264,2.7473586,2.5762262,-36.4,-41.0,98.55,3.3333333333333335,4.566557e-09,6.7620476e-07,-6.173358
2015-11-03 23:00:00,-3.1249151,2.670339,-0.34508476,668.68396,2.785,2.4892857,-37.983333333333334,-41.0,165.48333333333332,3.3333333333333335,1.7888823e-08,8.478557e-07,-6.0868087
2015-11-04 00:00:00,-4.385333,0.018666675,-0.31,653.6107,2.8435714,2.4305358,-47.916666666666664,-45.0,438.3333333333333,4.333333333333333,3.9338683e-08,1.0298247e-06,-6.040644
2015-11-04 01:00:00,-1.9813793,2.5527587,-1.0172414,673.2553,2.7829788,2.5278723,-53.85,-46.0,771.1666666666666,4.333333333333333,5.821511e-09,6.9853206e-07,-6.1621857
2015-11-04 02:00:00,-2.5381033,2.983793,-0.68051726,653.6384,2.8346152,2.4275,-48.1,-43.0,541.55,4.333333333333333,1.8722115e-08,9.778292e-07,-6.016336
2015-11-04 03:00:00,-4.1225,1.5583334,1.804375,640.6591,3.1031816,2.546818,-36.083333333333336,-34.0,713.3,5.333333333333333,3.0941519e-07,2.2768388e-06,-5.981248
2015-11-04 04:00:00,-4.4216666,2.3411112,-2.0218518,712.96936,7.5526533,7.740816,-13.966666666666667,-14.0,460.31666666666666,5.333333333333333,1.03730775e-08,6.5912434e-07,-6.2014837
2015-11-04 05:00:00,-5.6813335,-0.39033335,-1.0158334,705.30817,7.34102,7.3291836,-29.95,-27.0,517.0,5.333333333333333,1.7572347e-09,5.7794347e-07,-6.238934
2015-11-04 06:00:00,-4.5038333,5.8558335,-1.9583334,707.55396,5.7534003,5.7566004,-39.833333333333336,-37.0,769.7666666666667,5.0,1.3108093e-08,5.740048e-07,-6.2424054
2015-11-04 07:00:00,-3.5843103,4.7060347,0.69103444,705.8904,5.227692,5.209231,-37.86666666666667,-39.0,1084.95,5.0,2.405049e-08,6.1171676e-07,-6.2150264
2015-11-04 08:00:00,-2.944,7.1188335,0.8146667,701.8086,4.693448,4.627586,-37.61666666666667,-35.0,536.3166666666667,5.0,5.5288638e-08,8.516008e-07,-6.126671
2015-11-04 09:00:00,-3.3955,7.1765,-1.0383333,677.7184,3.7223332,3.4181666,-41.85,-38.0,822.4333333333333,4.333333333333333,5.050647e-08,9.725462e-07,-6.085806
2015-11-04 10:00:00,-3.4464998,7.3306665,0.68649995,668.13855,3.5173686,3.1426318,-39.68333333333333,-41.0,741.6833333333333,4.333333333333333,2.3435955e-08,6.650573e-07,-6.1813583
2015-11-04 11:00:00,-5.205167,6.5414996,-0.264,643.0782,3.369091,2.7903636,-50.416666666666664,-51.0,672.8666666666667,4.333333333333333,3.7653123e-08,8.300995e-07,-6.0842886
2015-11-04 12:00:00,-5.5309997,5.288,-2.8691666,647.71075,3.351607,2.8119643,-59.06666666666667,-56.0,745.35,5.0,4.4030756e-07,3.156564e-06,-5.78055
2015-11-04 13:00:00,-7.0186443,3.7771187,-1.7379661,635.2612,3.392857,2.7391837,-62.016666666666666,-52.0,1186.0166666666667,5.0,1.96087e-06,1.1223736e-05,-5.4425726
2015-11-04 14:00:00,-0.694,3.8601668,3.534,650.5758,4.8022413,4.090517,-50.71666666666667,-43.0,636.3833333333333,5.0,1.0771242e-06,1.3048154e-05,-4.9473968
2015-11-04 15:00:00,5.6441665,1.4645001,3.8273332,672.358,7.2384005,6.5498,-42.38333333333333,-40.0,176.7,2.6666666666666665,2.070696e-07,4.2009797e-06,-5.3840137
2015-11-04 16:00:00,6.561667,1.1435,3.3616667,668.83466,6.529592,5.850204,-33.55,-34.0,93.7,2.6666666666666665,7.9831324e-08,2.3072987e-06,-5.641804
2015-11-04 17:00:00,6.5903335,1.4990001,3.1061666,661.19763,7.3442855,6.4204764,-25.133333333333333,-27.0,105.78333333333333,2.6666666666666665,3.517624e-08,1.4991675e-06,-5.8251257
2015-11-04 18:00:00,5.3676667,2.6191666,4.8164997,630.88184,5.167273,4.113455,-24.8,-27.0,67.76666666666667,2.3333333333333335,1.7293381e-08,1.1293239e-06,-5.949907
2015-11-04 19:00:00,1.787451,0.53431374,3.0611763,622.4645,7.310889,5.636889,-17.866666666666667,-21.0,93.35,2.3333333333333335,1.1623101e-08,9.624783e-07,-6.0189347
2015-11-04 20:00:00,-6.1811666,-2.575,0.56283337,598.4138,6.776379,4.87931,-23.616666666666667,-26.0,113.3,2.3333333333333335,6.291436e-09,8.030098e-07,-6.098079
2015-11-04 21:00:00,-5.92322,-3.5915253,2.860339,584.69147,3.9217024,2.6942554,-29.866666666666667,-32.0,68.68333333333334,2.0,1.0694535e-09,6.208819e-07,-6.207879
2015-11-04 22:00:00,-5.7925,-3.7863333,2.575667,567.725,3.5939286,2.31625,-26.7,-29.0,141.88333333333333,2.0,-1666.65,-1666.65,-6.1785164
2015-11-04 23:00:00,-5.811,-3.2378335,1.4811667,563.9589,3.0726788,1.9551785,-25.55,-26.0,77.58333333333333,2.0,1.0371765e-09,5.8033925e-07,-6.2372236
2015-11-05 00:00:00,-4.5581665,-3.9445,-1.3901668,565.24817,3.1198149,1.9937036,-27.5,-26.0,87.36666666666666,2.3333333333333335,1.0176645e-09,5.32496e-07,-6.274633
2015-11-05 01:00:00,-3.2938335,-3.9246666,-0.09283335,563.89624,2.741698,1.7430189,-30.633333333333333,-28.0,105.88333333333334,2.3333333333333335,1.395041e-09,5.261467e-07,-6.2822356
2015-11-05 02:00:00,-4.0584745,-1.2257627,0.6894915,557.6071,2.515238,1.5638095,-27.95,-24.0,153.98333333333332,2.3333333333333335,1.0655248e-09,5.8391817e-07,-6.2343683
2015-11-05 03:00:00,-4.2991304,-1.9606522,0.95934784,552.0531,2.4265625,1.47875,-24.316666666666666,-21.0,50.75,1.6666666666666665,1e-09,4.745406e-07,-6.3238893
2015-11-05 04:00:00,-4.3473334,-0.2665,-0.48299998,549.0741,2.575185,1.5518519,-26.15,-24.0,55.06666666666667,1.6666666666666665,1e-09,4.859137e-07,-6.3145003
2015-11-05 05:00:00,-4.3582144,1.8180357,-0.47910714,549.3808,2.4217308,1.4615384,-27.766666666666666,-28.0,55.6,1.6666666666666665,1e-09,4.4774106e-07,-6.349127
2015-11-05 06:00:00,-4.249,0.03499999,0.065833345,543.8767,2.628372,1.5551163,-25.15,-27.0,71.48333333333333,3.6666666666666665,1e-09,4.313284e-07,-6.365268
2015-11-05 07:00:00,-3.3045,1.3816667,-1.5898334,550.6758,2.9306061,1.7781818,-27.416666666666668,-31.0,142.56666666666666,3.6666666666666665,1e-09,4.3200208e-07,-6.3645835
2015-11-05 08:00:00,-3.0440679,1.2186441,-3.6291525,546.8944,2.7955556,1.6741667,-30.683333333333334,-33.0,384.43333333333334,3.6666666666666665,1.1864333e-08,4.6531258e-07,-6.3324428
2015-11-05 09:00:00,-3.2561667,1.5136666,-2.6160002,546.86444,2.8604445,1.7111111,-28.983333333333334,-34.0,557.0666666666667,3.3333333333333335,6.4686385e-09,4.3213316e-07,-6.3645277
2015-11-05 10:00:00,-2.1065,4.079,-1.4123333,550.4902,3.1615686,1.920196,-32.016666666666666,-34.0,531.7166666666667,3.3333333333333335,8.372127e-09,3.976614e-07,-6.400712
2015-11-05 11:00:00,-3.3975,1.6445,-0.1645,540.0857,3.4247618,2.0,-33.05,-33.0,538.05,3.3333333333333335,1.2840909e-08,4.047834e-07,-6.3929553
2015-11-05 12:00:00,-3.1549153,-0.70881355,-1.9132203,537.2829,3.4048781,1.9673171,-32.78333333333333,-32.0,337.4,2.6666666666666665,4.817262e-09,4.7445582e-07,-6.325051
2015-11-05 13:00:00,-2.167963,-2.0844443,-3.544074,545.5711,3.526222,2.0995555,-34.0,-30.0,371.48333333333335,2.6666666666666665,7.35731e-09,4.1188045e-07,-6.3853016
2015-11-05 14:00:00,-1.1051724,1.2781034,-2.252069,549.14996,3.6845834,2.22,-37.1,-31.0,433.65,2.6666666666666665,7.349634e-09,3.77815e-07,-6.422986
2015-11-05 15:00:00,-2.0908475,3.3138983,-0.51135594,537.7453,3.8428302,2.2218869,-35.56666666666667,-31.0,242.68333333333334,4.0,-1666.65,-1666.65,-6.4022985
2015-11-05 16:00:00,-2.9905264,0.06456141,-2.4692984,526.59546,3.8759093,2.1495454,-36.36666666666667,-32.0,503.6333333333333,4.0,2.9084657e-09,4.3399143e-07,-6.365347
2015-11-05 17:00:00,-2.9673333,-0.5505,-2.3316665,525.4566,3.502264,1.9366038,-34.96666666666667,-33.0,457.03333333333336,4.0,7.486406e-09,4.7438192e-07,-6.328452
2015-11-05 18:00:00,-4.0095,-2.4713333,-0.19166666,516.62726,3.1859999,1.7016363,-34.45,-36.0,314.5833333333333,3.0,3.7574024e-09,4.377735e-07,-6.3596582
2015-11-05 19:00:00,-4.8658338,-0.4575,-2.4498334,529.17145,2.6310713,1.4660714,-31.433333333333334,-36.0,228.58333333333334,3.0,1.5469958e-09,4.3277197e-07,-6.365169
2015-11-05 20:00:00,-5.1944184,-0.38744184,-2.2713952,544.64374,2.2546875,1.338125,-29.766666666666666,-34.0,260.25,3.0,-14999.85,-14999.85,-6.219557
2015-11-05 21:00:00,-4.7201667,-0.4165,-1.2455,554.351,3.2041178,1.9727451,-32.15,-35.0,248.71666666666667,3.0,1.00173e-09,4.5574046e-07,-6.3415895
2015-11-05 22:00:00,-4.7964287,1.3257142,-1.6392858,536.3182,2.4572728,1.4127272,-34.63333333333333,-37.0,263.45,3.0,1.1179949e-09,5.147957e-07,-6.2900286
2015-11-05 23:00:00,-5.1897917,0.5391667,-2.2775,529.61896,2.4467568,1.3764865,-34.86666666666667,-35.0,372.48333333333335,3.0,1.0099245e-09,4.6793735e-07,-6.332863
2015-11-06 00:00:00,-5.4976664,0.6971667,-0.6941667,510.3154,2.3359616,1.2167308,-34.18333333333333,-32.0,366.26666666666665,3.6666666666666665,1.0803272e-09,4.565451e-07,-6.3412943
2015-11-06 01:00:00,-4.1026316,2.4785964,-1.7042105,512.1725,2.2965,1.205,-28.333333333333332,-27.0,86.95,3.6666666666666665,1.1161397e-09,4.669287e-07,-6.3311734
2015-11-06 02:00:00,-5.4086666,1.3694999,-1.6171666,498.09183,2.2993877,1.1406122,-28.683333333333334,-25.0,92.53333333333333,3.6666666666666665,1.023212e-09,4.9654074e-07,-6.3046327
2015-11-06 03:00:00,-5.7201667,-0.13566667,-1.4506667,494.77115,2.2151923,1.0834615,-29.15,-24.0,86.13333333333334,2.0,4.290473e-09,6.3730266e-07,-6.200234
2015-11-06 04:00:00,-5.472931,-1.4003448,-1.9760345,496.19763,2.1685715,1.0721428,-29.05,-26.0,116.21666666666667,2.0,1.0073686e-09,5.3679645e-07,-6.2704325
2015-11-06 05:00:00,-5.951333,-0.34616667,-1.4085001,483.8925,2.13675,1.001,-28.8,-28.0,118.1,2.0,2.1685065e-09,5.8003855e-07,-6.2392344
2015-11-06 06:00:00,-5.672414,0.29793105,-1.6715517,479.03198,2.4736,1.1348001,-27.383333333333333,-27.0,115.43333333333334,2.0,3.4089456e-09,6.570826e-07,-6.185454
2015-11-06 07:00:00,-5.308965,2.5231035,-1.0215517,483.54443,2.6388888,1.2333333,-25.65,-24.0,120.43333333333334,2.0,2.5014046e-09,6.779634e-07,-6.170735
2015-11-06 08:00:00,-5.6218643,2.5586443,0.25745764,479.1,2.8073583,1.2886794,-27.233333333333334,-27.0,127.18333333333334,2.0,3.325138e-09,7.291331e-07,-6.1399336
2015-11-06 09:00:00,-4.848167,3.2685,1.2318333,484.20587,3.047647,1.4317646,-23.616666666666667,-25.0,90.91666666666667,2.3333333333333335,9.907893e-09,9.594637e-07,-6.0183825
2015-11-06 10:00:00,-5.7798276,0.1713793,2.5044827,472.55295,3.0982351,1.3820589,-22.4,-24.0,90.46666666666667,2.3333333333333335,1.8452758e-09,7.3795127e-07,-6.1325808
2015-11-06 11:00:00,-5.607796,1.8740678,1.5064406,472.6404,3.2838297,1.4702127,-23.266666666666666,-23.0,79.6,2.3333333333333335,2.606621e-09,6.22157e-07,-6.2088933
2015-11-06 12:00:00,-6.1200004,0.5361666,0.76566666,462.6772,3.512456,1.5042105,-23.833333333333332,-21.0,189.85,2.0,1.1842315e-08,8.4223205e-07,-6.077176
2015-11-06 13:00:00,-5.97,0.8317392,1.5810869,458.64212,3.9784212,1.6739473,-24.616666666666667,-19.0,109.75,2.0,7.461356e-09,7.188192e-07,-6.1471934
2015-11-06 14:00:00,-4.2602043,0.617551,4.365102,472.30002,4.3305883,1.9335294,-25.183333333333334,-17.0,177.41666666666666,2.0,2.51288e-08,1.0394197e-06,-6.00313
2015-11-06 15:00:00,-2.8435087,4.3442106,2.4842107,472.69214,4.140263,1.85,-20.933333333333334,-14.0,104.71666666666667,1.3333333333333333,1.3993841e-08,8.800789e-07,-6.0588117
2015-11-06 16:00:00,-4.164,3.9203334,1.8458333,466.20187,4.397222,1.9133333,-18.266666666666666,-13.0,52.9,1.3333333333333333,9.181561e-09,8.349631e-07,-6.0800767
2015-11-06 17:00:00,-5.682712,3.491695,2.282373,455.07825,4.222609,1.7456522,-18.35,-16.0,222.83333333333334,1.3333333333333333,5.4695315e-09,7.69725e-07,-6.116918
2015-11-06 18:00:00,-7.0211663,10.150333,3.1938334,521.94165,7.2295833,3.92875,-1.7166666666666666,-2.0,363.73333333333335,4.0,1.0899047e-07,1.6788538e-06,-5.8567305
2015-11-06 19:00:00,-6.7908335,12.791667,6.725833,571.6796,7.327755,4.787755,0.26666666666666666,0.0,231.65,4.0,8.171338e-09,6.495176e-07,-6.191216
2015-11-06 20:00:00,-10.815166,13.070833,4.0701666,551.2,7.0487237,4.2597876,-10.433333333333334,-10.0,449.5,4.0,2.9365086e-09,5.6987506e-07,-6.24512
2015-11-06 21:00:00,-8.129167,14.687667,2.9141667,555.2536,8.669464,5.348393,-13.133333333333333,-15.0,340.53333333333336,4.333333333333333,1.2881827e-08,7.800838e-07,-6.1307535
2015-11-06 22:00:00,-3.928,6.511667,11.046666,585.57324,8.209822,5.613929,-17.383333333333333,-19.0,368.23333333333335,4.333333333333333,5.777447e-09,6.821366e-07,-6.178456
2015-11-06 23:00:00,4.391356,6.710339,-5.780508,648.58777,6.7604084,5.750408,-17.55,-19.0,527.8166666666667,4.333333333333333,2.2093895e-08,9.317959e-07,-6.053455
2015-11-07 00:00:00,-1.1920689,11.152242,5.6084485,602.4326,6.8106523,4.9330435,-35.233333333333334,-31.0,431.03333333333336,4.666666666666667,5.1159002e-08,1.4968311e-06,-5.8605194
2015-11-07 01:00:00,-0.050333317,9.528,7.2046666,610.4614,7.526842,5.5814033,-32.18333333333333,-29.0,423.5,4.666666666666667,1.6166937e-09,7.02733e-07,-6.163396
2015-11-07 02:00:00,6.3399997,11.9955,-3.1021667,662.1617,6.475319,5.6995745,-36.81666666666667,-27.0,684.6166666666667,4.666666666666667,1e-09,5.225726e-07,-6.2833743
2015-11-07 03:00:00,7.852373,7.0632205,-7.98339,677.0387,5.0825806,4.6641936,-52.03333333333333,-43.0,1090.05,6.0,1.6528179e-09,5.433693e-07,-6.2666473
2015-11-07 04:00:00,6.3483047,7.278644,-8.953729,671.36206,5.414,4.8714004,-79.75,-66.0,1103.0166666666667,6.0,7.59775e-09,6.09999e-07,-6.237272
2015-11-07 05:00:00,3.7298112,6.0839624,-8.480755,641.5571,4.9616666,4.0876193,-96.96666666666667,-84.0,949.0,6.0,3.2679093e-08,1.1051741e-06,-6.0102367
2015-11-07 06:00:00,0.9723333,0.89683336,-4.039,602.23846,6.3450003,4.5521154,-97.25,-87.0,870.7666666666667,6.0,8.7696375e-09,7.125615e-07,-6.162044
2015-11-07 07:00:00,2.6764998,4.120333,-9.626,569.95355,3.0608928,1.9980357,-88.91666666666667,-82.0,776.65,6.0,1.4859667e-08,4.968406e-07,-6.3043756
2015-11-07 08:00:00,0.513,-4.678167,-10.2316675,570.00214,2.4186957,1.582174,-76.38333333333334,-71.0,865.8166666666667,6.0,2.0526208e-08,4.6532523e-07,-6.332755
2015-11-07 09:00:00,0.22483332,-7.4185004,-9.858167,564.38776,2.064694,1.3151021,-81.25,-80.0,449.48333333333335,4.666666666666667,8.265134e-09,4.949829e-07,-6.306664
2015-11-07 10:00:00,-5.9547367,-2.3959649,-8.576667,560.6425,3.7336168,2.356383,-72.23333333333333,-70.0,628.9166666666666,4.666666666666667,1.1914796e-08,5.196117e-07,-6.289682
2015-11-07 11:00:00,-6.8841662,-1.25,-9.751833,559.59644,2.9269643,1.8057144,-63.81666666666667,-62.0,828.1333333333333,4.666666666666667,3.4071558e-08,8.5468884e-07,-6.06914
2015-11-07 12:00:00,-9.616834,-4.7385,-8.421666,544.06305,2.508913,1.4765217,-77.88333333333334,-76.0,612.8166666666667,4.0,2.3582006e-08,7.1355333e-07,-6.1494064
2015-11-07 13:00:00,-10.7835,-6.915167,-7.0804996,553.0244,2.170889,1.32,-76.88333333333334,-75.0,439.1333333333333,4.0,8.825308e-09,5.196943e-07,-6.285745
2015-11-07 14:00:00,-10.689834,-9.353833,-7.097833,545.1118,1.8452941,1.0938234,-71.28333333333333,-68.0,379.48333333333335,4.0,5.813403e-09,4.7374417e-07,-6.325365
2015-11-07 15:00:00,-10.696,-11.051333,-6.4523335,537.7045,1.6861364,0.9738636,-69.38333333333334,-69.0,442.01666666666665,3.3333333333333335,2.94361e-09,4.240157e-07,-6.372705
2015-11-07 16:00:00,-11.753,-11.769167,-4.0596666,533.2891,1.8369565,1.043913,-65.86666666666666,-69.0,372.55,3.3333333333333335,1.4410515e-09,3.9980685e-07,-6.3984485
2015-11-07 17:00:00,-11.042001,-11.0645,-7.5953336,532.2213,2.4129786,1.3687234,-59.46666666666667,-65.0,412.25,3.3333333333333335,1.2535105e-09,3.9314287e-07,-6.405531
2015-11-07 18:00:00,-12.175334,-12.387166,-5.4346666,528.0618,2.035818,1.1354545,-58.45,-62.0,456.18333333333334,3.3333333333333335,1.7977794e-09,4.0041198e-07,-6.3978367
2015-11-07 19:00:00,-13.798334,-12.076833,-2.5598333,519.5441,2.5588236,1.3761765,-48.81666666666667,-54.0,549.2333333333333,3.3333333333333335,1.4147297e-09,3.9915957e-07,-6.3991
2015-11-07 20:00:00,-12.018001,-13.766001,3.1508334,506.2207,2.0772414,1.0644828,-44.15,-50.0,159.25,3.3333333333333335,1.1596588e-09,4.081804e-07,-6.39001
2015-11-07 21:00:00,-12.260166,-12.361166,4.813667,491.2923,1.6703846,0.80615383,-40.483333333333334,-45.0,62.61666666666667,1.0,1.6746541e-09,4.4814382e-07,-6.351997
2015-11-07 22:00:00,-10.924666,-11.741166,6.3066664,482.36,2.6968,1.2528,-37.1,-42.0,59.833333333333336,1.0,1.0914902e-09,4.741374e-07,-6.325708
2015-11-07 23:00:00,-8.9835005,-11.6235,7.3546667,480.69217,2.552745,1.1852942,-35.3,-38.0,42.71666666666667,1.0,5.95242e-08,1.4101595e-06,-5.900989
2015-11-08 00:00:00,-7.912667,-10.675334,8.318666,477.8644,2.8915255,1.3318645,-32.3,-33.0,45.45,1.3333333333333333,2.5502802e-09,6.493638e-07,-6.197221
2015-11-08 01:00:00,-7.471833,-9.068167,9.6883335,475.2121,2.1436207,0.9703448,-30.916666666666668,-30.0,45.416666666666664,1.3333333333333333,1e-09,4.4310855e-07,-6.3540745
2015-11-08 02:00:00,-6.1289363,-9.211276,8.974681,483.5238,3.5826192,1.6771429,-23.833333333333332,-24.0,62.61666666666667,1.3333333333333333,1.1746405e-09,4.0842957e-07,-6.3904843
2015-11-08 03:00:00,-7.440172,-6.6751723,9.176035,484.40668,3.3744445,1.5771111,-24.35,-23.0,50.68333333333333,0.6666666666666666,1e-09,4.0866897e-07,-6.388831
2015-11-08 04:00:00,-10.049334,-1.2085,8.576334,485.83334,2.1685417,1.0224999,-30.733333333333334,-29.0,34.833333333333336,0.6666666666666666,1e-09,3.969615e-07,-6.402592
2015-11-08 05:00:00,-9.269333,0.45716667,8.300667,479.18292,2.4660976,1.1329268,-28.1,-27.0,36.7,0.6666666666666666,1e-09,3.7789223e-07,-6.422841
2015-11-08 06:00:00,-8.668667,2.5973332,7.307833,479.11322,2.7181132,1.2475473,-26.0,-24.0,37.45,0.6666666666666666,1.07141e-09,4.5008886e-07,-6.3536606
2015-11-08 07:00:00,-8.608667,3.064,6.1046667,472.9478,2.568913,1.1495652,-25.1,-24.0,39.95,0.6666666666666666,1.0010149e-09,4.3033893e-07,-6.3668737
2015-11-08 08:00:00,-8.4991665,4.849667,4.0290003,474.53336,2.7801852,1.2540741,-25.25,-24.0,40.05,0.6666666666666666,1.0089299e-09,4.3772408e-07,-6.3594127
2015-11-08 09:00:00,-8.143276,4.23431,5.200517,472.73773,2.771698,1.236981,-27.133333333333333,-27.0,74.1,2.0,1e-09,3.9154628e-07,-6.4074244
2015-11-08 10:00:00,-7.4201665,4.1085,6.063833,474.57272,2.3776364,1.0696363,-28.783333333333335,-29.0,111.58333333333333,2.0,1e-09,3.7238934e-07,-6.429069
2015-11-08 11:00:00,-4.2485,8.203834,-1.3081666,497.79233,2.8799999,1.4386538,-30.1,-28.0,235.91666666666666,2.0,1e-09,3.5217136e-07,-6.4534507
2015-11-08 12:00:00,-5.8476663,7.4455004,0.63483334,473.87256,2.1982353,0.9898039,-40.233333333333334,-38.0,783.6333333333333,3.3333333333333335,7.398024e-09,3.4540642e-07,-6.4617295
2015-11-08 13:00:00,-6.1766105,6.106102,-2.5981355,463.09363,2.877234,1.2370212,-39.68333333333333,-41.0,593.2666666666667,3.3333333333333335,5.8692082e-09,3.5978638e-07,-6.4441295
2015-11-08 14:00:00,-6.7984214,6.7454386,-1.8222808,451.22043,2.920204,1.19,-40.3,-43.0,604.0,3.3333333333333335,2.9178353e-09,3.461108e-07,-6.4609103
2015-11-08 15:00:00,-6.7636666,6.7894998,1.34,451.57224,2.2627778,0.9216667,-41.45,-44.0,551.0666666666667,3.0,2.1803155e-09,3.433338e-07,-6.464548
2015-11-08 16:00:00,-6.9855933,5.237966,2.6942375,479.5778,2.2602222,1.0442222,-38.96666666666667,-45.0,322.8833333333333,3.0,1.5885454e-09,3.3558985e-07,-6.474917
2015-11-08 17:00:00,-3.9503448,3.983793,-0.45120692,514.0122,3.2851021,1.7420409,-32.53333333333333,-42.0,138.8,3.0,1.0023189e-09,3.0891854e-07,-6.510344
2015-11-08 18:00:00,-1.6205173,4.6298275,-3.8974137,494.60944,3.1149056,1.5228301,-36.13333333333333,-43.0,582.8333333333334,4.333333333333333,1.0193695e-09,2.997018e-07,-6.5233645
2015-11-08 19:00:00,-0.59034485,4.336207,-4.014138,499.73267,3.127347,1.5642858,-45.416666666666664,-49.0,1009.0833333333334,4.333333333333333,1.059327e-09,3.0604087e-07,-6.5144796
2015-11-08 20:00:00,0.521,2.5941665,-3.3458333,510.73544,3.7360418,1.9533334,-45.233333333333334,-48.0,831.4666666666667,4.333333333333333,1.0467541e-09,3.0649278e-07,-6.5136676
2015-11-08 21:00:00,-0.6018965,3.6789656,-3.177931,502.62292,3.3520832,1.6947917,-46.38333333333333,-47.0,653.4833333333333,4.0,1.0078373e-09,3.2110773e-07,-6.4938235
2015-11-08 22:00:00,2.1710527,3.6842105,-2.1566668,511.48502,2.9737499,1.56575,-47.733333333333334,-49.0,414.8666666666667,4.0,1.0087449e-09,3.261654e-07,-6.487602
2015-11-08 23:00:00,1.6276666,3.7763333,-1.7175001,496.88748,3.0342858,1.499643,-50.05,-50.0,627.2,4.0,1e-09,3.1319456e-07,-6.504344
2015-11-09 00:00:00,1.0791667,3.2105,-2.6720002,494.44812,3.2764814,1.6020371,-49.166666666666664,-47.0,642.0333333333333,4.0,1e-09,3.1921985e-07,-6.49597
2015-11-09 01:00:00,-3.2865,0.7453334,-2.0075,474.15372,3.6172223,1.6255555,-47.233333333333334,-46.0,272.56666666666666,4.0,6.1768968e-09,4.79307e-07,-6.340798
2015-11-09 02:00:00,-1.7097619,3.303095,-3.469524,478.39697,3.200303,1.4654546,-48.95,-45.0,325.0,4.0,1.3592357e-09,5.246673e-07,-6.280947
2015-11-09 03:00:00,1.2883334,4.4286666,-0.8846666,491.3648,3.5318518,1.7046297,-51.63333333333333,-49.0,325.6166666666667,3.6666666666666665,1e-09,3.957569e-07,-6.4039583
2015-11-09 04:00:00,3.34,2.877222,-2.7622223,492.09735,3.839737,1.8555263,-47.13333333333333,-49.0,493.03333333333336,3.6666666666666665,1.0006919e-09,3.5643896e-07,-6.4482317
2015-11-09 05:00:00,4.4125,2.291591,-3.029318,503.17142,4.106786,2.080357,-45.05,-46.0,465.2,3.6666666666666665,1.4490479e-09,3.5685488e-07,-6.4477925
2015-11-09 06:00:00,3.8944445,2.3513334,-3.789111,486.61035,3.7486207,1.774138,-51.733333333333334,-46.0,402.15,4.0,1.273209e-09,3.684655e-07,-6.436513
2015-11-09 07:00:00,5.481695,2.7161016,-2.7330508,488.61304,4.1380434,1.9782609,-46.766666666666666,-44.0,717.1833333333333,4.0,1.351543e-08,3.7478426e-07,-6.429091
2015-11-09 08:00:00,5.4791665,2.3086667,-3.5048332,486.90768,4.3892307,2.0801923,-44.2,-42.0,507.8333333333333,4.0,8.446332e-09,3.6148728e-07,-6.44258
2015-11-09 09:00:00,5.028167,2.2654998,-4.637,485.68982,4.02,1.8969387,-49.18333333333333,-48.0,454.2,3.6666666666666665,7.869395e-09,3.649196e-07,-6.438662
2015-11-09 10:00:00,4.817719,2.35,-3.7724562,481.97116,5.080961,2.3586538,-47.38333333333333,-47.0,516.25,3.6666666666666665,1.273151e-08,3.1824192e-07,-6.497328
2015-11-09 11:00:00,4.5183334,2.6525,-4.495333,479.4655,5.310862,2.4418967,-40.416666666666664,-42.0,1005.0666666666667,3.6666666666666665,2.069195e-08,3.3216443e-07,-6.478696
2015-11-09 12:00:00,3.5444643,2.9217856,-4.6755357,488.6061,5.4587755,2.6032653,-44.18333333333333,-45.0,660.6333333333333,3.0,8.34232e-08,7.964796e-07,-6.3083754
2015-11-09 13:00:00,1.2306383,3.4306383,-4.2748938,472.60767,6.301539,2.8179488,-48.766666666666666,-49.0,735.05,3.0,2.3021032e-06,1.8115981e-05,-4.8194304
2015-11-09 14:00:00,-2.7649999,5.7273335,-2.7861667,468.34,5.5721817,2.4434545,-52.55,-51.0,827.05,3.0,2.466914e-07,4.0847763e-06,-5.409892
2015-11-09 15:00:00,-4.1354237,5.8010173,-2.4398305,479.67398,5.9162,2.7285998,-62.266666666666666,-54.0,838.6666666666666,3.6666666666666665,5.8567228e-08,1.4684152e-06,-5.841662
2015-11-09 16:00:00,-6.992712,5.544576,1.259661,509.89166,4.427,2.3061666,-60.61666666666667,-55.0,609.3333333333334,3.6666666666666665,2.3785786e-08,9.850324e-07,-6.010323
2015-11-09 17:00:00,-7.987833,6.1618333,3.0575,515.6149,3.0193617,1.6057447,-49.81666666666667,-50.0,446.8666666666667,3.6666666666666665,5.5403677e-09,6.813591e-07,-6.1679907
2015-11-09 18:00:00,-8.387333,7.142833,0.23083334,524.48334,2.9340742,1.6146296,-40.983333333333334,-42.0,341.8833333333333,4.0,1.2914011e-09,5.638942e-07,-6.249144
2015-11-09 19:00:00,-7.9193335,6.3473334,1.4165,540.0077,3.5526924,2.0890386,-37.15,-40.0,712.1666666666666,4.0,1.2038732e-09,4.782051e-07,-6.3207784
2015-11-09 20:00:00,-4.861525,9.666611,0.49864408,590.8408,4.179592,2.9255104,-29.1,-32.0,336.8,4.0,1.0679652e-09,4.3083935e-07,-6.3658967
2015-11-09 21:00:00,-5.1963334,9.127666,-1.168,595.917,3.9207547,2.7975473,-32.333333333333336,-32.0,419.25,4.666666666666667,1e-09,3.9552006e-07,-6.402974
2015-11-09 22:00:00,-6.2742105,6.3582454,4.1377196,581.2234,3.8102129,2.5804255,-38.63333333333333,-36.0,760.65,4.666666666666667,1.000346e-09,3.7267782e-07,-6.4289455
2015-11-09 23:00:00,-6.3203444,4.684655,2.3156896,581.1319,4.2531915,2.8870213,-30.883333333333333,-28.0,406.1666666666667,4.666666666666667,1.066515e-09,3.602923e-07,-6.444064
2015-11-10 00:00:00,-4.8180704,6.127895,-0.9287719,601.5857,4.877143,3.5359523,-33.516666666666666,-25.0,678.4166666666666,4.333333333333333,1.0368921e-09,3.6931183e-07,-6.433241
2015-11-10 01:00:00,-6.0063334,0.24633336,2.0491667,594.7083,5.76125,4.0802083,-35.2,-27.0,459.31666666666666,4.333333333333333,5.162005e-09,5.340052e-07,-6.2878594
2015-11-10 02:00:00,-7.062,0.8735,0.48999998,589.25183,5.7729626,4.0155554,-39.78333333333333,-30.0,381.85,4.333333333333333,2.328329e-09,4.1802926e-07,-6.3915386
2015-11-10 03:00:00,-5.204746,4.483729,-3.4605083,595.36816,5.3763638,3.818409,-39.86666666666667,-34.0,583.15,4.0,4.270787e-09,4.7476775e-07,-6.339684
2015-11-10 04:00:00,-5.3459325,4.98661,1.0681356,600.95306,4.4569387,3.2255104,-47.166666666666664,-42.0,424.0833333333333,4.0,1.0072435e-09,3.7003124e-07,-6.433168
2015-11-10 05:00:00,-3.4310346,5.843793,-1.0993104,615.18866,4.366981,3.301132,-40.9,-39.0,372.1666666666667,4.0,1e-09,3.271572e-07,-6.485794
2015-11-10 06:00:00,0.9408928,7.5242853,-0.9933929,667.4846,3.8705127,3.4517949,-35.15,-37.0,591.3666666666667,5.0,5.9422343e-09,3.1375586e-07,-6.503458
2015-11-10 07:00:00,-3.8926787,6.1037498,-0.52000004,619.9,3.4408002,2.6366,-41.15,-48.0,863.3166666666667,5.0,7.328023e-09,3.6527823e-07,-6.455291
2015-11-10 08:00:00,-5.3943863,4.1884212,-0.9085965,631.46136,3.3804548,2.7063637,-52.5,-54.0,801.3,5.0,2.4477134e-09,3.4022196e-07,-6.4697003
2015-11-10 09:00:00,-5.3215003,3.6025,2.332167,629.1023,2.9959092,2.3775,-46.85,-49.0,431.7,5.333333333333333,3.1836234e-09,3.4311023e-07,-6.465456
2015-11-10 10:00:00,-1.6088333,5.3125,-2.5646667,672.36536,3.3007693,2.9936538,-36.333333333333336,-40.0,474.6333333333333,5.333333333333333,2.6614828e-09,3.1488207e-07,-6.5036097
2015-11-10 11:00:00,0.21017243,4.8089657,-4.647759,695.37726,3.333409,3.2320457,-30.716666666666665,-40.0,1145.3,5.333333333333333,2.0878309e-08,3.2898092e-07,-6.48295
2015-11-10 12:00:00,-5.3545,0.46266666,0.44883335,663.5316,2.9094737,2.5610526,-28.383333333333333,-54.0,1218.8666666666666,5.333333333333333,2.7416432e-08,3.5763247e-07,-6.447158
2015-11-10 13:00:00,-4.5899997,1.826,0.17016667,664.0355,2.5097778,2.208889,-42.06666666666667,-56.0,539.6666666666666,5.333333333333333,1.5896578e-08,4.6650442e-07,-6.3436403
2015-11-10 14:00:00,-4.8854237,0.51152545,0.8794915,666.139,2.4831707,2.204878,-43.93333333333333,-53.0,213.68333333333334,5.333333333333333,9.614832e-08,1.7702519e-06,-5.829897
2015-11-10 15:00:00,-1.2366666,2.3973334,-1.3103334,706.53687,2.5628948,2.5560524,-46.93333333333333,-47.0,435.55,4.333333333333333,3.287663e-09,4.3610993e-07,-6.3658195
2015-11-10 16:00:00,0.1583019,3.768302,-1.0045283,719.9347,2.3038776,2.3910203,-59.15,-48.0,715.6166666666667,4.333333333333333,3.584858e-08,7.3916885e-07,-6.2570853
2015-11-10 17:00:00,-0.662,2.4826667,0.2325,708.16345,2.263077,2.2759614,-51.2,-48.0,573.7166666666667,4.333333333333333,2.6324797e-08,8.1374225e-07,-6.1368527
2015-11-10 18:00:00,-3.1531668,2.5475001,-0.7486667,670.61206,2.0794,1.8646001,-43.45,-44.0,346.05,3.6666666666666665,4.733595e-09,4.0226516e-07,-6.3958745
2015-11-10 19:00:00,-3.4341667,1.2181666,4.1495,673.2604,1.8860377,1.7069812,-43.18333333333333,-44.0,242.68333333333334,3.6666666666666665,3.6693462e-09,3.5498377e-07,-6.4501925
2015-11-10 20:00:00,-2.7988331,3.3736665,-1.9256667,679.0383,2.1917021,2.0185106,-33.55,-35.0,357.43333333333334,3.6666666666666665,1.4563921e-09,3.2734897e-07,-6.4850283
2015-11-10 21:00:00,-2.900678,2.8538983,-0.71796614,667.49554,2.4262223,2.1664443,-38.733333333333334,-34.0,540.7,3.6666666666666665,2.7585856e-09,3.9208217e-07,-6.4074826
2015-11-10 22:00:00,-2.2540002,1.7063333,0.36116666,683.92084,2.9275,2.7475002,-31.3,-32.0,298.01666666666665,3.6666666666666665,3.9507833e-09,4.0758005e-07,-6.3910728
2015-11-10 23:00:00,-3.2752175,0.11130434,0.83108693,675.41034,3.1527586,2.8796554,-31.266666666666666,-32.0,210.7,3.6666666666666665,3.1516911e-09,4.2162884e-07,-6.377918
2015-11-11 00:00:00,-2.7543333,1.6276667,-1.5348334,675.51294,3.0098147,2.746852,-34.81666666666667,-31.0,374.15,4.666666666666667,1.1208563e-09,3.4460083e-07,-6.463259
2015-11-11 01:00:00,-4.02,0.24833332,1.1576667,660.6857,2.9161224,2.5463264,-28.85,-25.0,660.2,4.666666666666667,5.0720104e-09,5.094705e-07,-6.2972026
2015-11-11 02:00:00,-3.6175,0.299,2.8376665,659.21277,2.8104255,2.4406383,-27.4,-22.0,144.56666666666666,4.666666666666667,3.4011964e-09,4.2686239e-07,-6.3749766
2015-11-11 03:00:00,-3.3244445,1.0087037,1.4374075,673.8279,2.4193022,2.199535,-25.433333333333334,-21.0,67.66666666666667,3.0,1.9125583e-09,4.1730857e-07,-6.383333
2015-11-11 04:00:00,-1.332,1.8285455,1.1245455,701.31525,2.3454347,2.307826,-28.616666666666667,-25.0,198.35,3.0,1.3826899e-09,4.1432264e-07,-6.3874297
2015-11-11 05:00:00,-2.9345834,1.4252084,0.689375,688.2529,2.2611763,2.1458824,-33.53333333333333,-31.0,357.51666666666665,3.0,1e-09,3.0815985e-07,-6.5113077
2015-11-11 06:00:00,-0.3996,1.279,-1.9704,700.8095,2.0947618,2.0561905,-36.1,-33.0,364.98333333333335,4.0,1e-09,3.1675694e-07,-6.5009885
2015-11-11 07:00:00,-1.5901667,0.4173333,-2.45,682.97363,2.1973584,2.0501885,-37.71666666666667,-33.0,554.8333333333334,4.0,5.195332e-09,3.4181897e-07,-6.4674425
2015-11-11 08:00:00,-2.518889,2.6412964,0.6038889,670.08936,2.2021277,1.9797873,-30.916666666666668,-30.0,426.4166666666667,4.0,1.41878065e-08,3.3380894e-07,-6.4766335
2015-11-11 09:00:00,-2.264,-1.0261667,2.6125,684.30005,2.3657691,2.2163463,-30.266666666666666,-30.0,282.9,3.0,8.903315e-09,3.3371796e-07,-6.4771376
2015-11-11 10:00:00,-0.54555553,0.21925926,-1.3325926,689.70575,2.3548076,2.24,-27.483333333333334,-27.0,126.91666666666667,3.0,2.4620788e-09,3.2756395e-07,-6.4853163
2015-11-11 11:00:00,-1.4687272,2.0492728,0.8949091,678.9738,2.397381,2.212143,-30.2,-29.0,206.68333333333334,3.0,3.085027e-09,3.3990844e-07,-6.476049
2015-11-11 12:00:00,-2.7075,0.62516665,0.13916667,665.4277,2.46,2.1782978,-29.133333333333333,-26.0,482.28333333333336,3.6666666666666665,1.6969027e-08,3.9580758e-07,-6.4072666
2015-11-11 13:00:00,-3.1185,0.48916668,-0.9335,662.0846,2.4676921,2.163846,-33.333333333333336,-29.0,715.6833333333333,3.6666666666666665,1.698401e-08,3.4947595e-07,-6.4568763
2015-11-11 14:00:00,-2.4988236,-1.3580393,-1.9217647,661.09625,2.2555556,1.9699999,-32.86666666666667,-27.0,435.7,3.6666666666666665,2.0312337e-08,4.2596724e-07,-6.3736362
2015-11-11 15:00:00,-0.70169497,0.90033895,-1.4044068,671.5706,2.0982351,1.8935293,-32.38333333333333,-29.0,290.3666666666667,4.333333333333333,2.191509e-08,6.135966e-07,-6.2128143
2015-11-11 16:00:00,0.4458182,0.6458182,-3.0427275,676.0341,2.02,1.8470454,-33.4,-30.0,608.3333333333334,4.333333333333333,2.4286937e-08,7.0288576e-07,-6.1531982
2015-11-11 17:00:00,-0.99392855,1.8101786,-1.0307143,669.0762,1.7926191,1.6054761,-39.8,-34.0,770.05,4.333333333333333,2.6904477e-08,7.267323e-07,-6.1392026
2015-11-11 18:00:00,-1.9015,2.7558334,0.6058333,664.47797,1.6628,1.4692,-40.483333333333334,-36.0,393.23333333333335,3.6666666666666665,1.9119149e-08,5.9784355e-07,-6.224095
2015-11-11 19:00:00,-1.6141666,2.2015,0.67616665,662.96,1.6952727,1.4901818,-38.0,-36.0,290.73333333333335,3.6666666666666665,1.6083172e-08,5.1760827e-07,-6.2863283
2015-11-11 20:00:00,-2.5624444,0.46733335,1.9253333,642.0575,1.64275,1.3564999,-34.733333333333334,-34.0,296.3833333333333,3.6666666666666665,1.229862e-08,4.7212748e-07,-6.3261747
2015-11-11 21:00:00,-2.5531666,0.6551667,1.621,633.1805,1.4953659,1.2002438,-30.3,-31.0,83.55,1.3333333333333333,1.0616983e-08,4.91894e-07,-6.308585
2015-11-11 22:00:00,-2.6618335,1.3586667,0.54583335,617.55096,1.3209804,1.0086274,-30.6,-31.0,40.95,1.3333333333333333,1.1166526e-08,5.4791946e-07,-6.2615347
2015-11-11 23:00:00,-2.0123334,1.7036667,0.31883332,599.2731,1.094423,0.7855769,-30.4,-32.0,53.2,1.3333333333333333,9.901231e-09,5.7039017e-07,-6.243839
2015-11-12 00:00:00,-1.7493333,2.0513334,1.0931666,588.4241,1.0787038,0.74703705,-28.766666666666666,-28.0,82.45,1.0,8.762635e-09,5.9896394e-07,-6.222885
2015-11-12 01:00:00,-1.8104999,1.572,0.7135,565.1113,1.3550943,0.86226416,-26.55,-26.0,55.88333333333333,1.0,8.907776e-09,6.3403974e-07,-6.201368
2015-11-12 02:00:00,-1.1775758,1.2427273,1.4233334,549.2742,1.5967742,0.9648387,-24.5,-23.0,73.23333333333333,1.0,3.9584904e-09,5.1460853e-07,-6.290234
2015-11-12 03:00:00,,,,,,,-25.0,-24.0,34.03333333333333,0.3333333333333333,7.607175e-09,4.7328416e-07,-6.338709
2015-11-12 04:00:00,,,,,,,-23.85,-23.0,36.86666666666667,0.3333333333333333,1.7267087e-09,3.5957126e-07,-6.4443097
2015-11-12 05:00:00,-2.4935,1.0095,-0.48450002,525.64,1.941,1.071,-21.066666666666666,-20.0,62.583333333333336,0.3333333333333333,1.1484299e-09,3.381009e-07,-6.471336
2015-11-12 06:00:00,-2.2317855,0.09714286,-1.8976785,519.3405,1.8554054,1.0016216,-19.866666666666667,-20.0,144.53333333333333,1.3333333333333333,1.0423357e-09,3.1343873e-07,-6.5039444
2015-11-12 07:00:00,-1.9871428,-0.49535713,-2.1507144,503.9394,2.0115151,1.0215151,-24.966666666666665,-25.0,187.11666666666667,1.3333333333333333,1.0200878e-09,2.9778104e-07,-6.5261765
2015-11-12 08:00:00,-1.4242858,-0.49785712,-2.3935714,503.46844,1.916842,0.9721052,-26.783333333333335,-27.0,156.56666666666666,1.3333333333333333,1.0323866e-09,3.0021545e-07,-6.523257
2015-11-12 09:00:00,1.2211666,1.9361666,-0.552,501.7389,2.6385183,1.3285185,-31.716666666666665,-32.0,287.1666666666667,1.6666666666666665,4.0425983e-09,2.8887735e-07,-6.539583
2015-11-12 10:00:00,2.0736666,1.3108333,0.68466663,500.2776,2.1660345,1.0841379,-30.883333333333333,-33.0,228.63333333333333,1.6666666666666665,1.1322905e-08,2.9810133e-07,-6.525672
2015-11-12 11:00:00,1.9925424,0.6837288,0.5876271,491.80392,2.0470588,0.9880392,-32.333333333333336,-35.0,61.18333333333333,1.6666666666666665,2.3040876e-09,2.912539e-07,-6.5360117
2015-11-12 12:00:00,-0.3335,0.19316667,0.07216667,470.4694,2.467551,1.0920409,-29.733333333333334,-34.0,40.666666666666664,0.6666666666666666,1.3234887e-09,2.9515064e-07,-6.530159
2015-11-12 13:00:00,-0.4561111,0.4675926,-0.025370369,467.76447,2.3635557,1.0344445,-29.366666666666667,-32.0,28.416666666666668,0.6666666666666666,1.297391e-09,2.8316202e-07,-6.548516
2015-11-12 14:00:00,0.40133333,1.1661667,-0.5785,466.89462,2.425,1.0569643,-30.65,-30.0,39.95,0.6666666666666666,1.2593839e-09,2.687141e-07,-6.570864
2015-11-12 15:00:00,1.177,1.4449999,-0.2405,468.74255,2.3476596,1.031915,-32.6,-29.0,73.5,1.0,2.2335322e-09,3.1393319e-07,-6.5069675
2015-11-12 16:00:00,1.7278333,1.619,-0.27183333,461.26483,2.3403704,0.9959259,-30.933333333333334,-27.0,39.13333333333333,1.0,1.5760063e-09,2.7236956e-07,-6.5649285
2015-11-12 17:00:00,0.67483336,1.8468333,-0.123833336,464.16275,3.1184313,1.3476471,-27.2,-24.0,40.4,1.0,1.8534558e-09,2.667403e-07,-6.5739794
2015-11-12 18:00:00,-1.4553334,1.429,-0.24383333,459.9308,3.613654,1.5284616,-23.866666666666667,-24.0,44.3,0.6666666666666666,2.0186037e-09,2.7293302e-07,-6.5643797
2015-11-12 19:00:00,-1.7071667,2.5378335,0.16416666,450.5218,3.8334544,1.5558182,-21.633333333333333,-23.0,57.9,0.6666666666666666,3.0085636e-09,2.8815643e-07,-6.5427394
2015-11-12 20:00:00,-1.4106667,2.4021668,1.8918334,444.83273,3.2930908,1.3043636,-22.966666666666665,-24.0,86.98333333333333,0.6666666666666666,-14999.85,-14999.85,-6.5590444
2015-11-12 21:00:00,-2.6515,1.8759999,1.1044999,428.09818,3.4057407,1.2477777,-21.166666666666668,-22.0,72.18333333333334,1.0,1.8025673e-09,2.572347e-07,-6.589782
2015-11-12 22:00:00,-3.0944827,0.8786207,-1.2815517,425.78,3.8638,1.4008,-19.283333333333335,-21.0,85.28333333333333,1.0,1.3398503e-09,2.5440528e-07,-6.594543
2015-11-12 23:00:00,-2.3321664,0.8005,-1.9723333,421.95102,3.830408,1.3634694,-19.916666666666668,-23.0,103.31666666666666,1.0,1.2326541e-09,2.5510448e-07,-6.593315
2015-11-13 00:00:00,-1.0811667,0.304,-0.9566667,411.78958,3.9485416,1.3366667,-23.333333333333332,-24.0,143.73333333333332,1.6666666666666665,1.6182626e-09,2.8383903e-07,-6.549464
2015-11-13 01:00:00,-2.785,1.4598334,0.109,401.06955,4.1763043,1.3445652,-21.666666666666668,-23.0,72.31666666666666,1.6666666666666665,1.3954205e-08,5.4178565e-07,-6.3155537
2015-11-13 02:00:00,-3.0401754,1.3505263,-0.7156141,397.798,3.8326,1.2134,-19.016666666666666,-18.0,67.36666666666666,1.6666666666666665,1.1993274e-09,3.3354155e-07,-6.4796753
2015-11-13 03:00:00,-2.6935594,0.95,-0.27796608,390.94507,4.412941,1.3466667,-15.7,-17.0,55.28333333333333,1.3333333333333333,1.0462522e-09,2.6416149e-07,-6.5783014
2015-11-13 04:00:00,-2.9993334,1.2199999,-0.714,382.87552,4.4783673,1.3120408,-12.45,-14.0,60.65,1.3333333333333333,1.0567353e-09,2.6202693e-07,-6.5820537
2015-11-13 05:00:00,-2.53125,0.488,-0.81475,377.53333,4.976667,1.4158334,-10.35,-13.0,60.53333333333333,1.3333333333333333,1.0278216e-09,2.5745996e-07,-6.589331
2015-11-13 06:00:00,-1.4636171,0.32042554,-1.5778724,370.29,5.7173333,1.5686667,-8.95,-12.0,92.41666666666667,1.0,1.0010033e-09,2.697173e-07,-6.5698466
2015-11-13 07:00:00,-0.28160715,-0.26946428,-1.5903571,367.2341,6.022955,1.6247727,-10.883333333333333,-13.0,75.81666666666666,1.0,1.0059998e-09,2.5973858e-07,-6.585617
2015-11-13 08:00:00,-0.13423729,-1.0144068,-3.0025423,367.09424,5.6842303,1.5307692,-12.433333333333334,-14.0,67.63333333333334,1.0,1e-09,2.5540137e-07,-6.592862
2015-11-13 09:00:00,-0.7374138,-1.4286207,-3.6931033,375.27036,8.26037,2.3298147,-12.983333333333333,-13.0,70.23333333333333,2.3333333333333335,1e-09,2.6870765e-07,-6.5711493
2015-11-13 10:00:00,-2.0076923,-1.6617309,-4.1086535,390.20456,10.6845455,3.2556818,-11.683333333333334,-11.0,529.3833333333333,2.3333333333333335,1.1283229e-08,3.1959127e-07,-6.4959693
2015-11-13 11:00:00,-2.668,1.2019999,-2.616,386.15002,13.54,4.04,-9.033333333333333,-8.0,452.5,2.3333333333333335,8.625022e-09,3.3848855e-07,-6.4705296
2015-11-13 12:00:00,-0.20677966,-6.145085,-5.3905087,405.33792,23.312414,7.676724,-8.233333333333333,-7.0,329.5,3.0,3.1414211e-09,2.9977085e-07,-6.523573
2015-11-13 13:00:00,-0.5381356,5.0813556,-4.8216953,409.4111,27.784815,9.314445,-10.283333333333333,-5.0,259.1666666666667,3.0,1.1487811e-09,2.7093427e-07,-6.56722
2015-11-13 14:00:00,-3.939375,4.549375,-7.439375,410.64117,20.01647,6.75,-32.4,-18.0,492.9166666666667,3.0,2.142346e-09,2.5526535e-07,-6.593094
2015-11-13 15:00:00,,,,,,,-40.8,-31.0,452.1333333333333,3.6666666666666665,1.4262592e-09,2.4389576e-07,-6.6130934
2015-11-13 16:00:00,-0.68840003,7.3464003,3.9984,424.26666,11.8955555,4.286,-28.483333333333334,-25.0,417.3333333333333,3.6666666666666665,1.1717861e-09,2.608435e-07,-6.5880203
2015-11-13 17:00:00,-2.4647458,7.428644,-0.46508476,434.83075,11.891154,4.474615,-23.666666666666668,-24.0,306.03333333333336,3.6666666666666665,1e-09,2.2594214e-07,-6.6461115
2015-11-13 18:00:00,-2.0426416,3.6016982,0.3454717,449.19778,11.080444,4.515333,-23.816666666666666,-23.0,636.6333333333333,3.6666666666666665,1e-09,2.2977152e-07,-6.6387877
2015-11-13 19:00:00,-1.995283,4.652264,2.9847171,456.52725,9.450227,3.924318,-23.216666666666665,-23.0,320.73333333333335,3.6666666666666665,1e-09,2.2844605e-07,-6.641287
2015-11-13 20:00:00,-2.9163265,1.8138775,4.427551,457.4122,8.695122,3.6395123,-20.5,-20.0,62.11666666666667,3.6666666666666665,1e-09,2.3959242e-07,-6.6209836
2015-11-13 21:00:00,-1.5644069,3.7762713,-1.8805084,459.91537,8.02,3.3907695,-20.6,-18.0,177.71666666666667,3.6666666666666665,1e-09,2.482347e-07,-6.606145
2015-11-13 22:00:00,-2.2123637,3.6665456,-2.317091,458.39548,7.7997727,3.2747726,-27.9,-24.0,280.51666666666665,3.6666666666666665,1e-09,2.3429683e-07,-6.6308646
2015-11-13 23:00:00,-1.6515001,3.9233334,1.4193333,459.73398,6.9737735,2.944151,-30.733333333333334,-28.0,356.0833333333333,3.6666666666666665,1e-09,2.246628e-07,-6.6485085
2015-11-14 00:00:00,-2.8828301,2.8020754,-3.1015096,456.41602,7.1076,2.9596,-27.0,-24.0,233.33333333333334,3.0,1e-09,2.2339233e-07,-6.6509805
2015-11-14 01:00:00,0.55799997,4.9013333,0.9063333,470.26666,5.642593,2.4911113,-26.416666666666668,-24.0,314.6166666666667,3.0,1e-09,2.201808e-07,-6.657244
2015-11-14 02:00:00,0.26116666,3.3286667,0.14166668,466.53394,5.661429,2.4639285,-26.483333333333334,-22.0,179.26666666666668,3.0,1e-09,2.3053452e-07,-6.6374636
2015-11-14 03:00:00,0.78733337,4.6365,-0.47333336,469.2807,4.690526,2.0652633,-27.783333333333335,-25.0,153.16666666666666,2.3333333333333335,1e-09,2.3467524e-07,-6.6297016
2015-11-14 04:00:00,0.9801667,5.099667,-0.13016666,466.41403,4.4185963,1.9201754,-26.95,-28.0,363.6333333333333,2.3333333333333335,1e-09,2.2792898e-07,-6.6424747
2015-11-14 05:00:00,0.9495,5.1265,-0.17483333,466.6544,4.5208774,1.9671929,-25.766666666666666,-27.0,396.96666666666664,2.3333333333333335,1e-09,2.1967197e-07,-6.658529
2015-11-14 06:00:00,0.47516668,4.7096663,-0.48316666,467.17413,4.5449996,1.9772414,-29.1,-27.0,274.35,2.0,1e-09,2.1693042e-07,-6.663783
2015-11-14 07:00:00,-0.17949153,3.3871186,2.738305,461.27292,3.9947917,1.695,-32.583333333333336,-30.0,176.38333333333333,2.0,1e-09,2.3594599e-07,-6.6280966
2015-11-14 08:00:00,-1.2025,3.227,1.2131667,453.84616,4.201923,1.7275001,-28.0,-27.0,122.38333333333334,2.0,1e-09,2.52318e-07,-6.5982327
2015-11-14 09:00:00,0.37675,3.2985,0.59274995,464.81876,3.75625,1.6128125,-27.083333333333332,-27.0,285.06666666666666,2.0,1e-09,2.417607e-07,-6.617459
2015-11-14 10:00:00,-1.8845763,3.252373,0.67067796,447.91852,3.905,1.5664816,-28.283333333333335,-28.0,212.93333333333334,2.0,1e-09,2.2940247e-07,-6.6394444
2015-11-14 11:00:00,-0.68874997,3.8914285,-0.25910714,451.17145,3.870408,1.5761225,-25.516666666666666,-24.0,453.6,2.0,6.9398296e-09,2.3832278e-07,-6.623275
2015-11-14 12:00:00,1.0044068,2.2910168,1.2025424,457.45636,4.4636364,1.8685454,-25.35,-26.0,207.75,2.0,2.091917e-09,2.3125146e-07,-6.6359496
2015-11-14 13:00:00,-0.03423728,2.7155933,-2.185763,455.0039,6.5080395,2.682353,-23.333333333333332,-23.0,260.5833333333333,2.0,1.002705e-09,2.3651062e-07,-6.626809
2015-11-14 14:00:00,2.1169999,0.60849994,1.2291666,457.17117,6.4211535,2.6786537,-27.0,-25.0,257.8,2.0,1e-09,2.3870516e-07,-6.6225333
2015-11-14 15:00:00,2.6649122,1.2010527,1.0877193,449.13635,5.879318,2.3715909,-24.066666666666666,-23.0,79.85,1.3333333333333333,1e-09,2.276204e-07,-6.643066
2015-11-14 16:00:00,3.5730002,1.5093333,0.9775,454.1,5.4271426,2.2379591,-19.95,-19.0,54.45,1.3333333333333333,1e-09,2.2975661e-07,-6.6387577
2015-11-14 17:00:00,2.981,2.0218332,-1.2461666,450.858,5.6176,2.282,-18.9,-17.0,64.86666666666666,1.3333333333333333,1e-09,2.3362561e-07,-6.631511
2015-11-14 18:00:00,3.5581667,1.5243334,1.4571667,441.50894,5.7075,2.2194643,-20.433333333333334,-17.0,141.51666666666668,1.3333333333333333,1e-09,2.511246e-07,-6.6003985
2015-11-14 19:00:00,2.585862,2.060345,0.21862069,435.9039,6.6650977,2.532157,-17.016666666666666,-13.0,157.95,1.3333333333333333,1e-09,2.5355536e-07,-6.5967255
2015-11-14 20:00:00,0.72866666,1.5020001,-2.3646667,434.08704,7.5394444,2.8675928,-17.533333333333335,-14.0,129.8,1.3333333333333333,1e-09,2.492657e-07,-6.604148
2015-11-14 21:00:00,0.81142855,1.6283929,-0.41910717,446.7333,11.03,4.413542,-8.833333333333334,-7.0,96.31666666666666,2.3333333333333335,1e-09,2.6963232e-07,-6.570803
2015-11-14 22:00:00,0.46016666,4.1485,0.25033334,441.98868,10.539246,4.115283,-7.016666666666667,-6.0,143.61666666666667,2.3333333333333335,1e-09,2.453258e-07,-6.610835
2015-11-14 23:00:00,-0.11423729,5.467966,0.6518644,436.2842,9.325965,3.5589473,-11.616666666666667,-11.0,141.13333333333333,2.3333333333333335,1e-09,2.4476796e-07,-6.611443
2015-11-15 00:00:00,-1.1256667,5.045833,2.1969998,425.8034,7.516271,2.7271185,-13.216666666666667,-11.0,232.81666666666666,2.0,1e-09,2.607489e-07,-6.586127
2015-11-15 01:00:00,-0.12703703,4.9237037,3.124074,416.80972,6.642439,2.3129268,-13.333333333333334,-9.0,102.21666666666667,2.0,1e-09,2.3872326e-07,-6.6224117
2015-11-15 02:00:00,-0.7053448,4.306724,3.8398275,409.0772,7.964386,2.674737,-10.5,-7.0,44.31666666666667,2.0,1e-09,2.3841572e-07,-6.622725
2015-11-15 03:00:00,0.44883335,5.4055,0.75783336,409.59122,7.0607014,2.369649,-11.233333333333333,-8.0,62.55,2.3333333333333335,1e-09,2.4655952e-07,-6.6082478
2015-11-15 04:00:00,-0.1505,5.4403334,0.23850001,404.7085,6.213051,2.0354238,-14.0,-12.0,181.93333333333334,2.3333333333333335,1e-09,2.4343063e-07,-6.6138
2015-11-15 05:00:00,-3.3644998,2.217,0.75,390.39606,7.0296082,2.1443138,-11.883333333333333,-12.0,201.9,2.3333333333333335,1e-09,2.4125623e-07,-6.6176333
2015-11-15 06:00:00,-3.6772413,2.7675862,0.3501724,385.1694,6.3261228,1.8771429,-11.066666666666666,-10.0,84.33333333333333,1.3333333333333333,1e-09,2.3331532e-07,-6.632106
2015-11-15 07:00:00,-2.635,2.5101788,-2.0723214,378.51224,5.5034695,1.5744898,-13.75,-12.0,108.75,1.3333333333333333,1e-09,2.620142e-07,-6.5834503
2015-11-15 08:00:00,1.4898334,3.3791666,1.9965,393.86725,5.412182,1.6814547,-15.116666666666667,-15.0,182.83333333333334,1.3333333333333333,1e-09,2.425216e-07,-6.615337
2015-11-15 09:00:00,1.4145,4.3044996,2.1006668,398.61636,7.027818,2.234909,-14.05,-15.0,120.61666666666666,2.0,1e-09,2.7835202e-07,-6.5559406
2015-11-15 10:00:00,-1.6686441,4.68661,1.0979661,384.30408,8.713061,2.5720408,-13.666666666666666,-13.0,158.38333333333333,2.0,1.0042717e-09,2.532623e-07,-6.5965595
2015-11-15 11:00:00,0.82305086,5.275085,2.2864406,396.65964,8.761346,2.7569232,-11.45,-10.0,406.3333333333333,2.0,2.4065203e-09,2.4388058e-07,-6.612891
2015-11-15 12:00:00,0.16644067,4.8308473,3.5415254,391.40833,8.435416,2.5885417,-11.166666666666666,-10.0,165.55,1.3333333333333333,1.0022416e-09,2.4020397e-07,-6.6194773
2015-11-15 13:00:00,3.3802,3.2068,3.8851998,409.0878,8.783659,2.9468293,-11.5,-8.0,101.18333333333334,1.3333333333333333,1e-09,2.3834716e-07,-6.622842
2015-11-15 14:00:00,3.5574577,4.028475,3.5832205,411.33792,9.696897,3.2844827,-11.216666666666667,-8.0,94.66666666666667,1.3333333333333333,1.4672733e-09,3.014605e-07,-6.5351872
2015-11-15 15:00:00,3.9332693,2.8603847,4.311346,414.26746,10.255814,3.535349,-7.883333333333334,-4.0,187.26666666666668,1.3333333333333333,1e-09,2.5367837e-07,-6.596295
2015-11-15 16:00:00,3.0254238,0.35576275,6.67339,415.74808,11.073654,3.8326924,-4.933333333333334,-3.0,64.06666666666666,1.3333333333333333,1e-09,2.6945173e-07,-6.5708227
2015-11-15 17:00:00,3.06,3.4254239,7.426102,413.23697,7.342609,2.5095654,-7.333333333333333,-6.0,36.68333333333333,1.3333333333333333,1e-09,2.5282264e-07,-6.597285
2015-11-15 18:00:00,2.937,7.6983333,1.7198334,407.78946,6.4863157,2.1585965,-6.283333333333333,-4.0,44.733333333333334,2.0,1e-09,2.6594483e-07,-6.575586
2015-11-15 19:00:00,2.7988331,8.042167,1.3461667,403.73148,6.151852,2.0072222,-4.65,-4.0,207.26666666666668,2.0,1e-09,2.5969652e-07,-6.585759
2015-11-15 20:00:00,3.1601667,7.096833,-0.74883336,412.54,7.6682,2.6120002,-3.8333333333333335,-4.0,271.51666666666665,2.0,1e-09,2.4955355e-07,-6.602898
2015-11-15 21:00:00,1.4031667,7.261167,-2.1035,403.0965,6.615965,2.151579,-10.0,-8.0,128.15,3.0,1e-09,2.516573e-07,-6.5997396
2015-11-15 22:00:00,1.7971667,6.6973333,-3.3765,397.8268,5.388393,1.7073214,-18.416666666666668,-16.0,354.68333333333334,3.0,1e-09,2.9660714e-07,-6.529068
2015-11-15 23:00:00,1.653,6.003667,-4.2903337,395.08423,4.9038596,1.531579,-24.083333333333332,-19.0,600.6833333333333,3.0,3.8308112e-09,5.8672885e-07,-6.2502065
2015-11-16 00:00:00,0.422,5.446,-5.0463333,390.39453,4.5676365,1.3918183,-27.433333333333334,-22.0,414.53333333333336,3.3333333333333335,3.1555614e-09,6.9558183e-07,-6.158783
2015-11-16 01:00:00,-0.062033903,5.42322,-4.5732203,391.07648,4.4056864,1.3464706,-30.7,-24.0,408.5,3.3333333333333335,1.6557203e-09,5.9241177e-07,-6.229319
2015-11-16 02:00:00,-1.0914999,6.2710004,-3.2586668,386.9481,5.1825,1.5515385,-32.18333333333333,-26.0,404.28333333333336,3.3333333333333335,1.0575465e-09,5.383281e-07,-6.2722187
2015-11-16 03:00:00,-1.5563636,6.972545,-2.434182,382.17398,5.7665997,1.6841999,-31.933333333333334,-26.0,426.65,2.6666666666666665,1.0193134e-09,5.7667444e-07,-6.2416744
2015-11-16 04:00:00,-1.3698305,7.7316947,0.6761017,383.83673,5.477143,1.6118368,-33.38333333333333,-29.0,328.65,2.6666666666666665,1.002053e-09,4.8267515e-07,-6.317287
2015-11-16 05:00:00,-1.6320689,5.515517,-4.69431,385.24905,5.5775476,1.654717,-30.35,-26.0,282.1166666666667,2.6666666666666665,1.034876e-09,4.5209592e-07,-6.3502903
2015-11-16 06:00:00,1.0826666,6.1431665,3.5615,382.875,7.186072,2.10625,-31.65,-28.0,403.7,2.3333333333333335,1e-09,3.0451372e-07,-6.517041
2015-11-16 07:00:00,-0.43,6.693793,-0.21775863,379.05344,8.143621,2.3396552,-26.45,-23.0,251.28333333333333,2.3333333333333335,1e-09,2.7727177e-07,-6.55721
2015-11-16 08:00:00,-1.1845,5.8061666,-1.7268333,379.64258,7.4214816,2.1394444,-27.633333333333333,-24.0,394.73333333333335,2.3333333333333335,1.0024219e-09,2.6439068e-07,-6.5778213
2015-11-16 09:00:00,-2.5891669,6.397333,-1.3126667,380.34036,8.051403,2.329649,-24.016666666666666,-22.0,569.8833333333333,2.3333333333333335,7.811494e-09,2.548432e-07,-6.5937734
2015-11-16 10:00:00,-2.3566666,7.0775,1.0636667,380.22,7.35,2.124,-25.983333333333334,-26.0,416.26666666666665,2.3333333333333335,3.5818202e-09,2.5754355e-07,-6.5896444
2015-11-16 11:00:00,-1.6693333,5.818,1.3751667,375.30692,9.197414,2.592414,-25.683333333333334,-26.0,371.28333333333336,2.3333333333333335,1.0039815e-09,2.4977314e-07,-6.6027164
2015-11-16 12:00:00,-2.938983,5.572373,-4.2132206,372.8873,6.1860003,1.7207272,-29.75,-30.0,304.3,3.0,1e-09,2.3131791e-07,-6.6358333
2015-11-16 13:00:00,-2.5474577,6.0277967,-3.6591525,373.90878,6.177193,1.7263159,-35.766666666666666,-33.0,436.53333333333336,3.0,2.1926927e-09,2.405651e-07,-6.618895
2015-11-16 14:00:00,-3.301111,5.038889,-4.0933332,365.6925,6.5985003,1.7625,-42.43333333333333,-37.0,885.5,3.0,6.4067436e-09,2.5247027e-07,-6.598039
2015-11-16 15:00:00,-1.6752542,5.8027115,-2.060678,367.51175,7.9564705,2.150392,-42.11666666666667,-38.0,723.6,2.6666666666666665,2.9013718e-09,2.4680702e-07,-6.6076865
2015-11-16 16:00:00,-1.2763333,5.6936665,-1.0826666,372.14484,8.129655,2.252931,-35.916666666666664,-37.0,510.51666666666665,2.6666666666666665,1.08395e-09,2.4102323e-07,-6.618022
2015-11-16 17:00:00,-2.262,5.3968334,-3.294,369.79474,7.015263,1.9171929,-32.28333333333333,-34.0,376.73333333333335,2.6666666666666665,1e-09,2.3677111e-07,-6.6259212
2015-11-16 18:00:00,-1.9211667,5.6575003,1.8460001,368.58212,6.800893,1.8476785,-30.95,-32.0,504.26666666666665,2.3333333333333335,1.000346e-09,2.4104193e-07,-6.6179614
2015-11-16 19:00:00,-2.5214999,5.8551664,0.3045,368.87833,8.6205,2.345,-25.033333333333335,-27.0,234.65,2.3333333333333335,1.0042405e-09,2.5228965e-07,-6.59827
2015-11-16 20:00:00,-2.3223333,5.514167,0.66583335,369.09656,7.893793,2.1512067,-26.733333333333334,-24.0,95.5,2.3333333333333335,1e-09,2.4729445e-07,-6.6068735
2015-11-16 21:00:00,-4.1677966,4.6491523,-0.49542373,367.46783,6.5689282,1.7717857,-30.133333333333333,-24.0,82.31666666666666,2.6666666666666665,1e-09,2.4464526e-07,-6.612506
2015-11-16 22:00:00,-3.7790911,4.912,0.05563636,367.56223,7.1095552,1.9215556,-29.216666666666665,-23.0,267.06666666666666,2.6666666666666665,1e-09,2.36264e-07,-6.626696
2015-11-16 23:00:00,-3.4891667,4.7188334,1.1504999,368.34106,6.8376784,1.8557142,-26.316666666666666,-22.0,191.11666666666667,2.6666666666666665,1e-09,2.3346463e-07,-6.63187
2015-11-17 00:00:00,-3.3144999,4.9508333,2.5371666,371.18802,6.1518,1.6947999,-23.283333333333335,-20.0,53.833333333333336,1.6666666666666665,1e-09,2.2734693e-07,-6.643366
2015-11-17 01:00:00,-4.020509,3.7591527,-0.92932206,370.7553,6.7687235,1.8591489,-19.166666666666668,-14.0,78.75,1.6666666666666665,1e-09,2.5540368e-07,-6.5942135
2015-11-17 02:00:00,-3.3240678,3.6384745,-1.6123729,369.91864,9.230508,2.5264406,-18.883333333333333,-13.0,141.51666666666668,1.6666666666666665,1e-09,2.6506024e-07,-6.5767713
2015-11-17 03:00:00,-3.1553335,4.172,-0.47866666,367.25085,8.875085,2.3927119,-19.633333333333333,-14.0,242.71666666666667,3.0,1e-09,2.5542147e-07,-6.593043
2015-11-17 04:00:00,-2.8827274,5.128909,1.7883637,368.03958,7.398333,2.0025,-22.183333333333334,-17.0,138.4,3.0,1.0009864e-09,2.505378e-07,-6.601254
2015-11-17 05:00:00,-2.9290001,5.4808335,2.7553332,368.61725,6.3560343,1.7286208,-19.75,-16.0,86.0,3.0,1e-09,2.5377946e-07,-6.595635
2015-11-17 06:00:00,-1.5161667,5.308,3.0291667,367.745,7.3316665,1.9831666,-16.916666666666668,-15.0,89.28333333333333,1.0,1e-09,2.5161654e-07,-6.599359
2015-11-17 07:00:00,-0.8737931,4.2668962,3.5413792,368.63696,7.094348,1.9232609,-15.283333333333333,-14.0,85.11666666666666,1.0,1e-09,2.4879614e-07,-6.604184
2015-11-17 08:00:00,-4.935167,3.4808335,-0.8243333,365.193,7.8624563,2.0978947,-15.1,-15.0,153.35,1.0,1.0362832e-09,2.5641592e-07,-6.5913258
2015-11-17 09:00:00,-4.5,3.9123335,0.7525,368.89655,10.157586,2.7653449,-13.233333333333333,-14.0,288.35,1.3333333333333333,3.706392e-09,2.9319094e-07,-6.533136
2015-11-17 10:00:00,-4.546,3.7845001,0.95549995,367.78235,12.165294,3.2894115,-9.933333333333334,-12.0,131.35,1.3333333333333333,1.7691288e-09,3.2526916e-07,-6.491798
2015-11-17 11:00:00,-3.6856666,3.595,1.0353333,364.69446,11.640185,3.0983334,-10.35,-10.0,77.81666666666666,1.3333333333333333,1.1109208e-09,4.4791003e-07,-6.3492994
2015-11-17 12:00:00,-4.9058332,4.0228333,-0.2325,367.96317,10.278948,2.7843862,-13.2,-12.0,79.51666666666667,0.6666666666666666,1e-09,3.5866267e-07,-6.445834
2015-11-17 13:00:00,-5.449167,3.5981667,-1.3986666,365.59454,9.816545,2.6241817,-16.216666666666665,-14.0,115.78333333333333,0.6666666666666666,1.3914229e-09,3.327872e-07,-6.480107
2015-11-17 14:00:00,-4.898909,1.9805454,-1.6507273,363.12,11.68225,3.0779998,-17.533333333333335,-15.0,173.46666666666667,0.6666666666666666,1.7131823e-09,3.1891332e-07,-6.501801
2015-11-17 15:00:00,-4.1805,3.7946668,-0.021500003,372.28333,10.613333,2.939,-19.483333333333334,-16.0,191.88333333333333,2.6666666666666665,7.3767668e-09,3.4523165e-07,-6.496496
2015-11-17 16:00:00,-4.4798336,3.7753334,-0.992,368.24808,7.1946154,1.9503846,-18.833333333333332,-17.0,197.4,2.6666666666666665,1.9660669e-09,4.2771055e-07,-6.374515
2015-11-17 17:00:00,-4.377667,3.4356666,-2.1358333,366.23572,7.095714,1.9035714,-19.7,-18.0,311.5,2.6666666666666665,1e-09,2.9380908e-07,-6.5323577
2015-11-17 18:00:00,-4.3943105,3.366207,-2.195862,361.1857,7.6788096,2.0028572,-16.9,-15.0,507.98333333333335,2.6666666666666665,1.019284e-09,3.3084038e-07,-6.481392
2015-11-17 19:00:00,-3.0103333,2.6408334,-1.7258334,363.10876,10.262105,2.7047367,-10.866666666666667,-8.0,205.63333333333333,2.6666666666666665,1.0080806e-09,3.2316012e-07,-6.491515
2015-11-17 20:00:00,-2.4817243,1.3065517,-0.37844828,366.62827,10.728913,2.8847826,-9.716666666666667,-5.0,98.71666666666667,2.6666666666666665,1e-09,2.9744007e-07,-6.527031
2015-11-17 21:00:00,1.6683333,-3.3858333,-0.96783334,362.05002,13.578928,3.56,-7.333333333333333,-2.0,69.1,1.6666666666666665,1e-09,3.105045e-07,-6.5082326
2015-11-17 22:00:00,0.95474577,-1.9747458,-1.6188136,364.56665,12.106667,3.2110417,-8.816666666666666,-4.0,62.88333333333333,1.6666666666666665,1e-09,3.2227436e-07,-6.4918504
2015-11-17 23:00:00,4.3416667,-4.0921664,0.85716665,367.79474,9.506843,2.5710528,-10.116666666666667,-7.0,24.033333333333335,1.6666666666666665,1e-09,3.3059442e-07,-6.4810195
2015-11-18 00:00:00,4.759333,-3.7295,1.7448334,369.7151,8.571321,2.3430188,-10.85,-8.0,22.85,0.6666666666666666,1e-09,4.1029807e-07,-6.387534
2015-11-18 01:00:00,4.8466105,-4.2498307,-0.0049152616,369.44287,8.398214,2.2919643,-9.266666666666667,-6.0,33.13333333333333,0.6666666666666666,1.0505998e-09,4.8198297e-07,-6.318997
2015-11-18 02:00:00,2.4918332,-1.7143333,-4.863667,364.71524,8.505652,2.2634783,-8.766666666666667,-4.0,94.88333333333334,0.6666666666666666,-23333.1,-23333.1,-6.3536363
2015-11-18 03:00:00,4.3233333,-3.7131667,2.2970002,368.9155,8.463965,2.305,-14.1,-8.0,112.95,2.6666666666666665,1e-09,4.037586e-07,-6.394289
2015-11-18 04:00:00,3.777,-4.1523333,2.2056665,367.2906,8.135471,2.1962264,-6.766666666666667,-4.0,52.55,2.6666666666666665,1e-09,4.221237e-07,-6.375259
2015-11-18 05:00:00,3.0749152,-3.7761016,3.7506778,367.49286,8.550535,2.3092856,-0.38333333333333336,1.0,34.21666666666667,2.6666666666666665,1e-09,3.653534e-07,-6.4375653
2015-11-18 06:00:00,3.4953334,-4.3798337,2.027,366.44077,8.141852,2.1861112,0.6833333333333333,3.0,22.05,1.6666666666666665,1.1736886e-09,3.8381933e-07,-6.4202037
2015-11-18 07:00:00,3.0652544,-1.7966101,-2.308983,368.38333,7.6365,2.0716667,0.4,0.0,36.6,1.6666666666666665,1e-09,3.9427263e-07,-6.4046335
2015-11-18 08:00:00,1.774889,0.03022221,-6.284,370.4275,5.92875,1.6274999,-8.55,-8.0,105.71666666666667,1.6666666666666665,3.8343653e-09,4.5376754e-07,-6.3546643
2015-11-18 09:00:00,2.6535716,0.35035712,-6.895,370.6237,7.605789,2.0873685,-18.8,-21.0,440.46666666666664,2.3333333333333335,1.0006804e-09,4.07487e-07,-6.3934226
2015-11-18 10:00:00,4.7903337,0.03249999,-5.526,360.29388,8.388572,2.174898,-24.9,-25.0,662.0166666666667,2.3333333333333335,7.93757e-09,3.7711928e-07,-6.4243655
2015-11-18 11:00:00,5.6808476,-3.0303392,-2.1486442,358.1796,9.123673,2.339796,-27.116666666666667,-29.0,383.15,2.3333333333333335,5.2591416e-09,4.164158e-07,-6.380608
2015-11-18 12:00:00,2.8908331,-4.7254167,6.2610416,371.37436,6.8028207,1.8720514,-23.366666666666667,-26.0,120.56666666666666,2.0,1.0318276e-09,4.0167922e-07,-6.396462
2015-11-18 13:00:00,2.4137254,-3.1231372,4.722353,378.79395,6.3818183,1.8306061,-19.1,-22.0,51.35,2.0,1e-09,3.9126792e-07,-6.4079914
2015-11-18 14:00:00,3.9698305,0.61440676,-4.5564404,383.74716,6.0990567,1.7945284,-21.216666666666665,-24.0,86.53333333333333,2.0,-13333.2,-13333.2,-6.3956227
2015-11-18 15:00:00,3.702222,-0.41259256,-4.4581485,397.96512,6.440465,2.0486045,-27.3,-27.0,427.28333333333336,3.0,-66666.0,-66666.0,-6.4540277
2015-11-18 16:00:00,-1.7431666,-4.5505,1.1291667,415.48148,7.3512964,2.5642593,-28.4,-27.0,468.03333333333336,3.0,1.4971182e-09,3.635138e-07,-6.439776
2015-11-18 17:00:00,-0.5639655,-4.9955173,1.1436207,415.13602,7.587,2.6262,-21.266666666666666,-22.0,92.86666666666666,3.0,1.0058074e-09,3.560562e-07,-6.4485564
2015-11-18 18:00:00,0.107499994,-4.520769,2.9067307,413.61554,8.199778,2.8117778,-18.316666666666666,-17.0,99.3,3.6666666666666665,1.1147324e-09,4.1965194e-07,-6.38223
2015-11-18 19:00:00,1.1394737,-4.4933333,2.6952631,412.76315,8.456316,2.8876317,-17.75,-15.0,167.11666666666667,3.6666666666666665,4.0372394e-09,4.874351e-07,-6.3177905
2015-11-18 20:00:00,4.5529823,-4.5198245,-2.0184212,439.41638,11.7007265,4.5798182,-4.866666666666666,-3.0,653.8666666666667,3.6666666666666665,1.1578897e-08,5.811323e-07,-6.270514
2015-11-18 21:00:00,5.6586666,-5.837,-3.0876665,463.01636,13.448,5.7707276,-14.083333333333334,-9.0,626.95,5.0,1.000346e-09,3.7357256e-07,-6.427769
2015-11-18 22:00:00,9.371167,-0.20966667,-7.1673336,463.51907,13.955,5.995,-26.35,-22.0,450.05,5.0,1.0009864e-09,4.1819345e-07,-6.379207
2015-11-18 23:00:00,6.2145,-5.3538337,-1.4726666,465.20566,14.984717,6.481698,-40.8,-34.0,774.0833333333334,5.0,1e-09,3.6884552e-07,-6.433939
2015-11-19 00:00:00,4.0201664,-3.517,-3.1601667,461.2873,15.687272,6.6814547,-23.1,-22.0,385.23333333333335,3.6666666666666665,1.1765097e-09,4.0690546e-07,-6.392335
2015-11-19 01:00:00,6.4698215,0.12910715,-1.0073215,454.1298,16.058937,6.6229787,-20.05,-18.0,196.1,3.6666666666666665,1.0010033e-09,3.9092657e-07,-6.4082627
2015-11-19 02:00:00,1.9149057,-1.5233961,4.9494343,455.08975,15.611794,6.4635897,-26.683333333333334,-24.0,174.58333333333334,3.6666666666666665,1.0806201e-09,4.2782884e-07,-6.369507
2015-11-19 03:00:00,-1.3636364,1.012,4.7532725,461.52408,12.619074,5.367963,-27.816666666666666,-25.0,110.93333333333334,2.0,1e-09,3.9590043e-07,-6.4030185
2015-11-19 04:00:00,-1.9582001,4.34,3.9298,459.42325,11.919767,5.0330234,-26.616666666666667,-25.0,61.13333333333333,2.0,1.0026605e-09,4.4137948e-07,-6.3560877
2015-11-19 05:00:00,1.198305,-0.123898305,4.0191526,454.5706,10.970196,4.5384316,-26.533333333333335,-25.0,41.2,2.0,1.0167703e-09,4.4632057e-07,-6.352937
2015-11-19 06:00:00,3.2035186,-2.695741,3.8803701,444.25653,9.646087,3.810652,-23.733333333333334,-22.0,28.483333333333334,1.6666666666666665,1e-09,4.1941394e-07,-6.3775024
2015-11-19 07:00:00,3.3747458,1.971695,1.0233898,442.61853,9.588334,3.7574072,-20.85,-20.0,48.9,1.6666666666666665,3.3124814e-09,5.1807876e-07,-6.2919536
2015-11-19 08:00:00,3.6168518,0.22944444,-1.7835184,436.30002,8.811956,3.3576086,-23.066666666666666,-22.0,105.91666666666667,1.6666666666666665,1e-09,4.7729094e-07,-6.32229
2015-11-19 09:00:00,2.760345,0.46103448,-3.0893102,434.80002,8.236341,3.1139023,-24.65,-25.0,141.28333333333333,3.0,1e-09,4.7683068e-07,-6.322553
2015-11-19 10:00:00,2.5466666,0.9945,-2.0661666,433.22037,8.289074,3.110926,-25.883333333333333,-26.0,333.3833333333333,3.0,3.9054004e-09,4.981573e-07,-6.3048472
2015-11-19 11:00:00,1.9032203,-1.2662711,-0.028644064,432.06,8.4718,3.1629999,-30.366666666666667,-32.0,398.15,3.0,3.318746e-09,3.897019e-07,-6.4100676
2015-11-19 12:00:00,2.9241667,-0.70416665,1.8638333,426.67117,8.719423,3.174423,-31.983333333333334,-35.0,164.96666666666667,1.6666666666666665,1.2727449e-09,3.7020592e-07,-6.432036
2015-11-19 13:00:00,3.1233962,0.051698115,2.8222642,424.72223,9.072445,3.2722223,-27.65,-27.0,81.65,1.6666666666666665,1e-09,3.6186617e-07,-6.441915
2015-11-19 14:00:00,3.0144827,-1.6160344,2.393793,423.14346,9.239782,3.3091304,-24.8,-22.0,41.916666666666664,1.6666666666666665,1.000346e-09,3.7540585e-07,-6.428233
2015-11-19 15:00:00,2.2454166,-3.3247917,3.2575,417.11053,9.23421,3.2113159,-23.45,-18.0,62.583333333333336,0.3333333333333333,1.0010033e-09,4.3381888e-07,-6.3633747
2015-11-19 16:00:00,2.1968966,-1.7724138,2.4225862,413.55136,9.392432,3.2091892,-22.616666666666667,-17.0,36.266666666666666,0.3333333333333333,1e-09,3.479892e-07,-6.4586835
2015-11-19 17:00:00,-4.0225,-1.258,0.28950003,420.47916,8.897083,3.1441667,-21.583333333333332,-14.0,20.716666666666665,0.3333333333333333,1e-09,3.5409886e-07,-6.4511995
2015-11-19 18:00:00,-2.3589797,-3.3065307,2.9667346,407.2718,10.046153,3.3328204,-18.4,-13.0,60.06666666666667,1.0,1.006265e-09,3.7507579e-07,-6.4274735
2015-11-19 19:00:00,1.6205001,-1.9728334,2.993,395.63208,10.444906,3.2732074,-15.65,-11.0,50.483333333333334,1.0,1e-09,3.6010078e-07,-6.443922
2015-11-19 20:00:00,3.8182352,-1.0207844,2.6056862,387.3943,9.504572,2.8585715,-14.316666666666666,-9.0,45.7,1.0,-14999.85,-14999.85,-6.46794
2015-11-19 21:00:00,4.117714,-0.37942857,4.0931425,383.81,8.968,2.641,-11.933333333333334,-5.0,21.816666666666666,0.3333333333333333,1e-09,3.3323948e-07,-6.477292
2015-11-19 22:00:00,-0.07383333,-3.1133335,3.7638333,394.39447,8.992778,2.799074,-10.916666666666666,-6.0,18.883333333333333,0.3333333333333333,1e-09,3.617756e-07,-6.4438324
2015-11-19 23:00:00,-1.4006667,-2.1655002,4.975,399.81567,9.366862,2.997647,-10.983333333333333,-9.0,17.483333333333334,0.3333333333333333,1e-09,3.262916e-07,-6.4865127
2015-11-20 00:00:00,-0.35245615,-3.6817544,3.817193,401.55,10.263182,3.3122728,-8.283333333333333,-6.0,16.45,0.3333333333333333,1e-09,3.2935208e-07,-6.4826274
2015-11-20 01:00:00,1.4122415,-4.724655,0.5522414,396.00702,11.065088,3.4742105,-4.666666666666667,-3.0,28.433333333333334,0.3333333333333333,1e-09,3.0910587e-07,-6.5101542
2015-11-20 02:00:00,2.4157627,0.28288138,2.6118646,388.6264,12.477547,3.7703774,-5.166666666666667,-3.0,21.316666666666666,0.3333333333333333,1e-09,3.1815438e-07,-6.497576
2015-11-20 03:00:00,-1.5455,-4.0828333,2.5128334,395.9942,11.338654,3.5621152,-5.133333333333334,-4.0,18.883333333333333,1.0,1e-09,3.2599456e-07,-6.486916
2015-11-20 04:00:00,-1.5096667,-5.238833,3.4518332,389.30515,7.584138,2.3012068,-9.233333333333333,-9.0,25.233333333333334,1.0,1e-09,3.3098067e-07,-6.480447
2015-11-20 05:00:00,-0.5796667,-5.7701664,0.41450003,383.12982,8.364386,2.4570177,-4.983333333333333,-6.0,24.2,1.0,1e-09,3.59335e-07,-6.445162
2015-11-20 06:00:00,-1.9452542,-6.092712,3.6759322,384.2915,7.6144066,2.2362711,-4.6,-6.0,46.65,2.3333333333333335,1.6828609e-09,4.6187344e-07,-6.3413095
2015-11-20 07:00:00,0.04016667,-5.8016667,0.19383334,375.34332,25.569,7.200667,9.783333333333333,7.0,64.08333333333333,2.3333333333333335,1e-09,3.9830218e-07,-6.4007
2015-11-20 08:00:00,3.0621152,0.7125,-4.233846,378.7326,11.575434,3.3163044,-1.65,0.0,52.15,2.3333333333333335,1.0129974e-09,4.0338256e-07,-6.395374
2015-11-20 09:00:00,3.3617241,-3.3896554,-1.3086207,386.73334,10.376888,3.108222,-10.666666666666666,-10.0,241.96666666666667,2.3333333333333335,1.0003345e-09,3.3277271e-07,-6.47844
2015-11-20 10:00:00,0.874,-5.613333,1.202,377.13037,8.601607,2.4503572,-10.483333333333333,-11.0,233.16666666666666,2.3333333333333335,1.0080536e-09,3.2828797e-07,-6.4838843
2015-11-20 11:00:00,1.804,-5.741667,0.926,382.31857,7.3181396,2.138372,-10.816666666666666,-9.0,40.45,2.3333333333333335,1.2259572e-09,3.5684934e-07,-6.4503803
2015-11-20 12:00:00,-0.18883333,-5.6206665,2.5166667,388.9655,7.736207,2.340345,-9.833333333333334,-8.0,32.06666666666667,0.3333333333333333,1.7556613e-09,5.0140926e-07,-6.304488
2015-11-20 13:00:00,0.4588333,-4.6021667,3.7736666,375.58304,7.8720756,2.2201886,-10.866666666666667,-8.0,32.13333333333333,0.3333333333333333,1.0213054e-09,4.120275e-07,-6.3894687
2015-11-20 14:00:00,1.042931,-4.461897,3.9234483,374.0021,8.389149,2.3459575,-9.116666666666667,-5.0,35.35,0.3333333333333333,1e-09,3.4816313e-07,-6.4583254
2015-11-20 15:00:00,1.8398305,-4.8998303,3.603051,372.678,7.9024,2.1944,-9.866666666666667,-5.0,38.733333333333334,0.0,1e-09,3.4124258e-07,-6.467179
2015-11-20 16:00:00,0.83283335,-4.7265,4.3693333,372.23215,7.1705356,1.9842857,-8.5,-5.0,36.983333333333334,0.0,1e-09,3.6311081e-07,-6.4401937
2015-11-20 17:00:00,2.3979661,-4.323729,4.615254,365.58603,8.2034,2.1912,-6.5,-4.0,34.6,0.0,1e-09,3.5173215e-07,-6.453904
2015-11-20 18:00:00,3.2553334,-4.1501665,5.08,367.00952,9.60381,2.5838094,-1.6333333333333333,1.0,29.95,0.0,1e-09,3.9731734e-07,-6.402605
2015-11-20 19:00:00,2.312,-5.315,5.798,374.37692,8.935128,2.5035896,2.6,6.0,22.533333333333335,0.0,1e-09,3.4347346e-07,-6.465074
2015-11-20 20:00:00,2.5457408,-5.616852,5.903148,376.73096,9.500953,2.692381,5.833333333333333,10.0,19.25,0.0,1e-09,3.5164783e-07,-6.455994
2015-11-20 21:00:00,-1.6088333,-5.9811664,6.361833,402.46667,11.613684,3.7556138,7.283333333333333,12.0,21.9,1.0,1.0035909e-09,3.580005e-07,-6.4476438
2015-11-20 22:00:00,-1.6795,-5.101333,4.6053333,407.71967,8.987322,2.9951785,5.716666666666667,10.0,22.033333333333335,1.0,1e-09,3.425743e-07,-6.4655423
2015-11-20 23:00:00,1.6005173,-2.5731034,7.0001726,397.12973,8.954325,2.8243244,5.266666666666667,8.0,19.25,1.0,1e-09,3.4317083e-07,-6.464784
2015-11-21 00:00:00,3.3063793,-5.44431,-2.183793,403.90378,6.0898113,1.9750943,-2.9166666666666665,1.0,18.716666666666665,2.0,1.2134358e-09,3.84513e-07,-6.4202504
2015-11-21 01:00:00,3.0393333,-5.1885,-3.6528332,408.70627,4.4895835,1.5004166,-9.85,-6.0,45.06666666666667,2.0,1e-09,3.4945836e-07,-6.4569125
2015-11-21 02:00:00,2.6191525,-5.2628818,-2.2983053,406.48038,4.6769643,1.5466071,-14.833333333333334,-13.0,197.68333333333334,2.0,8.006787e-09,4.2916318e-07,-6.4098306
2015-11-21 03:00:00,1.4307408,-3.9183333,-1.132037,400.76974,5.9825583,1.9258139,-13.816666666666666,-13.0,117.83333333333333,1.0,4.0855945e-09,4.639174e-07,-6.354791
2015-11-21 04:00:00,1.3935593,-3.5569491,-1.752034,393.55884,5.2380395,1.6237254,-11.783333333333333,-11.0,62.416666666666664,1.0,1e-09,3.8039664e-07,-6.4205494
2015-11-21 05:00:00,-0.20083332,-3.9315,1.8428333,398.66492,5.5914035,1.7808772,-10.4,-9.0,28.85,1.0,1e-09,4.012154e-07,-6.397168
2015-11-21 06:00:00,1.3021666,-4.526833,0.06700001,390.33508,5.4885964,1.6754386,-9.416666666666666,-7.0,38.583333333333336,0.3333333333333333,1e-09,3.7968695e-07,-6.4211063
2015-11-21 07:00:00,1.4038984,-2.9127119,-0.41694915,391.12885,5.9484615,1.8265386,-8.766666666666667,-7.0,42.7,0.3333333333333333,1.0172736e-09,4.5331933e-07,-6.346204
2015-11-21 08:00:00,1.4915,-3.4991667,-0.025499992,389.72415,5.6184483,1.707069,-6.783333333333333,-7.0,33.88333333333333,0.3333333333333333,1.2803334e-09,5.113601e-07,-6.2957025
2015-11-21 09:00:00,-1.7581667,-3.9898334,0.69533336,400.54398,6.3492,2.0412,-4.65,-6.0,29.233333333333334,0.3333333333333333,1.0342521e-09,4.8983367e-07,-6.3110213
2015-11-21 10:00:00,-3.2330508,-3.8123727,1.2335593,403.14,6.5596004,2.1336,-4.783333333333333,-5.0,19.866666666666667,0.3333333333333333,6.2559655e-09,6.045079e-07,-6.2313952
2015-11-21 11:00:00,-1.1346667,-4.794833,-0.09483334,389.6695,5.2900004,1.608644,-8.033333333333333,-7.0,22.366666666666667,0.3333333333333333,1.0290343e-09,4.788996e-07,-6.3219237
2015-11-21 12:00:00,-2.2050002,-4.6226664,-0.6853333,394.92374,5.159322,1.61,-8.783333333333333,-8.0,33.083333333333336,0.0,1.2206715e-09,5.285016e-07,-6.278916
2015-11-21 13:00:00,-1.4803333,-4.648667,-0.59150004,389.45084,4.7857623,1.4508474,-8.016666666666667,-7.0,53.38333333333333,0.0,9.072251e-08,1.5371447e-06,-5.902582
2015-11-21 14:00:00,-0.35366666,-4.4213333,1.5553334,378.3228,5.763509,1.648772,-6.1,-4.0,58.583333333333336,0.0,2.6565068e-08,1.2698339e-06,-5.923816
2015-11-21 15:00:00,-0.54150003,-4.3306665,1.7188333,376.38394,6.3314285,1.7923214,-6.45,-1.0,48.63333333333333,0.0,1.0227144e-09,6.201207e-07,-6.2090535
2015-11-21 16:00:00,-0.9898333,-4.5765,1.3041667,376.9309,6.2256365,1.7663636,-7.033333333333333,-2.0,34.0,0.0,1.0099679e-09,5.639309e-07,-6.249793
2015-11-21 17:00:00,-0.8030509,-4.8625426,-0.7755933,370.96912,6.8432727,1.8825455,-6.666666666666667,-3.0,26.466666666666665,0.0,2.3808747e-08,9.1010014e-07,-6.0796466
2015-11-21 18:00:00,-0.20683333,-4.8541665,-1.146,365.80515,7.319483,1.9596553,-6.566666666666666,-5.0,58.43333333333333,0.3333333333333333,6.0948593e-09,8.2542294e-07,-6.092284
2015-11-21 19:00:00,-0.5384483,-4.6643105,0.7877586,365.1609,7.5080433,2.0002174,-5.65,-4.0,99.23333333333333,0.3333333333333333,5.522283e-09,6.7607795e-07,-6.179936
2015-11-21 20:00:00,0.123,-4.899333,0.9191667,360.06274,7.799412,2.0207844,-6.166666666666667,-3.0,89.55,0.3333333333333333,7.641456e-09,8.281672e-07,-6.0858736
2015-11-21 21:00:00,1.6748936,-4.3970213,1.0278723,354.84326,7.6000004,1.918919,-5.566666666666666,-1.0,21.35,0.3333333333333333,1.015236e-09,5.552311e-07,-6.258151
2015-11-21 22:00:00,0.6782353,-4.6737256,1.4584314,355.36957,7.7095656,1.9484782,-3.6166666666666667,0.0,22.05,0.3333333333333333,7.744998e-09,6.9691293e-07,-6.172932
2015-11-21 23:00:00,1.0649153,-2.063051,2.2435591,349.6981,6.768077,1.6617309,-3.6,-1.0,23.116666666666667,0.3333333333333333,1e-09,4.597429e-07,-6.3378925
2015-11-22 00:00:00,2.2944999,-3.3045,1.7088333,346.4121,6.052727,1.4639394,-4.35,-2.0,19.333333333333332,0.6666666666666666,1e-09,4.6562644e-07,-6.332234
2015-11-22 01:00:00,-0.58542377,-4.325932,0.9108475,353.3204,6.3655105,1.5887755,-3.7666666666666666,-2.0,18.716666666666665,0.6666666666666666,7.355773e-08,1.3670783e-06,-6.0309353
2015-11-22 02:00:00,-0.87383336,-4.187,-1.2608334,360.10587,4.891765,1.27,-4.983333333333333,-4.0,26.25,0.6666666666666666,1.6850346e-07,2.9019234e-06,-5.5924783
2015-11-22 03:00:00,-1.3403391,-3.0184746,0.24728812,353.96054,6.8652635,1.7197368,-6.8,-6.0,40.6,0.6666666666666666,1.1109213e-08,9.99483e-07,-6.00383
2015-11-22 04:00:00,-1.2723333,-3.9406667,0.189,351.74258,6.2114816,1.5375925,-8.233333333333333,-7.0,26.083333333333332,0.6666666666666666,9.1851495e-09,1.0263695e-06,-5.989745
2015-11-22 05:00:00,1.3255932,-1.8737289,-2.6177967,348.63208,5.536981,1.3469812,-6.016666666666667,-5.0,34.416666666666664,0.6666666666666666,6.46647e-08,1.4083812e-06,-5.9211397
2015-11-22 06:00:00,-0.8521667,-3.4736667,-0.5215,353.20712,6.3807144,1.59375,-6.966666666666667,-6.0,68.06666666666666,0.6666666666666666,1.83866e-08,1.0437711e-06,-5.9922376
2015-11-22 07:00:00,0.43327272,-3.1167274,-1.4085455,347.15308,5.8310204,1.4077551,-6.9,-6.0,57.233333333333334,0.6666666666666666,1.06626885e-08,9.964018e-07,-6.004866
2015-11-22 08:00:00,-0.31982142,-3.9307141,0.4169643,344.2,6.3278723,1.4993618,-5.816666666666666,-4.0,51.05,0.6666666666666666,2.2604747e-09,7.1064807e-07,-6.1541486
2015-11-22 09:00:00,-1.6639999,-3.091,0.44500002,348.034,6.479,1.57,-5.4,-3.0,38.9,0.0,2.2525337e-09,6.2559377e-07,-6.2059917
2015-11-22 10:00:00,-1.4418334,-3.2043333,-0.43016666,346.1647,6.335686,1.5190196,-5.75,-3.0,26.233333333333334,0.0,2.4796844e-08,8.6915895e-07,-6.1016054
2015-11-22 11:00:00,0.55288136,-3.2632203,0.9416949,339.57144,5.710408,1.3181632,-6.616666666666666,-5.0,20.716666666666665,0.0,1.6552694e-09,6.440595e-07,-6.1936846
2015-11-22 12:00:00,-0.42333332,-3.8118334,-0.29233333,341.9322,5.362034,1.2549152,-5.616666666666666,-6.0,23.75,0.0,1.35525555e-08,8.675391e-07,-6.070972
2015-11-22 13:00:00,-0.5115789,-3.5566666,-1.7098246,341.5,4.6441073,1.0853571,-7.0,-10.0,23.566666666666666,0.0,1.4042565e-09,5.5005364e-07,-6.2613745
2015-11-22 14:00:00,,,,,,,-7.65,-11.0,64.6,0.0,2.1158166e-09,6.4282864e-07,-6.1951265
2015-11-22 15:00:00,-0.24428572,-3.3342857,-2.2257142,338.1,5.0025,1.1424999,-4.066666666666666,-7.0,77.78333333333333,0.3333333333333333,5.687765e-09,7.729847e-07,-6.1227956
2015-11-22 16:00:00,1.3523333,-3.2661667,-0.27616665,336.6162,5.443243,1.2345946,-3.3333333333333335,-6.0,46.916666666666664,0.3333333333333333,4.530959e-08,1.2913562e-06,-5.9254627
2015-11-22 17:00:00,0.39816666,-3.9473333,-0.29333335,336.98038,5.9830356,1.3601786,-1.1166666666666667,-3.0,25.55,0.3333333333333333,2.4507589e-08,1.3069246e-06,-5.8968453
2015-11-22 18:00:00,0.47916666,-3.9290001,-0.44033334,338.21628,5.915581,1.3553488,0.7,0.0,23.55,0.3333333333333333,1.12256275e-08,9.3109736e-07,-6.0388675
2015-11-22 19:00:00,1.0376667,-3.1458333,0.7905,337.1476,5.7830954,1.3178571,0.7833333333333333,0.0,44.416666666666664,0.3333333333333333,4.4878443e-09,6.6676984e-07,-6.1881213
2015-11-22 20:00:00,3.267857,-1.2098215,2.8267858,332.03513,5.231081,1.1543243,-1.4666666666666666,1.0,55.71666666666667,0.3333333333333333,1e-09,4.853265e-07,-6.314377
2015-11-22 21:00:00,1.1744231,-2.7263463,0.65923077,336.35135,5.895406,1.3354053,-0.6666666666666666,4.0,18.733333333333334,0.0,1e-09,4.3765024e-07,-6.3590565
2015-11-22 22:00:00,-0.22338983,-4.2272882,-0.6294915,338.64737,6.3243856,1.4505264,-1.65,4.0,19.116666666666667,0.0,1.8642327e-08,6.696515e-07,-6.2418003
2015-11-22 23:00:00,1.7081394,-3.0739534,1.8648838,331.75757,5.4857574,1.2081817,-2.7666666666666666,2.0,18.9,0.0,1e-09,4.483564e-07,-6.348465
2015-11-23 00:00:00,1.1693103,-1.775,3.4822414,330.31,6.787,1.48075,-2.533333333333333,3.0,22.366666666666667,0.0,1.036694e-08,5.4848243e-07,-6.297899
2015-11-23 01:00:00,2.2415788,-2.8180702,1.2314036,324.8896,7.226667,1.525,-2.1666666666666665,3.0,25.166666666666668,0.0,3.5944137e-08,1.1251109e-06,-6.0318294
2015-11-23 02:00:00,1.9627119,-1.4369491,1.4633898,331.27194,5.961579,1.3091228,-1.5166666666666666,2.0,23.833333333333332,0.0,3.4256033e-07,5.770822e-06,-5.27562
2015-11-23 03:00:00,-0.111914895,-2.4825532,-2.0068085,342.45428,5.971714,1.4002857,-0.65,2.0,34.166666666666664,0.0,1.3197719e-08,1.5627795e-06,-5.8619757
2015-11-23 04:00:00,0.036071427,-2.8835714,-2.1289287,340.612,5.6246004,1.3061999,-2.85,0.0,34.0,0.0,1e-09,6.0749045e-07,-6.2170925
2015-11-23 05:00:00,2.0776923,-1.448077,-2.21,331.76334,5.9353333,1.3066667,-5.283333333333333,-2.0,41.266666666666666,0.0,1.0272332e-09,5.9053696e-07,-6.229715
2015-11-23 06:00:00,2.8538983,1.29,1.0274576,326.4961,6.429216,1.3688235,-7.566666666666666,-4.0,45.86666666666667,0.6666666666666666,1e-09,4.960253e-07,-6.304769
2015-11-23 07:00:00,2.9866667,2.0146666,2.1141667,325.87885,6.4271154,1.3648077,-8.033333333333333,-5.0,73.78333333333333,0.6666666666666666,1e-09,4.7223995e-07,-6.326057
2015-11-23 08:00:00,2.9233332,1.8518333,2.6648333,325.3904,6.433654,1.3619231,-6.816666666666666,-5.0,25.466666666666665,0.6666666666666666,1e-09,4.5005538e-07,-6.3469496
2015-11-23 09:00:00,3.1143477,1.3991305,2.4645653,321.78204,6.4510255,1.3353846,-4.533333333333333,-2.0,13.666666666666666,0.0,1e-09,4.3083966e-07,-6.3659644
2015-11-23 10:00:00,2.6576786,1.7239286,1.8448213,324.73334,6.0341663,1.2733333,-3.35,-1.0,79.66666666666667,0.0,1.0157957e-09,4.522472e-07,-6.3462076
2015-11-23 11:00:00,2.723654,0.28884616,1.0307692,327.5,5.826744,1.25,-4.283333333333333,-2.0,30.966666666666665,0.0,1e-09,5.05197e-07,-6.2971497
2015-11-23 12:00:00,1.5338,-2.8878,-0.1366,327.74002,6.1522856,1.3211428,-3.716666666666667,-4.0,37.13333333333333,0.6666666666666666,2.0755785e-08,9.818087e-07,-6.0207677
2015-11-23 13:00:00,-0.38311112,-2.108,-1.8891112,333.04846,5.8351517,1.2954545,-3.816666666666667,-4.0,61.75,0.6666666666666666,1e-09,5.1659714e-07,-6.2912374
2015-11-23 14:00:00,1.319,-1.827,-0.31416667,326.89795,5.6318364,1.2034694,-3.45,-2.0,110.41666666666667,0.6666666666666666,1e-09,4.2966457e-07,-6.366982
2015-11-23 15:00:00,2.797,-1.3185,0.86800003,320.6143,5.598929,1.1519643,-3.066666666666667,-1.0,36.53333333333333,0.0,1e-09,4.719829e-07,-6.3263807
2015-11-23 16:00:00,2.6346667,-2.025,0.50616664,323.04642,5.5564284,1.1592857,-2.7,-1.0,35.1,0.0,1.000346e-09,4.9220364e-07,-6.3090878
2015-11-23 17:00:00,2.4257627,-2.60339,-0.18559322,321.46274,5.39451,1.1156863,-1.3,0.0,28.15,0.0,3.700943e-09,6.8514345e-07,-6.16823
2015-11-23 18:00:00,2.009074,-2.0990741,-1.650926,320.19565,5.4156523,1.1104348,-0.2833333333333333,-1.0,30.5,0.3333333333333333,2.467763e-09,6.5942066e-07,-6.1837687
2015-11-23 19:00:00,2.1977587,-3.1606898,-0.32844827,319.34827,5.341207,1.0893104,-0.7166666666666667,-1.0,23.016666666666666,0.3333333333333333,1e-09,5.7464297e-07,-6.241096
2015-11-23 20:00:00,1.7785,-3.2871666,-0.79366666,317.44092,5.2515907,1.0586363,-0.05,2.0,25.066666666666666,0.3333333333333333,1e-09,5.2168036e-07,-6.283229
2015-11-23 21:00:00,2.609,-1.8425001,0.5771667,314.4521,5.4599996,1.079375,-0.25,4.0,20.566666666666666,0.3333333333333333,1.0003345e-09,5.3568516e-07,-6.2713857
2015-11-23 22:00:00,3.2125642,-1.1174359,-0.9066667,310.77856,5.4625,1.0553571,0.08333333333333333,4.0,17.816666666666666,0.3333333333333333,1.0232856e-09,5.4728423e-07,-6.263848
2015-11-23 23:00:00,3.3186793,-1.0909433,-0.27056602,309.86978,5.2402325,1.0065116,0.75,5.0,17.55,0.3333333333333333,1e-09,4.7676178e-07,-6.3221054
2015-11-24 00:00:00,3.392453,-0.69037735,1.4107548,307.22415,5.183448,0.9782759,-0.38333333333333336,5.0,15.9,0.0,1e-09,4.318702e-07,-6.36473
2015-11-24 01:00:00,3.0955172,-0.6910345,1.8246552,309.95187,5.6555552,1.0861112,-1.9333333333333333,4.0,12.15,0.0,1.0006804e-09,4.795694e-07,-6.3229175
2015-11-24 02:00:00,3.3822,-1.0104,1.071,309.30692,5.3027587,1.014138,-2.9,3.0,12.3,0.0,1.6365369e-09,6.129857e-07,-6.2141175
2015-11-24 03:00:00,3.138,-1.422,1.142,308.72,5.388,1.028,-2.8833333333333333,2.0,13.85,0.0,1e-09,4.886837e-07,-6.3113317
2015-11-24 04:00:00,,,,,,,-2.5,2.0,12.633333333333333,0.0,1.5146838e-09,5.5022787e-07,-6.2612534
2015-11-24 05:00:00,,,,,,,0.36666666666666664,3.0,17.383333333333333,0.0,1e-09,4.447684e-07,-6.352937
2015-11-24 06:00:00,,,,,,,-0.08333333333333333,2.0,17.716666666666665,0.0,1e-09,4.4149175e-07,-6.355586
2015-11-24 07:00:00,,,,,,,-0.9666666666666667,1.0,17.166666666666668,0.0,1.0089898e-09,4.7074576e-07,-6.327687
2015-11-24 08:00:00,3.2813158,-1.6878947,-0.92315793,299.63333,6.183889,1.1105555,-1.6666666666666667,0.0,19.633333333333333,0.0,1e-09,3.879298e-07,-6.4118066
2015-11-24 09:00:00,3.5271187,-1.1035594,-1.0050848,298.70242,6.172195,1.0999999,-1.6,0.0,46.21666666666667,0.0,1.004984e-09,3.8922497e-07,-6.412371
2015-11-24 10:00:00,3.3483052,-1.6330508,-0.8779661,297.0157,6.877059,1.2129412,-3.25,-2.0,61.166666666666664,0.0,1.22135e-09,5.3008097e-07,-6.277492
2015-11-24 11:00:00,3.4046552,-1.3162068,-1.1855173,295.30444,6.9384446,1.2104445,-3.45,-3.0,32.06666666666667,0.0,1.003664e-09,5.22245e-07,-6.2853236
2015-11-24 12:00:00,3.1705358,-1.9671429,-0.2992857,295.4413,6.7663045,1.1815217,-1.4666666666666666,-2.0,37.36666666666667,0.0,1e-09,3.8145257e-07,-6.41899
2015-11-24 13:00:00,3.6048934,-1.1189362,-1.2902128,293.075,6.75875,1.16025,-2.283333333333333,-2.0,29.066666666666666,0.0,1e-09,3.865336e-07,-6.412964
2015-11-24 14:00:00,3.5307143,-1.4989287,-0.79714286,291.3405,6.6375675,1.1264865,-3.216666666666667,-1.0,24.866666666666667,0.0,1e-09,3.84193e-07,-6.4157047
2015-11-24 15:00:00,3.6431665,-1.9915,-0.0033333332,285.83218,6.1838984,1.0106779,-3.8,2.0,30.383333333333333,0.0,1e-09,3.77459e-07,-6.4237823
2015-11-24 16:00:00,3.3681667,-2.3573334,0.3905,286.1456,6.3994737,1.0487719,-2.9166666666666665,3.0,27.1,0.0,1e-09,3.5916025e-07,-6.4448767
2015-11-24 17:00:00,3.0343332,-2.3301666,0.8961667,290.51608,6.6285715,1.1180357,-1.3166666666666667,4.0,31.466666666666665,0.0,1e-09,3.8584267e-07,-6.4139075
2015-11-24 18:00:00,2.8453448,-2.3279312,1.0234482,288.936,6.5674,1.0972,-0.6833333333333333,6.0,33.266666666666666,0.0,1e-09,3.8184047e-07,-6.41867
2015-11-24 19:00:00,2.9626665,-1.8383334,1.2493333,286.825,6.2998214,1.0366071,0.8833333333333333,7.0,41.15,0.0,1e-09,3.6871882e-07,-6.433355
2015-11-24 20:00:00,2.7813334,-1.5901667,0.70233333,284.475,7.071923,1.1453847,2.2666666666666666,7.0,39.916666666666664,0.0,1e-09,4.0204753e-07,-6.3969107
2015-11-24 21:00:00,2.688,-1.5436667,0.55333334,285.72632,7.4052634,1.2098246,2.25,7.0,42.916666666666664,0.0,1e-09,3.853416e-07,-6.414482
2015-11-24 22:00:00,2.8241665,-1.5973333,0.09616666,282.745,7.349167,1.1771666,1.5666666666666667,6.0,45.63333333333333,0.0,1e-09,3.6227235e-07,-6.4410086
2015-11-24 23:00:00,3.0421667,-1.5224999,-0.20366667,279.74167,7.613333,1.1921667,2.9166666666666665,4.0,47.666666666666664,0.0,1e-09,3.52636e-07,-6.452734
2015-11-25 00:00:00,3.1432757,-1.299138,0.7791379,276.27026,7.308108,1.1172973,1.6833333333333333,5.0,12.15,0.0,1e-09,3.6136848e-07,-6.442367
2015-11-25 01:00:00,2.9439654,-1.6075861,0.7187931,277.80444,8.0448885,1.2417778,2.9,5.0,13.966666666666667,0.0,1e-09,3.9798408e-07,-6.400853
2015-11-25 02:00:00,2.5985,-2.1399999,0.38516667,277.64825,7.931724,1.2227585,3.5833333333333335,6.0,13.166666666666666,0.0,1e-09,3.4785197e-07,-6.458872
2015-11-25 03:00:00,2.4013333,-2.3569999,0.54066664,276.91034,8.218449,1.2598276,4.116666666666666,6.0,14.6,0.0,1e-09,3.4153416e-07,-6.466603
2015-11-25 04:00:00,2.113,-2.4513333,0.72099996,277.4565,8.623914,1.327174,4.016666666666667,6.0,13.583333333333334,0.0,1e-09,3.4320723e-07,-6.464531
2015-11-25 05:00:00,1.5723637,-2.8314545,0.4110909,277.31702,8.991702,1.3829787,4.383333333333334,7.0,12.1,0.0,1e-09,3.786057e-07,-6.422315
2015-11-25 06:00:00,1.0634615,-3.0313463,0.10692307,275.79486,9.546411,1.4535897,4.9,7.0,12.75,0.0,1e-09,3.7497065e-07,-6.426497
2015-11-25 07:00:00,1.7116667,-3.048889,0.91518515,273.04883,10.544418,1.572093,6.0,7.0,15.216666666666667,0.0,8.530543e-09,6.455776e-07,-6.2377696
2015-11-25 08:00:00,1.9231579,-2.9282458,1.2896491,270.17838,10.986216,1.6035135,5.666666666666667,6.0,17.016666666666666,0.0,3.974598e-08,1.3973488e-06,-5.8664083
2015-11-25 09:00:00,1.4731035,-3.096724,1.7577586,271.27814,11.090938,1.6324999,4.9,5.0,17.55,0.0,1.3637677e-09,7.3351566e-07,-6.1380014
2015-11-25 10:00:00,0.412,-3.0388334,1.4648334,272.71072,11.37375,1.6923214,4.4,5.0,16.566666666666666,0.0,1.4529552e-09,6.206761e-07,-6.2098484
2015-11-25 11:00:00,0.23916668,-3.4848332,1.3915,272.0518,11.088572,1.64125,5.433333333333334,7.0,21.183333333333334,0.0,1e-09,4.2621477e-07,-6.370822
2015-11-25 12:00:00,-0.70533335,-2.8531668,2.6988332,271.24615,12.4135895,1.8258975,7.916666666666667,9.0,24.766666666666666,0.0,1e-09,3.8782028e-07,-6.4118657
2015-11-25 13:00:00,-0.40034482,-2.555,2.4710345,269.6282,12.950513,1.8833332,8.7,11.0,25.8,0.0,1e-09,3.5468375e-07,-6.4502783
2015-11-25 14:00:00,-0.5759375,-1.8384374,2.1828125,269.4826,12.70913,1.8456522,8.483333333333333,12.0,23.033333333333335,0.0,1e-09,3.5107348e-07,-6.455112
2015-11-25 15:00:00,-0.88189656,-2.7046552,1.9443103,269.85532,11.070425,1.6121275,7.283333333333333,12.0,20.583333333333332,0.0,1e-09,3.2570608e-07,-6.4872346
2015-11-25 16:00:00,-1.6630356,-2.4414287,2.34125,269.84232,11.142884,1.6225001,7.616666666666666,11.0,24.233333333333334,0.0,1e-09,3.1755624e-07,-6.4982734
2015-11-25 17:00:00,-1.9563463,-1.6369231,1.6582693,271.00647,11.987097,1.7635484,9.816666666666666,12.0,26.883333333333333,0.0,1e-09,3.4829856e-07,-6.4586916
2015-11-25 18:00:00,-2.0113332,-3.3078334,1.7118334,268.69376,10.198958,1.4720832,10.316666666666666,13.0,24.35,0.0,1.0328857e-09,3.6532302e-07,-6.439096
2015-11-25 19:00:00,-1.3078333,-3.6430001,0.9981667,268.65356,10.525001,1.5192858,10.283333333333333,13.0,17.983333333333334,0.0,1e-09,3.248582e-07,-6.4884086
2015-11-25 20:00:00,-1.1136111,-3.5258334,2.16,267.2091,10.929091,1.5586364,9.616666666666667,12.0,16.616666666666667,0.0,1e-09,3.1544639e-07,-6.501221
2015-11-25 21:00:00,-1.8491666,0.6766666,1.6138333,266.43207,13.1443405,1.8656603,11.0,15.0,17.716666666666665,0.0,1e-09,3.2488373e-07,-6.4884157
2015-11-25 22:00:00,-2.3225,0.13683334,2.0328333,264.66544,13.93691,1.9529091,9.666666666666666,14.0,16.55,0.0,1.1658696e-09,3.9957615e-07,-6.40959
2015-11-25 23:00:00,-1.3896551,-1.8103448,2.407931,261.84644,13.802142,1.8932143,9.916666666666666,13.0,12.016666666666667,0.0,1e-09,2.943123e-07,-6.5312576
2015-11-26 00:00:00,-1.3282456,-1.9842105,2.0363157,260.74634,13.735367,1.8678049,9.35,14.0,12.6,0.0,1e-09,3.1260888e-07,-6.5058146
2015-11-26 01:00:00,-0.7870176,-2.0577192,1.3340352,259.37943,14.387647,1.9358823,9.066666666666666,13.0,13.933333333333334,0.0,1e-09,3.2808305e-07,-6.4847856
2015-11-26 02:00:00,-0.34433332,-1.5008334,1.589,259.62082,14.875,2.0066667,9.133333333333333,11.0,12.583333333333334,0.0,1e-09,2.8788742e-07,-6.5408444
2015-11-26 03:00:00,-1.1510526,-1.2870176,1.658421,260.0643,14.780238,1.9988095,10.35,12.0,12.7,0.0,1e-09,3.0672408e-07,-6.513528
2015-11-26 04:00:00,-0.910862,-1.393793,0.8586207,260.16608,15.142678,2.0496428,11.233333333333333,13.0,14.2,0.0,1e-09,3.1435346e-07,-6.50261
2015-11-26 05:00:00,-1.8155173,-3.3510344,1.5831034,263.19998,11.864285,1.6442857,11.283333333333333,14.0,14.366666666666667,0.0,1e-09,3.3307228e-07,-6.477701
2015-11-26 06:00:00,-1.7776271,-2.2101693,1.6462711,263.30435,12.653043,1.7550001,12.0,14.0,13.3,0.0,1e-09,3.1853543e-07,-6.496909
2015-11-26 07:00:00,-2.0833898,-0.7661017,2.1011865,264.01065,12.268511,1.7108512,12.0,13.0,11.916666666666666,0.0,1e-09,3.5414024e-07,-6.450933
2015-11-26 08:00:00,-2.6616666,-1.0286667,1.0583333,263.9532,11.635745,1.6214893,11.616666666666667,12.0,12.066666666666666,0.0,1e-09,3.377376e-07,-6.471795
2015-11-26 09:00:00,-3.023393,-0.5617857,1.35875,263.8513,11.905385,1.658205,10.2,10.0,13.466666666666667,0.0,1.0006919e-09,4.0584672e-07,-6.3949833
2015-11-26 10:00:00,-1.6351724,2.4156897,2.528448,266.5,11.79375,1.6762501,9.766666666666667,9.0,15.466666666666667,0.0,1.001384e-09,3.1244844e-07,-6.5065136
2015-11-26 11:00:00,-0.86499995,2.3512068,0.9232758,268.02,13.303666,1.9113333,9.133333333333333,9.0,20.75,0.0,1.0023704e-09,3.709001e-07,-6.4350424
2015-11-26 12:00:00,-1.7961226,2.2559185,-0.957551,264.74118,13.619118,1.9085294,6.816666666666666,6.0,21.0,0.0,1e-09,3.396512e-07,-6.469244
2015-11-26 13:00:00,-1.3383929,1.4789286,-2.389643,264.6263,14.955526,2.0955262,5.616666666666666,6.0,72.83333333333333,0.0,1e-09,3.0323682e-07,-6.518337
2015-11-26 14:00:00,-1.295614,0.54175436,-2.7164912,263.49487,15.873333,2.2053847,6.933333333333334,11.0,146.66666666666666,0.0,1e-09,2.966239e-07,-6.528747
2015-11-26 15:00:00,-0.59152544,2.1184745,-3.6059322,265.80408,14.47,2.042449,5.583333333333333,10.0,64.13333333333334,0.3333333333333333,1e-09,2.9688283e-07,-6.529422
2015-11-26 16:00:00,0.14232144,4.040179,-3.4696429,265.94376,14.110312,1.9959375,1.7833333333333334,7.0,120.46666666666667,0.3333333333333333,1e-09,2.811252e-07,-6.551372
2015-11-26 17:00:00,0.2730357,3.8380358,-3.3821428,267.49606,14.212745,2.03451,-4.233333333333333,3.0,141.76666666666668,0.3333333333333333,1e-09,3.0246144e-07,-6.5195985
2015-11-26 18:00:00,1.9195,3.9263334,-3.4998333,267.76346,14.024424,2.0107691,-9.4,-1.0,170.05,1.3333333333333333,1e-09,2.874271e-07,-6.5425954
2015-11-26 19:00:00,0.4909434,4.2777357,-4.7194343,269.94873,13.574615,1.9776922,-11.083333333333334,-5.0,274.15,1.3333333333333333,1.0099475e-09,3.7886727e-07,-6.427087
2015-11-26 20:00:00,-0.41068965,5.026379,-4.2517242,273.9275,17.6905,2.65925,-9.783333333333333,-5.0,279.43333333333334,1.3333333333333333,-14999.85,-14999.85,-6.512097
2015-11-26 21:00:00,-1.9822034,6.4464407,-2.914915,272.5838,17.349188,2.578108,-11.0,-6.0,107.66666666666667,1.0,8.485083e-09,6.737824e-07,-6.2024007
2015-11-26 22:00:00,-3.2098277,6.0649996,-2.2993104,267.77545,18.542074,2.6605659,-10.166666666666666,-7.0,82.61666666666666,1.0,1.1671047e-09,6.0909264e-07,-6.2192163
2015-11-26 23:00:00,-2.8963332,6.000167,-1.4641666,265.966,19.344799,2.7376,-10.366666666666667,-7.0,130.3,1.0,1e-09,4.2858625e-07,-6.36842
2015-11-27 00:00:00,-2.813051,6.240847,0.71593225,269.84445,19.448,2.8326666,-13.016666666666667,-9.0,151.05,2.3333333333333335,1e-09,3.6249423e-07,-6.441686
2015-11-27 01:00:00,-2.7915254,6.0294914,-2.6550846,272.40555,17.336481,2.5725925,-12.75,-10.0,78.15,2.3333333333333335,1e-09,2.933479e-07,-6.532836
2015-11-27 02:00:00,-2.0786667,4.7591662,-4.791,272.26276,18.656862,2.7680392,-12.816666666666666,-10.0,152.48333333333332,2.3333333333333335,1.000346e-09,3.1384582e-07,-6.5069423
2015-11-27 03:00:00,1.0761364,3.148182,-7.1870456,277.12927,19.478048,2.9909756,-13.5,-9.0,284.5833333333333,3.0,1.000346e-09,3.504134e-07,-6.460474
2015-11-27 04:00:00,0.46371427,2.0491428,-7.9125714,274.84286,18.086666,2.7309523,-13.366666666666667,-10.0,333.2,3.0,1.000346e-09,3.039477e-07,-6.5233793
2015-11-27 05:00:00,-0.7146429,2.565893,-5.953393,264.096,20.9464,2.9232001,-12.216666666666667,-9.0,231.15,3.0,1e-09,3.1719816e-07,-6.5038133
2015-11-27 06:00:00,-0.09557693,2.9138463,-4.987115,271.70538,21.756756,3.2154055,-9.483333333333333,-6.0,95.08333333333333,1.6666666666666665,1e-09,2.3987337e-07,-6.6201487
2015-11-27 07:00:00,4.6747456,-2.4374576,-1.0654237,287.85333,19.578001,3.2506666,-5.483333333333333,-3.0,29.583333333333332,1.6666666666666665,1e-09,2.260722e-07,-6.645846
2015-11-27 08:00:00,6.445254,-4.2118645,-2.2911863,285.47083,17.462915,2.8466666,-7.416666666666667,-6.0,26.666666666666668,1.6666666666666665,1e-09,2.2453723e-07,-6.6487513
2015-11-27 09:00:00,6.293276,-4.50069,-2.956207,290.2976,18.74476,3.1619048,-7.4,-7.0,27.783333333333335,1.3333333333333333,1e-09,2.3140932e-07,-6.6358123
2015-11-27 10:00:00,2.4566665,-1.4955001,-1.4201666,302.53638,26.231455,4.8456364,-2.05,-4.0,41.71666666666667,1.3333333333333333,1e-09,2.5082784e-07,-6.600674
2015-11-27 11:00:00,3.3984213,-1.5187719,1.5952631,305.34106,29.79518,5.575714,0.15,-2.0,34.81666666666667,1.3333333333333333,1e-09,2.481382e-07,-6.6053905
2015-11-27 12:00:00,7.3568335,-1.7645,-0.2615,301.25333,25.238499,4.586,-4.966666666666667,-7.0,37.0,1.0,1e-09,2.3549543e-07,-6.628089
2015-11-27 13:00:00,7.7298336,-3.1098332,-1.232,293.78333,22.182333,3.836,-5.616666666666666,-8.0,47.86666666666667,1.0,1.014543e-09,2.612178e-07,-6.5918627
2015-11-27 14:00:00,7.7513556,-3.9342372,-0.6294915,284.91226,23.10796,3.7495918,-3.433333333333333,-5.0,67.31666666666666,1.0,1e-09,2.1492033e-07,-6.6679044
2015-11-27 15:00:00,6.785849,-4.7596226,-1.9728302,283.37943,21.899706,3.5202942,0.8333333333333334,0.0,112.1,1.0,1e-09,2.2237784e-07,-6.6531625
2015-11-27 16:00:00,4.8128333,-6.5948334,-1.6443334,293.06808,21.295958,3.6553192,-3.8,-4.0,123.66666666666667,1.0,1e-09,2.1081244e-07,-6.6761813
2015-11-27 17:00:00,7.179167,-5.8166666,-1.3061668,287.01962,16.315294,2.6852942,-6.65,-5.0,126.41666666666667,1.0,1e-09,2.0195903e-07,-6.6948757
2015-11-27 18:00:00,7.7093334,-5.2938333,2.82,286.7353,13.400392,2.2041175,-5.216666666666667,-3.0,33.8,0.6666666666666666,1e-09,2.16739e-07,-6.6656666
2015-11-27 19:00:00,6.6480002,-6.3186665,0.9758333,286.54044,14.22766,2.337021,-1.4,1.0,35.88333333333333,0.6666666666666666,1e-09,2.0565064e-07,-6.6872196
2015-11-27 20:00:00,4.2618966,-7.139655,-0.67172414,296.6816,13.0624485,2.2967348,-2.3666666666666667,1.0,34.93333333333333,0.6666666666666666,1e-09,1.9499858e-07,-6.710055
2015-11-27 21:00:00,4.5496607,-7.7145762,-2.127966,291.793,13.659767,2.3279068,-1.7,2.0,115.56666666666666,1.3333333333333333,1e-09,1.9576312e-07,-6.708521
2015-11-27 22:00:00,3.6938334,-8.197833,-2.9723332,292.518,14.026401,2.4006,-2.45,2.0,100.66666666666667,1.3333333333333333,1e-09,1.8993697e-07,-6.7216325
2015-11-27 23:00:00,4.9825,-7.5041666,-1.3753333,286.32758,15.075518,2.4718964,-2.2,2.0,82.95,1.3333333333333333,1e-09,2.162646e-07,-6.6671247
2015-11-28 00:00:00,7.0735,-6.149167,2.3595002,283.50653,15.1884775,2.4415216,-2.3333333333333335,3.0,22.716666666666665,1.0,1e-09,1.9354371e-07,-6.713534
2015-11-28 01:00:00,6.665424,-5.5606775,-0.12355932,292.23395,16.297678,2.7876785,1.7333333333333334,8.0,34.36666666666667,1.0,1e-09,1.9365832e-07,-6.7130513
2015-11-28 02:00:00,6.0081816,-6.266591,5.0815907,297.54706,15.576178,2.7582352,3.45,11.0,20.383333333333333,1.0,1e-09,1.8937658e-07,-6.7227163
2015-11-28 03:00:00,7.8832207,-8.07,2.3537288,301.55554,16.44352,3.0051851,6.133333333333334,12.0,27.95,1.0,1e-09,1.9187287e-07,-6.7170353
2015-11-28 04:00:00,5.985,-9.307667,1.6181667,309.87143,17.727552,3.420204,7.633333333333334,13.0,33.03333333333333,1.0,1e-09,1.8050012e-07,-6.7437687
2015-11-28 05:00:00,3.5540001,-11.324833,-0.71266663,315.41336,16.614166,3.3078334,8.0,13.0,51.6,1.0,1e-09,1.9206828e-07,-6.7179213
2015-11-28 06:00:00,4.9225,-9.990577,-2.6625,302.43332,17.423332,3.2036111,5.916666666666667,11.0,60.016666666666666,0.6666666666666666,1e-09,1.7033214e-07,-6.768888
2015-11-28 07:00:00,2.818305,-10.492034,-2.0349152,316.79,18.909399,3.8054001,8.783333333333333,13.0,113.98333333333333,0.6666666666666666,1e-09,1.7368572e-07,-6.7603407
2015-11-28 08:00:00,4.5127583,-8.883276,3.5629308,310.40683,19.221136,3.7093184,9.0,13.0,88.53333333333333,0.6666666666666666,1e-09,1.7626516e-07,-6.753901
2015-11-28 09:00:00,7.2441072,-8.491786,2.31125,302.2674,18.899565,3.455,8.633333333333333,11.0,37.65,1.3333333333333333,1e-09,1.8148374e-07,-6.7427464
2015-11-28 10:00:00,7.3069644,-7.9773216,-1.8482143,302.07874,20.993618,3.8319151,10.216666666666667,11.0,24.233333333333334,1.3333333333333333,1e-09,2.0008187e-07,-6.702668
2015-11-28 11:00:00,2.8355355,-3.0764287,-9.184464,312.60446,23.970222,4.689778,4.4,5.0,85.16666666666667,1.3333333333333333,2.7905318e-09,5.217665e-07,-6.289397
2015-11-28 12:00:00,7.317143,-5.0430613,-8.936531,305.45926,20.708889,3.8607407,-7.85,-7.0,324.15,2.3333333333333335,1.0475406e-09,3.4552502e-07,-6.4691715
2015-11-28 13:00:00,5.780678,-8.734577,-3.4749153,304.28113,22.834528,4.2290564,-10.15,-11.0,307.4166666666667,2.3333333333333335,1.00173e-09,2.3344982e-07,-6.6326737
2015-11-28 14:00:00,4.435862,-8.993966,-1.2798276,307.66226,24.232641,4.5892453,-3.8833333333333333,-5.0,124.5,2.3333333333333335,1e-09,2.1140868e-07,-6.6758256
2015-11-28 15:00:00,5.5684996,-8.025333,1.1358334,306.3614,26.360527,4.9480705,2.216666666666667,0.0,61.083333333333336,1.0,1.0003345e-09,3.0803267e-07,-6.5192394
2015-11-28 16:00:00,5.454222,-4.7522225,2.053111,307.17932,27.536898,5.194138,7.583333333333333,7.0,44.78333333333333,1.0,1e-09,3.0022963e-07,-6.5236344
2015-11-28 17:00:00,6.185965,-5.6019297,5.3750877,314.2782,26.11109,5.1634545,6.05,8.0,38.46666666666667,1.0,1e-09,2.3179118e-07,-6.6360908
2015-11-28 18:00:00,6.298333,-6.734,-0.5155,310.64,25.2136,4.867,6.933333333333334,11.0,37.03333333333333,2.3333333333333335,1e-09,1.9261282e-07,-6.7156086
2015-11-28 19:00:00,5.4194736,-5.4007015,-4.429123,314.92776,26.700554,5.2957406,4.983333333333333,10.0,92.58333333333333,2.3333333333333335,1e-09,1.8141633e-07,-6.74145
2015-11-28 20:00:00,1.881,-4.1495,-8.678833,318.164,28.885,5.8529997,-1.1666666666666667,3.0,379.8333333333333,2.3333333333333335,1e-09,1.7614407e-07,-6.7544374
2015-11-28 21:00:00,5.1618643,-5.197966,-3.7957628,330.05188,23.361668,5.0555553,-16.533333333333335,-9.0,547.3166666666667,2.6666666666666665,1e-09,1.7387315e-07,-6.759847
2015-11-28 22:00:00,9.215166,-6.3726664,-0.6646667,324.75183,16.742777,3.5427778,-17.466666666666665,-11.0,281.1,2.6666666666666665,1e-09,1.6781472e-07,-6.7752786
2015-11-28 23:00:00,10.277166,-1.735,-1.3598332,308.82956,14.478637,2.7602272,-17.533333333333335,-12.0,150.46666666666667,2.6666666666666665,1e-09,1.6316785e-07,-6.7874537
2015-11-29 00:00:00,9.3880005,-1.5788333,2.8170002,315.18512,15.390851,3.0582979,-15.416666666666666,-9.0,62.38333333333333,1.0,1e-09,1.6943825e-07,-6.7724423
2015-11-29 01:00:00,6.823833,-0.9131667,6.4918337,331.30563,14.626415,3.2033963,-11.866666666666667,-7.0,30.8,1.0,1e-09,1.6339209e-07,-6.787107
2015-11-29 02:00:00,0.8667857,4.707143,8.176785,359.18158,11.876053,3.0639474,-11.35,-9.0,25.716666666666665,1.0,1e-09,1.6961626e-07,-6.7706537
2015-11-29 03:00:00,3.6513333,0.23166662,7.735,364.85385,10.36,2.753077,-9.716666666666667,-8.0,22.083333333333332,1.0,1e-09,2.2056079e-07,-6.659513
2015-11-29 04:00:00,6.1524997,-7.0308332,2.2313335,395.19388,10.458367,3.2814283,-4.166666666666667,-3.0,26.65,1.0,1e-09,1.9465291e-07,-6.7123537
2015-11-29 05:00:00,8.132444,-7.6408887,3.4259999,407.44516,12.393226,4.116129,2.216666666666667,5.0,51.416666666666664,1.0,1e-09,1.8747541e-07,-6.727744
2015-11-29 06:00:00,10.650509,-4.764576,8.369661,416.06223,13.165111,4.552889,4.45,7.0,33.9,1.6666666666666665,2.3764142e-09,2.8504354e-07,-6.5697527
2015-11-29 07:00:00,8.670667,-4.8023334,10.226334,415.3409,14.542273,5.0190907,4.133333333333334,6.0,17.816666666666666,1.6666666666666665,2.8185738e-09,4.6175788e-07,-6.347455
2015-11-29 08:00:00,4.4215,-7.3995,0.8015001,417.56152,12.680577,4.430769,4.05,6.0,32.93333333333333,1.6666666666666665,1e-09,2.755225e-07,-6.566165
2015-11-29 09:00:00,2.5272415,-6.9943104,-4.831724,415.89752,12.01025,4.17225,-5.533333333333333,-3.0,120.15,1.6666666666666665,1e-09,1.8700689e-07,-6.7284374
2015-11-29 10:00:00,5.7875443,-2.9566667,1.7015789,407.75,16.034166,5.328125,-10.083333333333334,-10.0,153.43333333333334,1.6666666666666665,1e-09,2.094709e-07,-6.679647
2015-11-29 11:00:00,4.1972413,-4.368621,2.8134482,409.55478,18.921667,6.348571,-7.3,-6.0,112.25,1.6666666666666665,1e-09,1.8542525e-07,-6.731877
2015-11-29 12:00:00,4.1235185,-4.117963,0.29833335,405.5,17.032143,5.6,-4.616666666666666,-3.0,71.31666666666666,2.0,1e-09,1.7815596e-07,-6.7492886
2015-11-29 13:00:00,0.17650001,-5.934833,-2.1875,418.71335,16.360666,5.7385,-4.45,-1.0,141.41666666666666,2.0,1e-09,1.705645e-07,-6.7682166
2015-11-29 14:00:00,2.1812727,-4.748909,-0.3218182,407.21002,14.454249,4.80575,-3.566666666666667,-1.0,182.66666666666666,2.0,1e-09,1.7735583e-07,-6.7513294
2015-11-29 15:00:00,5.1143637,-4.071091,1.2216364,401.13937,11.172121,3.5866666,-3.966666666666667,-2.0,81.4,1.6666666666666665,1e-09,1.7935947e-07,-6.7465796
2015-11-29 16:00:00,5.0418334,-7.051,1.2655,401.25787,9.654386,3.1138597,-4.4,-3.0,55.583333333333336,1.6666666666666665,1e-09,1.6952976e-07,-6.770841
2015-11-29 17:00:00,4.045,-8.113333,0.6985,404.33774,9.689246,3.1690567,-2.5,-2.0,65.76666666666667,1.6666666666666665,1e-09,1.6693694e-07,-6.777591
2015-11-29 18:00:00,0.07586209,-6.2198277,-1.6689656,417.9309,11.364545,4.0518184,-0.6666666666666666,3.0,320.9166666666667,3.0,1e-09,1.7170292e-07,-6.766454
2015-11-29 19:00:00,-7.2146554,0.37603447,-5.3601723,444.45456,19.683182,7.7670455,1.0,6.0,462.3,3.0,1e-09,1.7226822e-07,-6.7640567
2015-11-29 20:00:00,-4.8288336,-4.9929996,-3.0709999,444.4111,18.839073,7.4290743,-8.5,-1.0,558.1333333333333,3.0,1e-09,1.6958235e-07,-6.7707577
2015-11-29 21:00:00,-6.690862,-1.6975862,-4.2903447,453.91,17.062,7.0358,-14.0,-8.0,606.6666666666666,3.0,1e-09,1.7948683e-07,-6.74645
2015-11-29 22:00:00,-6.165179,1.6307143,-4.5366073,455.12,16.849333,6.978667,-22.033333333333335,-15.0,399.68333333333334,3.0,1e-09,2.7539596e-07,-6.5650496
2015-11-29 23:00:00,-7.135965,2.8422806,-2.7050877,460.1694,20.63653,8.721632,-22.316666666666666,-14.0,425.98333333333335,3.0,1e-09,2.7259674e-07,-6.565461
2015-11-30 00:00:00,-3.726,0.54399997,-1.9004999,448.01358,22.48661,9.020509,-19.383333333333333,-11.0,339.78333333333336,3.0,1e-09,2.25803e-07,-6.6481857
2015-11-30 01:00:00,-4.4746,-0.30380002,-0.8404,450.24887,21.588444,8.755333,-20.05,-12.0,326.03333333333336,3.0,1e-09,2.0546537e-07,-6.687482
2015-11-30 02:00:00,-2.3787932,0.5701724,-1.9313792,440.08627,21.683332,8.401765,-15.016666666666667,-10.0,160.55,3.0,1e-09,2.006702e-07,-6.697688
2015-11-30 03:00:00,0.017333338,0.52644444,-1.0204445,438.8317,22.742928,8.757073,-11.116666666666667,-6.0,138.85,3.3333333333333335,1e-09,2.151208e-07,-6.667999
2015-11-30 04:00:00,2.4398334,-0.7583333,-2.7138333,433.56183,26.076908,9.802182,-7.816666666666666,-3.0,255.85,3.3333333333333335,1e-09,2.4116537e-07,-6.6179757
2015-11-30 05:00:00,1.3410344,-1.3977586,-2.7610345,434.36343,29.489513,11.149268,-0.25,1.0,480.25,3.3333333333333335,1.0010379e-09,2.4731804e-07,-6.607879
2015-11-30 06:00:00,1.1590196,-0.4054902,0.69764704,446.89688,30.304375,12.100625,6.966666666666667,9.0,209.58333333333334,5.0,1.2066348e-09,2.7148255e-07,-6.5673523
2015-11-30 07:00:00,-7.088772,-0.92350876,-5.4307017,438.35333,25.536665,9.813001,-0.7166666666666667,2.0,150.13333333333333,5.0,1e-09,2.6547767e-07,-6.57603
2015-11-30 08:00:00,-3.8803334,6.150833,-6.0210004,453.38666,23.457,9.668333,-19.666666666666668,-15.0,697.5,5.0,1.8546432e-08,4.135716e-07,-6.4368796
2015-11-30 09:00:00,-3.1658332,3.6063335,-4.3673334,495.82,9.236,4.5005,-26.133333333333333,-24.0,674.5,3.6666666666666665,1.163861e-08,3.3386306e-07,-6.488441
2015-11-30 10:00:00,-5.3170834,5.429375,-4.738333,517.832,7.2072005,3.8723998,-33.06666666666667,-31.0,645.2333333333333,3.6666666666666665,9.274377e-09,2.3201588e-07,-6.6347127
2015-11-30 11:00:00,-6.522143,4.938095,-3.2007146,506.28888,6.474815,3.3214815,-42.95,-42.0,475.3666666666667,3.6666666666666665,7.686882e-09,2.409869e-07,-6.619288
2015-11-30 12:00:00,,,,,,,-41.35,-39.0,259.6,2.3333333333333335,2.6352105e-09,3.3893087e-07,-6.4710865
2015-11-30 13:00:00,,,,,,,-41.06666666666667,-37.0,85.11666666666666,2.3333333333333335,1.0837495e-09,3.0507556e-07,-6.51588
2015-11-30 14:00:00,-3.9116669,2.1944444,1.1522222,526.65717,3.982143,2.2085714,-37.35,-32.0,131.95,2.3333333333333335,1.0797397e-09,2.9433332e-07,-6.5317216
2015-11-30 15:00:00,-2.2216668,2.846,0.83916664,517.698,3.9589999,2.12,-32.53333333333333,-27.0,155.78333333333333,1.6666666666666665,1.5666758e-09,3.8908414e-07,-6.4107723
2015-11-30 16:00:00,-3.0278332,1.2491666,0.55866665,491.58597,4.5505266,2.1959648,-30.383333333333333,-26.0,147.21666666666667,1.6666666666666665,2.49351e-09,3.2697315e-07,-6.4994445
2015-11-30 17:00:00,2.0038598,2.7750876,1.0326316,520.8909,3.9175758,2.1178787,-25.966666666666665,-22.0,164.75,1.6666666666666665,1.068524e-08,5.8378106e-07,-6.270544
2015-11-30 18:00:00,-0.9059322,2.7930508,1.0945764,498.4383,4.427234,2.1814892,-21.15,-17.0,116.53333333333333,2.3333333333333335,1e-09,2.3746131e-07,-6.627222
2015-11-30 19:00:00,-4.787667,-1.66,-1.9445,525.1778,3.2601852,1.7985185,-20.983333333333334,-17.0,106.06666666666666,2.3333333333333335,1e-09,1.9226022e-07,-6.716202
2015-11-30 20:00:00,-0.71508473,1.5430509,2.5569491,523.47345,3.284898,1.805102,-22.3,-19.0,202.86666666666667,2.3333333333333335,1e-09,1.9642329e-07,-6.7077317
2015-11-30 21:00:00,-0.20533332,1.7375,1.2043334,520.3018,3.1655357,1.71375,-20.566666666666666,-17.0,125.05,2.3333333333333335,7.790932e-09,4.6184547e-07,-6.372295
2015-11-30 22:00:00,3.851,2.903,1.3995,472.67194,5.3349123,2.377193,-18.95,-13.0,155.03333333333333,2.3333333333333335,3.940932e-09,4.4154086e-07,-6.3789587
2015-11-30 23:00:00,3.0695,3.9793332,1.5386666,466.434,6.6856,2.9046,-18.116666666666667,-12.0,175.18333333333334,2.3333333333333335,1e-09,2.4441007e-07,-6.612089
2015-12-01 00:00:00,3.4354239,3.3589833,0.5398305,453.9915,4.190851,1.7280852,-8.583333333333334,-17.0,69.11666666666666,2.3333333333333335,1e-09,2.5133494e-07,-6.600009
2015-12-01 01:00:00,-0.6274545,1.8687272,-0.52690905,444.48865,5.1097727,2.016818,-7.5,-15.0,68.1,2.3333333333333335,1e-09,2.3399225e-07,-6.6322227
2015-12-01 02:00:00,2.9236667,4.2215,1.1775,451.71695,4.104237,1.6774577,-11.4,-16.0,127.35,2.3333333333333335,1e-09,2.3595857e-07,-6.6278033
2015-12-01 03:00:00,2.6871667,4.039167,1.3978333,451.38666,5.0295,2.0488334,-9.516666666666667,-15.0,182.38333333333333,3.0,1.0397286e-09,2.8530388e-07,-6.5607395
2015-12-01 04:00:00,2.1296666,1.6875,0.9463333,441.18695,3.075435,1.1969565,-11.65,-17.0,60.483333333333334,3.0,1.317538e-08,6.9909623e-07,-6.181682
2015-12-01 05:00:00,1.0908333,1.671,0.89150006,428.88,2.678182,0.98618186,-7.716666666666667,-15.0,30.366666666666667,3.0,1.0723707e-09,3.781485e-07,-6.4309464
2015-12-01 06:00:00,-0.32220337,2.5501697,0.13661018,430.8125,3.11975,1.1582501,-2.6666666666666665,-12.0,49.4,1.0,1.0339899e-09,2.87838e-07,-6.5500937
2015-12-01 07:00:00,1.9993104,1.2139655,1.1668966,436.15662,4.4720755,1.7041509,0.06666666666666667,-11.0,100.03333333333333,1.0,1.0088784e-09,2.0468315e-07,-6.6915736
2015-12-01 08:00:00,1.3823334,-3.6421666,0.29316667,462.21063,7.1351066,3.048298,6.9,-4.0,67.76666666666667,1.0,6.472242e-08,1.1366517e-06,-6.114387
2015-12-01 09:00:00,-2.2515788,-2.6878948,-0.91982454,492.3596,5.7392306,2.7771153,9.083333333333334,-2.0,341.9166666666667,2.0,4.5970285e-09,2.3079373e-07,-6.637281
2015-12-01 10:00:00,-2.8983333,2.1961668,-2.154,491.80386,4.458077,2.156923,4.0,-7.0,315.03333333333336,2.0,1.1969875e-09,2.0988247e-07,-6.6780915
2015-12-01 11:00:00,-1.7298334,6.2440004,-1.6628333,492.08728,4.681091,2.2676363,-8.116666666666667,-21.0,462.9,2.0,3.281759e-09,2.1479178e-07,-6.6700125
2015-12-01 12:00:00,-2.8813334,1.6408333,-1.5178334,512.77454,3.1509802,1.6488235,-18.9,-32.0,541.1166666666667,3.0,7.609921e-09,2.444739e-07,-6.612184
2015-12-01 13:00:00,-4.8216662,-1.0893333,0.9026667,518.2163,2.7304652,1.4667442,-13.983333333333333,-31.0,393.05,3.0,2.7691265e-09,2.2107866e-07,-6.6555777
2015-12-01 14:00:00,1.4038334,2.1313334,-0.36433333,532.5291,3.0907273,1.7530909,-10.716666666666667,-25.0,431.2,3.0,2.7943696e-09,2.9872945e-07,-6.528677
2015-12-01 15:00:00,-1.2693334,4.838,-1.7613333,545.51666,3.1196299,1.8559259,-15.483333333333333,-24.0,675.7833333333333,3.6666666666666665,9.946361e-09,3.379532e-07,-6.475393
2015-12-01 16:00:00,-1.0701923,4.2440386,-1.261923,533.1158,3.6436844,2.0705264,-15.183333333333334,-25.0,651.8166666666667,3.6666666666666665,1.9716972e-09,2.2657514e-07,-6.648413
2015-12-01 17:00:00,-0.9166667,4.1748333,-0.34850004,520.252,3.7726002,2.0434,-13.183333333333334,-23.0,579.2833333333333,3.6666666666666665,1.4710917e-09,2.0846369e-07,-6.6818314
2015-12-01 18:00:00,2.6422033,4.9572883,-0.053559314,532.288,3.6984,2.0928,-11.783333333333333,-22.0,276.23333333333335,2.6666666666666665,1.0725622e-09,2.0595546e-07,-6.6865764
2015-12-01 19:00:00,-7.0163336,0.7621667,-2.9311666,499.54166,4.7316666,2.345,-16.416666666666668,-26.0,350.3333333333333,2.6666666666666665,1.0192279e-09,1.9198119e-07,-6.717163
2015-12-01 20:00:00,-8.458667,1.3741666,-0.8541667,486.94232,4.2476926,2.0138462,-25.95,-34.0,452.06666666666666,2.6666666666666665,1e-09,1.7967393e-07,-6.745667
2015-12-01 21:00:00,-7.1023335,3.9498334,-1.007,482.13184,4.0470457,1.8772727,-26.216666666666665,-33.0,321.0,3.6666666666666665,1e-09,1.820397e-07,-6.7401547
2015-12-01 22:00:00,-5.7543397,3.9203773,-2.0384905,481.64902,4.305686,1.9960785,-19.516666666666666,-27.0,418.95,3.6666666666666665,1.0061556e-09,1.977271e-07,-6.7051907
2015-12-01 23:00:00,-5.228679,4.789434,-0.9426415,475.12143,3.8780954,1.75,-18.25,-26.0,357.95,3.6666666666666665,1.000346e-09,2.009392e-07,-6.6972594
2015-12-02 00:00:00,-4.132373,5.8837285,-0.3937288,466.6604,3.6985416,1.6116667,-17.266666666666666,-28.0,125.73333333333333,2.0,1e-09,1.9649401e-07,-6.707048
2015-12-02 01:00:00,-2.3081667,5.5173335,-0.028833333,454.91,3.915,1.6188,-20.033333333333335,-29.0,174.06666666666666,2.0,1e-09,1.94285e-07,-6.7118273
2015-12-02 02:00:00,-5.1364703,2.0560784,0.69352937,442.56046,4.9072094,1.9223256,-17.316666666666666,-26.0,154.63333333333333,2.0,1e-09,2.0211994e-07,-6.695282
2015-12-02 03:00:00,-5.0266104,2.7315254,-1.2847458,444.28656,4.4921155,1.7717307,-17.3,-26.0,116.96666666666667,2.0,1e-09,2.3230696e-07,-6.636351
2015-12-02 04:00:00,-4.9306664,2.223,-1.0586667,442.96384,4.0959573,1.606383,-15.883333333333333,-25.0,132.71666666666667,2.0,6.8913636e-08,1.0704123e-06,-6.1346903
2015-12-02 05:00:00,-4.3422413,2.3572414,-0.7506897,441.82083,3.3789585,1.3179166,-14.633333333333333,-23.0,73.3,2.0,1.2233452e-08,6.781581e-07,-6.2087955
2015-12-02 06:00:00,-4.0676665,3.1426666,-1.0613333,442.70575,3.169423,1.2415384,-11.6,-22.0,116.6,2.6666666666666665,1e-09,2.7102632e-07,-6.5694256
2015-12-02 07:00:00,-3.2861667,3.582167,0.5543333,444.54483,2.7544827,1.0893104,-12.45,-23.0,114.41666666666667,2.6666666666666665,1e-09,2.2255944e-07,-6.653205
2015-12-02 08:00:00,-4.1275,2.6776667,-0.50916666,432.53125,2.5108333,0.939375,-7.316666666666666,-21.0,336.06666666666666,2.6666666666666665,4.80132e-09,2.0270684e-07,-6.6931705
2015-12-02 09:00:00,-3.7983332,3.4658332,-1.7685,431.44116,2.569608,0.9576471,-6.683333333333334,-20.0,166.73333333333332,1.3333333333333333,1.330621e-09,1.9330678e-07,-6.71399
2015-12-02 10:00:00,-4.2691665,2.9603333,-1.9631667,410.21002,2.519,0.84799993,-11.433333333333334,-24.0,322.1,1.3333333333333333,1.0902228e-09,2.313442e-07,-6.636833
2015-12-02 11:00:00,,,,,,,-15.966666666666667,-29.0,469.0833333333333,1.3333333333333333,1.1673086e-09,2.07741e-07,-6.683726
2015-12-02 12:00:00,-3.9861112,2.5703704,-2.3368518,402.92957,2.3956819,0.77863634,-17.45,-29.0,362.03333333333336,2.3333333333333335,1.013854e-09,1.8837349e-07,-6.7250433
2015-12-02 13:00:00,-3.1226666,4.0276666,-2.4785001,409.13528,2.3585296,0.7897059,-14.766666666666667,-26.0,292.06666666666666,2.3333333333333335,1.0057789e-09,1.9195068e-07,-6.7168536
2015-12-02 14:00:00,-4.023333,3.7621665,-1.2403333,410.48108,2.1586487,0.72675675,-11.15,-21.0,370.05,2.3333333333333335,1.930723e-09,1.9556174e-07,-6.7087655
2015-12-02 15:00:00,-3.08375,3.8185713,-1.9353571,421.8897,2.6923077,0.95794874,-7.333333333333333,-18.0,322.03333333333336,2.3333333333333335,2.0668567e-09,1.9631379e-07,-6.7071443
2015-12-02 16:00:00,-2.6633334,4.5841665,-0.91733336,425.83603,2.7942002,1.0136,-5.85,-18.0,255.53333333333333,2.3333333333333335,1.2030414e-09,1.9260185e-07,-6.715402
2015-12-02 17:00:00,-3.2666101,3.3937287,-1.3571186,419.35602,3.1138,1.0918,-3.566666666666667,-17.0,205.76666666666668,2.3333333333333335,1.0606573e-09,1.9420217e-07,-6.7118087
2015-12-02 18:00:00,-3.183077,1.9569231,-1.5026923,427.12897,3.8010528,1.3910526,-3.6166666666666667,-16.0,141.83333333333334,1.6666666666666665,1.2999515e-08,4.6132183e-07,-6.3954434
2015-12-02 19:00:00,-2.5463157,2.1242106,-3.9364913,426.96664,3.646923,1.3307693,-7.433333333333334,-17.0,234.76666666666668,1.6666666666666665,1.7804662e-09,3.1839284e-07,-6.507403
2015-12-02 20:00:00,-3.2273684,3.723421,-1.7260525,422.1875,3.543125,1.2653126,-14.15,-21.0,281.45,1.6666666666666665,1.001667e-09,2.3421097e-07,-6.630921
2015-12-02 21:00:00,-3.1781666,3.9115,0.7686666,424.0396,3.4099998,1.230566,-12.716666666666667,-20.0,96.21666666666667,1.6666666666666665,1.0006919e-09,2.1166248e-07,-6.6744165
2015-12-02 22:00:00,-3.7447274,-0.32018182,3.1396365,419.85715,3.4885714,1.2294285,-9.616666666666667,-18.0,53.38333333333333,1.6666666666666665,1.000346e-09,2.1639194e-07,-6.6648703
2015-12-02 23:00:00,-3.461,2.3274999,1.885,422.5039,3.530196,1.2607844,-7.866666666666666,-17.0,41.28333333333333,1.6666666666666665,1.0178399e-09,2.7277093e-07,-6.566313
2015-12-03 00:00:00,-4.300339,2.338983,-0.39101693,417.0694,3.8661225,1.3444897,-8.333333333333334,-18.0,52.36666666666667,1.0,1.0046602e-09,3.1497453e-07,-6.502024
2015-12-03 01:00:00,-3.849,1.9868333,1.5505,418.36206,3.532069,1.2377586,-12.166666666666666,-21.0,37.35,1.0,1e-09,2.6416103e-07,-6.5784383
2015-12-03 02:00:00,-3.0959184,2.2130613,-0.87714285,421.6875,3.88875,1.3842499,-10.233333333333333,-19.0,33.56666666666667,1.0,1.0013325e-09,2.941379e-07,-6.5325646
2015-12-03 03:00:00,-3.5083637,2.8834546,-1.3014545,415.67825,3.660435,1.268913,-8.733333333333333,-19.0,23.6,1.3333333333333333,1e-09,2.4143245e-07,-6.617452
2015-12-03 04:00:00,-3.262353,3.1135292,-1.8686275,417.8475,3.84625,1.347,-7.183333333333334,-17.0,31.816666666666666,1.3333333333333333,1e-09,2.2461133e-07,-6.648703
2015-12-03 05:00:00,-4.0294642,3.0103571,-1.0639285,409.42896,3.6697369,1.2313159,-5.5,-15.0,78.9,1.3333333333333333,1e-09,2.2516873e-07,-6.647639
2015-12-03 06:00:00,-4.358644,2.6276271,1.2091525,402.51862,3.353256,1.0890698,-2.8666666666666667,-13.0,42.81666666666667,1.0,2.8038274e-08,8.002527e-07,-6.127222
2015-12-03 07:00:00,-4.271346,3.3301923,0.4969231,403.6326,3.5341306,1.1526088,1.0333333333333334,-11.0,45.81666666666667,1.0,1.0075839e-09,2.9604206e-07,-6.536789
2015-12-03 08:00:00,-3.332766,4.283191,-0.40085107,412.875,3.5790625,1.224375,1.2166666666666666,-12.0,103.63333333333334,1.0,1e-09,2.2348488e-07,-6.6508484
2015-12-03 09:00:00,-2.8716948,4.225932,1.0947458,415.35715,3.705,1.2795238,1.6,-11.0,106.28333333333333,0.3333333333333333,1e-09,2.2650725e-07,-6.645131
2015-12-03 10:00:00,-3.9825926,3.2683334,-0.27685186,397.92978,3.590851,1.139149,1.1833333333333333,-11.0,51.2,0.3333333333333333,1e-09,2.257671e-07,-6.6464057
2015-12-03 11:00:00,-3.3958333,1.044,3.5089998,405.11462,3.797561,1.2482927,0.08333333333333333,-12.0,31.9,0.3333333333333333,1e-09,2.1622009e-07,-6.6652093
2015-12-03 12:00:00,-4.9775,1.9050001,1.4838333,384.28476,3.19,0.9426087,1.6666666666666667,-11.0,23.583333333333332,0.3333333333333333,1e-09,1.9848935e-07,-6.7024755
2015-12-03 13:00:00,-4.0444646,3.4855359,-0.8132143,390.1159,3.5379546,1.0781817,0.7,-12.0,26.8,0.3333333333333333,1e-09,1.9256984e-07,-6.715442
2015-12-03 14:00:00,-4.2804165,2.2889583,1.1691667,387.75198,3.5004,1.0544,-0.03333333333333333,-13.0,43.38333333333333,0.3333333333333333,1e-09,2.0246561e-07,-6.693942
2015-12-03 15:00:00,-4.262203,2.9391527,0.23440678,389.03333,3.4935896,1.0576923,0.5166666666666667,-12.0,40.86666666666667,0.3333333333333333,1e-09,2.1435842e-07,-6.6690083
2015-12-03 16:00:00,-5.0981665,1.5191667,-0.100833334,385.186,3.7862,1.1234,1.8833333333333333,-11.0,54.78333333333333,0.3333333333333333,1e-09,2.1818904e-07,-6.661734
2015-12-03 17:00:00,-2.82625,2.0230358,0.6353572,384.32693,4.105769,1.2123077,5.566666666666666,-10.0,52.05,0.3333333333333333,1.137125e-09,2.859894e-07,-6.547945
2015-12-03 18:00:00,-4.9166665,1.2926667,1.5663334,381.18927,4.1064286,1.19375,6.133333333333334,-8.0,34.38333333333333,1.0,1.006675e-09,2.3558916e-07,-6.6290007
2015-12-03 19:00:00,-2.5468965,4.6277585,0.80844826,394.92,3.8193333,1.1866667,7.216666666666667,-6.0,27.416666666666668,1.0,1.000346e-09,2.3944943e-07,-6.6223917
2015-12-03 20:00:00,-0.045,5.3603334,0.11683333,408.1472,3.8222642,1.27,5.75,-4.0,84.28333333333333,1.0,-14999.85,-14999.85,-6.5870647
2015-12-03 21:00:00,-2.5401723,4.0027585,-1.0098276,392.42856,4.238333,1.3057142,1.0333333333333334,-7.0,84.18333333333334,1.3333333333333333,5.5140945e-09,4.774636e-07,-6.349703
2015-12-03 22:00:00,-4.1953573,2.28,0.15392855,369.41464,4.5792685,1.2514634,-1.2166666666666666,-9.0,73.56666666666666,1.3333333333333333,3.2705534e-09,4.4716586e-07,-6.367429
2015-12-03 23:00:00,-4.300333,1.9833333,1.7781667,370.6585,4.9486794,1.3632076,-0.48333333333333334,-10.0,69.71666666666667,1.3333333333333333,1.0053441e-09,3.236403e-07,-6.490581
2015-12-04 00:00:00,-4.3801665,1.0716667,1.142,373.15,4.1756,1.1612,4.25,-8.0,30.65,1.0,1.0020129e-09,3.1831587e-07,-6.4984446
2015-12-04 01:00:00,-3.6601667,2.7153332,-1.5736667,373.99524,4.935,1.3811904,1.8666666666666667,-9.0,30.416666666666668,1.0,1.0010379e-09,3.0831745e-07,-6.514748
2015-12-04 02:00:00,-3.6098304,3.342712,-0.7620339,370.6037,5.40037,1.4855555,2.05,-8.0,29.633333333333333,1.0,1.760302e-09,3.2428179e-07,-6.505453
2015-12-04 03:00:00,-3.717288,3.7457628,-0.58186436,371.38065,5.3580647,1.4825807,0.6833333333333333,-10.0,48.61666666666667,2.3333333333333335,1.008238e-09,2.9807464e-07,-6.529363
2015-12-04 04:00:00,-4.6555004,3.297,0.3215,363.388,4.9628,1.31,-1.7666666666666666,-13.0,81.73333333333333,2.3333333333333335,1.0106368e-09,2.8613366e-07,-6.5494313
2015-12-04 05:00:00,-3.7245,5.038833,-0.1545,362.00858,4.250857,1.1148572,1.8666666666666667,-11.0,47.43333333333333,2.3333333333333335,1.3134698e-08,4.6629737e-07,-6.398734
2015-12-04 06:00:00,-4.5331664,4.8588333,-0.48783335,362.476,4.0156,1.0552001,4.983333333333333,-9.0,116.0,1.3333333333333333,1e-09,2.902674e-07,-6.542646
2015-12-04 07:00:00,-4.311333,4.539167,-1.1001667,369.1469,4.702857,1.2816327,5.316666666666666,-9.0,151.73333333333332,1.3333333333333333,-1666.65,-1666.65,-6.622494
2015-12-04 08:00:00,-4.042353,4.3441176,-0.4809804,377.29486,4.493846,1.2787179,3.533333333333333,-9.0,118.08333333333333,1.3333333333333333,1e-09,2.3994315e-07,-6.6206946
2015-12-04 09:00:00,-4.0521054,4.2535086,2.667193,376.14398,4.4368,1.2565999,3.0,-10.0,85.28333333333333,0.3333333333333333,1.0548901e-09,2.745474e-07,-6.56872
2015-12-04 10:00:00,-4.725283,3.233396,2.8683019,371.5787,4.5289364,1.2512766,2.6333333333333333,-10.0,73.65,0.3333333333333333,1.003318e-09,3.3509238e-07,-6.477239
2015-12-04 11:00:00,-4.33,3.7947369,1.9261403,367.19998,4.8288636,1.3009092,2.433333333333333,-9.0,78.01666666666667,0.3333333333333333,1e-09,2.9298283e-07,-6.5335326
2015-12-04 12:00:00,-4.497143,3.787857,2.1567857,367.02368,5.208421,1.4021052,1.8666666666666667,-10.0,67.28333333333333,0.3333333333333333,1e-09,2.6535233e-07,-6.576518
2015-12-04 13:00:00,-4.177966,3.3255932,0.90254235,370.4848,4.9423914,1.3584783,4.166666666666667,-8.0,90.38333333333334,0.3333333333333333,1.0042875e-09,2.8935662e-07,-6.541433
2015-12-04 14:00:00,-2.3779998,5.612833,-0.34083334,380.54236,4.896441,1.4169492,4.966666666666667,-7.0,142.41666666666666,0.3333333333333333,3.9495105e-09,4.3175297e-07,-6.37513
2015-12-04 15:00:00,-2.8730001,5.2685,1.0680001,378.33102,4.849138,1.3889655,4.5,-6.0,136.71666666666667,0.6666666666666666,1.0078902e-09,3.3835326e-07,-6.471337
2015-12-04 16:00:00,-4.3203387,4.001695,0.8015254,369.6619,5.153333,1.4097619,4.683333333333334,-8.0,97.5,0.6666666666666666,-96665.7,-96665.7,-6.4707966
2015-12-04 17:00:00,-5.150339,2.8808475,2.4903388,375.33472,4.0283675,1.1326531,5.216666666666667,-7.0,62.03333333333333,0.6666666666666666,-63332.7,-63332.7,-5.9177837
2015-12-04 18:00:00,-5.923333,2.4245,2.6943333,370.8643,4.072381,1.117619,7.016666666666667,-4.0,31.066666666666666,0.3333333333333333,5.943731e-09,6.0550553e-07,-6.2316914
2015-12-04 19:00:00,-6.1091666,2.7913332,1.278,365.38333,5.132917,1.37,7.233333333333333,-4.0,27.066666666666666,0.3333333333333333,1.3700168e-09,3.7431957e-07,-6.429704
2015-12-04 20:00:00,-5.6755,0.6165,-3.7753334,364.71185,5.2784743,1.4033899,5.1,-5.0,15.566666666666666,0.3333333333333333,1.0037315e-09,3.2810257e-07,-6.4847097
2015-12-04 21:00:00,-5.6945004,-1.0413333,-3.47,361.8098,4.8939214,1.28,3.9166666666666665,-5.0,24.883333333333333,1.6666666666666665,1.0303024e-09,3.0549734e-07,-6.5156684
2015-12-04 22:00:00,-5.6173334,-2.0848334,-3.1715,359.79,4.8862,1.266,0.7333333333333333,-7.0,69.56666666666666,1.6666666666666665,1.1785509e-09,3.1511456e-07,-6.503896
2015-12-04 23:00:00,-5.725769,-2.2573075,-3.1411538,357.71063,5.377447,1.3765957,-0.6666666666666666,-8.0,181.41666666666666,1.6666666666666665,3.5877603e-09,3.0513746e-07,-6.534999
2015-12-05 00:00:00,-4.955263,5.0089474,-1.4194738,368.0154,6.7546153,1.8269231,-1.8333333333333333,-10.0,144.81666666666666,1.3333333333333333,1.026841e-09,2.741168e-07,-6.5658164
2015-12-05 01:00:00,-4.307,5.7265,1.3993334,372.12222,5.9666667,1.6544443,-3.8833333333333333,-12.0,66.48333333333333,1.3333333333333333,1.000346e-09,2.4200878e-07,-6.6169415
2015-12-05 02:00:00,-3.0443335,6.860833,1.6876667,379.05948,5.3362164,1.5348649,-3.216666666666667,-11.0,40.416666666666664,1.3333333333333333,1.000669e-09,2.4239634e-07,-6.6161923
2015-12-05 03:00:00,-3.6081667,6.675,0.7646667,379.30417,6.252917,1.7966666,0.06666666666666667,-8.0,93.65,1.3333333333333333,1e-09,2.6438587e-07,-6.578722
2015-12-05 04:00:00,-4.311667,5.4885,1.7426666,379.90802,5.8572,1.6888001,1.0833333333333333,-5.0,115.23333333333333,1.3333333333333333,1e-09,2.7025632e-07,-6.569265
2015-12-05 05:00:00,-5.288,6.354,0.56000006,378.875,6.1324997,1.76,3.0,-4.0,58.78333333333333,1.3333333333333333,1e-09,2.761536e-07,-6.559383
2015-12-05 06:00:00,-4.5581355,2.5694916,7.223898,383.92264,8.329622,2.4537737,9.466666666666667,2.0,63.233333333333334,3.6666666666666665,1e-09,2.5203153e-07,-6.5994105
2015-12-05 07:00:00,-2.73,5.688667,-3.5855,388.54544,8.769636,2.6445453,12.4,4.0,85.8,3.6666666666666665,1.0465478e-09,2.593666e-07,-6.590922
2015-12-05 08:00:00,-0.98285717,4.28125,-7.1948214,390.9413,10.537826,3.2236958,6.05,-5.0,488.3333333333333,3.6666666666666665,2.552568e-09,2.8432163e-07,-6.550262
2015-12-05 09:00:00,-5.0082,3.0456,-1.6276,399.67673,10.365116,3.3009303,-2.6333333333333333,-14.0,631.65,3.6666666666666665,3.3987233e-09,2.5887235e-07,-6.587518
2015-12-05 10:00:00,-3.596,4.1205,4.5438333,419.54053,8.043783,2.8464866,0.1,-11.0,138.45,3.6666666666666665,1.6189653e-09,2.9124715e-07,-6.5398564
2015-12-05 11:00:00,-5.068,6.8164997,2.3535001,407.7706,6.640196,2.212745,4.75,-7.0,87.45,3.6666666666666665,1e-09,2.5004053e-07,-6.602178
2015-12-05 12:00:00,-4.9296556,5.5720687,2.847069,407.84167,6.6508336,2.2119443,4.983333333333333,-7.0,108.38333333333334,2.3333333333333335,1e-09,2.7123795e-07,-6.5669403
2015-12-05 13:00:00,-4.5801697,6.722712,0.08186441,405.35,7.343,2.4228,3.8333333333333335,-9.0,360.46666666666664,2.3333333333333335,1.8340564e-09,2.8097486e-07,-6.553614
2015-12-05 14:00:00,-2.2401667,6.151833,0.3218333,417.1778,8.893333,3.1011112,1.7166666666666666,-11.0,269.03333333333336,2.3333333333333335,4.602526e-09,3.5096733e-07,-6.464361
2015-12-05 15:00:00,2.111017,5.0577965,-4.039322,445.18573,8.525476,3.3780954,-3.1666666666666665,-14.0,295.35,3.3333333333333335,2.157025e-08,6.494565e-07,-6.264405
2015-12-05 16:00:00,1.2669492,3.5805085,-3.275593,433.96826,8.199268,3.1048782,-11.7,-18.0,784.9333333333333,3.3333333333333335,3.600048e-08,7.5362345e-07,-6.1981807
2015-12-05 17:00:00,-3.9098277,1.6913793,0.6336207,422.92856,7.766939,2.7904081,-8.783333333333333,-21.0,520.5333333333333,3.3333333333333335,3.1081173e-09,3.3100923e-07,-6.486388
2015-12-05 18:00:00,-0.14499998,4.2315516,-1.676207,442.1766,7.890851,3.095319,-0.8833333333333333,-15.0,210.63333333333333,3.3333333333333335,1.0542273e-09,2.9255e-07,-6.5380917
2015-12-05 19:00:00,6.722931,3.5639656,-3.1636207,467.68,5.9240003,2.5928888,-1.8333333333333333,-14.0,361.93333333333334,3.3333333333333335,1.0106539e-09,2.8709636e-07,-6.5474153
2015-12-05 20:00:00,0.31018865,5.503019,-0.9467925,465.94165,5.1304164,2.2277083,-11.216666666666667,-19.0,523.1833333333333,3.3333333333333335,1.0405237e-09,3.1428038e-07,-6.504727
2015-12-05 21:00:00,-3.6856666,6.42,-0.5626667,462.19244,5.4052835,2.3116982,-16.133333333333333,-21.0,188.53333333333333,3.0,1.0020245e-09,2.6978577e-07,-6.5695944
2015-12-05 22:00:00,-3.2618644,5.3162713,-0.96101695,460.75198,6.2111998,2.6367998,-14.166666666666666,-18.0,370.26666666666665,3.0,1e-09,3.2668626e-07,-6.486647
2015-12-05 23:00:00,-3.9993334,5.041167,-0.6943333,461.63336,6.117255,2.607451,-11.883333333333333,-15.0,361.75,3.0,9.0316945e-09,5.370606e-07,-6.2880483
2015-12-06 00:00:00,-5.6352544,5.4176273,-0.9955932,467.27142,6.563928,2.8687499,-7.383333333333334,-13.0,188.5,2.0,1e-09,3.0786953e-07,-6.514277
2015-12-06 01:00:00,-3.3148334,5.872,0.3165,463.60876,7.9247365,3.4098246,-6.266666666666667,-11.0,180.1,2.0,1e-09,2.4649847e-07,-6.608487
2015-12-06 02:00:00,-4.2803774,6.414151,0.18547171,451.626,8.157001,3.3258,-7.3,-13.0,153.36666666666667,2.0,1e-09,2.9637076e-07,-6.5302997
2015-12-06 03:00:00,0.22566669,2.7301667,-6.3906665,447.80667,9.334,3.7433333,-8.433333333333334,-15.0,318.03333333333336,4.0,1.7422221e-09,2.658354e-07,-6.583575
2015-12-06 04:00:00,3.1464999,-0.9058333,-6.4215,459.17093,8.169818,3.4374545,-14.9,-20.0,579.2166666666667,4.0,1.1618552e-09,2.6755652e-07,-6.5735044
2015-12-06 05:00:00,2.427966,-1.7159321,-4.493898,468.78076,6.352308,2.7865384,-21.35,-22.0,419.31666666666666,4.0,1.0080465e-09,2.9468134e-07,-6.5353937
2015-12-06 06:00:00,0.9554545,0.3492727,-4.418909,476.8129,6.277742,2.8454838,-19.316666666666666,-22.0,405.46666666666664,2.6666666666666665,4.265114e-09,3.9891623e-07,-6.4248285
2015-12-06 07:00:00,1.4894828,1.4946553,-4.693276,485.4973,6.319189,2.9791894,-18.783333333333335,-24.0,352.8833333333333,2.6666666666666665,2.422604e-09,4.6837712e-07,-6.3389864
2015-12-06 08:00:00,-2.4516668,3.5836668,-3.1968334,477.44998,6.2197914,2.8393748,-20.133333333333333,-27.0,404.5,2.6666666666666665,1.0006919e-09,3.0127862e-07,-6.5232935
2015-12-06 09:00:00,-8.543509,0.092280686,-0.37421054,483.9846,6.189231,2.8984616,-15.65,-26.0,199.1,4.333333333333333,1e-09,2.7374531e-07,-6.5631113
2015-12-06 10:00:00,-4.202,4.3575,-3.1948333,495.55716,5.1344895,2.5436735,-10.216666666666667,-22.0,316.3666666666667,4.333333333333333,1.2639292e-09,2.876329e-07,-6.541786
2015-12-06 11:00:00,-0.54966664,8.299666,-3.7680001,528.90576,5.6809616,3.1811538,-15.9,-27.0,902.4333333333333,4.333333333333333,1.3610334e-08,2.9700246e-07,-6.5283337
2015-12-06 12:00:00,-4.748667,5.7348332,-4.8181667,506.22916,5.6875,2.916875,-14.283333333333333,-31.0,888.1833333333333,4.333333333333333,1.777432e-08,2.6838762e-07,-6.571657
2015-12-06 13:00:00,-7.5031667,4.158167,2.0658333,495.785,6.539,3.2137501,-23.15,-39.0,829.25,4.333333333333333,1.8991406e-08,2.7005035e-07,-6.5686564
2015-12-06 14:00:00,-4.9658337,4.4183335,0.40133336,519.64703,5.3015685,2.8209803,-16.133333333333333,-29.0,223.75,4.333333333333333,3.1137308e-09,2.7435834e-07,-6.561966
2015-12-06 15:00:00,-6.9179997,4.5385,-0.7896667,541.58844,4.983846,2.9265382,-15.95,-25.0,408.03333333333336,3.6666666666666665,1.2718595e-09,2.7314158e-07,-6.5646625
2015-12-06 16:00:00,-7.955,3.2666667,0.6806667,548.08844,4.5240383,2.7207692,-17.55,-23.0,483.93333333333334,3.6666666666666665,1.2585873e-09,2.5273133e-07,-6.597784
2015-12-06 17:00:00,-2.6181667,4.9461665,-0.7763334,600.8939,3.975102,2.859796,-11.8,-20.0,224.56666666666666,3.6666666666666665,1.0190733e-09,2.470075e-07,-6.607623
2015-12-06 18:00:00,-3.1445615,1.4252632,-1.254386,602.7769,3.0915384,2.246923,-12.05,-21.0,338.6666666666667,3.6666666666666665,1.0010033e-09,2.5124837e-07,-6.6002274
2015-12-06 19:00:00,-5.142034,-1.2198305,-1.9423728,573.975,3.2114284,2.1021428,-13.2,-22.0,601.9333333333333,3.6666666666666665,1.0140118e-09,2.6387232e-07,-6.5790634
2015-12-06 20:00:00,-6.657414,-1.8401725,0.5525862,528.2096,3.5692308,1.9909616,-18.016666666666666,-27.0,411.9,3.6666666666666665,4.1580623e-09,3.1881927e-07,-6.52916
2015-12-06 21:00:00,-6.986833,0.24550001,-1.039,521.2636,4.3934546,2.3865454,-15.05,-25.0,257.2,3.6666666666666665,1.2522082e-08,6.580122e-07,-6.2176986
2015-12-06 22:00:00,-6.0950003,-2.3266668,-2.3688333,527.1826,5.506739,3.0604348,-13.683333333333334,-20.0,232.25,3.6666666666666665,1.0010149e-09,2.8147625e-07,-6.5512156
2015-12-06 23:00:00,-8.179167,-0.22316667,0.35766664,509.22678,5.510357,2.857857,-19.133333333333333,-23.0,471.48333333333335,3.6666666666666665,1.002076e-09,2.3762598e-07,-6.6244454
2015-12-07 00:00:00,-8.159833,-0.7765,0.16216666,514.58307,5.2977967,2.803051,-15.233333333333333,-21.0,433.01666666666665,3.3333333333333335,1.0050755e-09,2.383957e-07,-6.623001
2015-12-07 01:00:00,-6.3848214,1.6557143,4.67625,527.90967,5.096774,2.8461292,-13.366666666666667,-20.0,96.96666666666667,3.3333333333333335,1e-09,2.3872735e-07,-6.6223164
2015-12-07 02:00:00,-8.402034,4.0830507,2.5911865,527.8143,6.1457143,3.4271429,-13.433333333333334,-20.0,81.76666666666667,3.3333333333333335,1.000346e-09,2.4936378e-07,-6.6034436
2015-12-07 03:00:00,-8.653501,4.183833,0.8696667,553.9464,5.169286,3.1853573,-12.066666666666666,-19.0,126.11666666666666,3.6666666666666665,4.882116e-09,4.440025e-07,-6.375175
2015-12-07 04:00:00,-7.1561704,5.31383,-0.03531916,566.7048,6.3630953,4.0866666,-11.916666666666666,-20.0,155.1,3.6666666666666665,2.7287152e-08,9.3015944e-07,-6.0389338
2015-12-07 05:00:00,-5.687321,6.6826787,0.5566071,574.1702,7.004894,4.6074467,-9.116666666666667,-20.0,393.28333333333336,3.6666666666666665,1.3290636e-09,4.5396004e-07,-6.3483424
2015-12-07 06:00:00,-6.249833,4.938333,2.805,567.6841,7.4422727,4.7947726,-5.4,-15.0,256.68333333333334,3.3333333333333335,1e-09,3.047598e-07,-6.5179667
2015-12-07 07:00:00,-7.7727275,3.8849092,-0.5336364,546.9643,9.510952,5.697619,-4.7,-13.0,196.3,3.3333333333333335,1.0708223e-09,2.8374131e-07,-6.5500903
2015-12-07 08:00:00,-6.4585004,8.667333,3.6455,535.1857,8.407143,4.8785715,-5.266666666666667,-16.0,257.43333333333334,3.3333333333333335,1.6285372e-09,2.696653e-07,-6.5701985
2015-12-07 09:00:00,-6.2756,3.8238,-0.97379994,560.7974,10.955385,6.96641,-3.65,-17.0,567.7,3.3333333333333335,1.9644253e-09,2.7235598e-07,-6.5675254
2015-12-07 10:00:00,-4.6656604,-0.03433963,4.3009434,595.6066,10.682333,7.627,-10.633333333333333,-24.0,604.5833333333334,3.3333333333333335,5.843354e-09,2.924345e-07,-6.534117
2015-12-07 11:00:00,-4.9932203,1.4686441,4.3613563,605.37,8.2606,6.1136,-11.183333333333334,-25.0,342.78333333333336,3.3333333333333335,3.4843177e-09,2.8267758e-07,-6.549949
2015-12-07 12:00:00,-4.6934547,4.4952726,6.105636,585.04443,6.946,4.766222,-8.1,-21.0,523.3333333333334,3.6666666666666665,4.414133e-09,2.5229065e-07,-6.5984654
2015-12-07 13:00:00,-3.7393105,3.5668967,-0.00051725324,632.206,3.9644,3.1358,-2.816666666666667,-16.0,632.6166666666667,3.6666666666666665,8.4877225e-09,2.6784724e-07,-6.573312
2015-12-07 14:00:00,-4.072157,4.664314,1.8609805,637.48364,3.3191836,2.7016327,-7.433333333333334,-20.0,520.7166666666667,3.6666666666666665,9.096999e-09,2.712863e-07,-6.5693693
2015-12-07 15:00:00,-4.768305,3.5264406,1.8349153,628.28723,2.9719148,2.3438296,-7.816666666666666,-19.0,430.8666666666667,3.6666666666666665,2.6983619e-08,4.1685487e-07,-6.381492
2015-12-07 16:00:00,-4.3979664,2.6715252,-0.32661018,623.0417,3.001111,2.3341665,-7.8,-18.0,232.18333333333334,3.6666666666666665,1.7894527e-08,4.5624083e-07,-6.3411174
2015-12-07 17:00:00,-2.8416073,3.8748214,-0.5257143,641.63416,2.660488,2.1929266,-9.816666666666666,-19.0,475.4166666666667,3.6666666666666665,6.645375e-09,3.9410008e-07,-6.4056993
2015-12-07 18:00:00,-4.1912727,1.4438182,-0.06181818,625.0548,2.6342857,2.0583332,-9.416666666666666,-18.0,435.81666666666666,3.6666666666666665,3.916963e-09,3.3618565e-07,-6.4759054
2015-12-07 19:00:00,-3.5433335,2.8055,-0.35300002,628.29443,2.5469446,2.014722,-10.883333333333333,-20.0,273.3833333333333,3.6666666666666665,1.258604e-09,2.6856685e-07,-6.5713406
2015-12-07 20:00:00,-4.1075,0.76383334,1.9458333,621.72504,2.241875,1.7331251,-11.916666666666666,-18.0,327.1166666666667,3.6666666666666665,1.1324168e-09,2.512165e-07,-6.600062
2015-12-07 21:00:00,-4.751333,0.6588333,0.32,613.6929,2.49,1.874643,-9.383333333333333,-17.0,158.33333333333334,2.3333333333333335,1.4483595e-09,2.8958286e-07,-6.539843
2015-12-07 22:00:00,-4.8166666,1.8134999,-1.0098333,608.85815,2.671818,1.9812727,-7.1,-14.0,83.21666666666667,2.3333333333333335,1.2818793e-08,4.5694844e-07,-6.422821
2015-12-07 23:00:00,-2.6901667,2.3941665,-2.5441666,621.2963,2.4712963,1.9092592,-8.433333333333334,-14.0,168.15,2.3333333333333335,5.445669e-09,4.779669e-07,-6.3527856
2015-12-08 00:00:00,-0.5808334,-0.08716666,-3.843,639.48944,2.593158,2.1426315,-15.45,-18.0,528.45,3.6666666666666665,1e-09,2.5594812e-07,-6.592146
2015-12-08 01:00:00,-2.7803335,3.8393333,-0.4895,616.873,2.4735134,1.8837839,-15.916666666666666,-21.0,274.1,3.6666666666666665,1.006957e-09,2.797308e-07,-6.5541086
2015-12-08 02:00:00,-2.8567243,3.0189657,-0.4887931,616.2955,2.4613638,1.8754544,-13.35,-20.0,122.26666666666667,3.6666666666666665,1e-09,2.6558948e-07,-6.5761504
2015-12-08 03:00:00,-3.8995001,0.25416666,-0.82016665,594.9673,2.512,1.7807273,-9.783333333333333,-20.0,134.93333333333334,2.6666666666666665,1.000669e-09,2.4976148e-07,-6.6026073
2015-12-08 04:00:00,-4.2571664,-1.4838333,-0.5785,589.52594,2.7744446,1.9285185,-10.316666666666666,-21.0,230.51666666666668,2.6666666666666665,1e-09,2.4138663e-07,-6.617472
2015-12-08 05:00:00,-4.450333,-0.9403333,-0.6946667,584.134,2.8528,1.9464,-13.25,-24.0,136.86666666666667,2.6666666666666665,1.0024219e-09,2.3576563e-07,-6.6278567
2015-12-08 06:00:00,-4.447833,-1.1681666,-0.008666666,577.6143,2.8469641,1.8994644,-12.65,-25.0,91.11666666666666,1.6666666666666665,1e-09,2.5571265e-07,-6.593638
2015-12-08 07:00:00,-4.6158338,-0.6771667,-0.0085,572.9233,2.7879999,1.8298334,-8.583333333333334,-22.0,87.61666666666666,1.6666666666666665,1e-09,2.3917872e-07,-6.621534
2015-12-08 08:00:00,-4.26,-0.5175,-0.07516667,570.48334,2.818148,1.8337038,-5.333333333333333,-20.0,86.71666666666667,1.6666666666666665,1.0031953e-09,2.3052984e-07,-6.637495
2015-12-08 09:00:00,-3.852,0.783,-1.1133333,566.8053,2.8252633,1.815614,-4.833333333333333,-20.0,189.9,2.6666666666666665,1.1781062e-09,2.545522e-07,-6.5982304
2015-12-08 10:00:00,-3.9601667,0.8946667,0.093833335,562.602,2.8522,1.8060001,-6.366666666666666,-21.0,249.9,2.6666666666666665,1.1854266e-09,2.424472e-07,-6.615531
2015-12-08 11:00:00,-4.1622033,2.0294914,-0.67508477,556.61554,2.7922223,1.7304446,-11.666666666666666,-26.0,328.9166666666667,2.6666666666666665,4.180879e-09,2.6826498e-07,-6.571719
2015-12-08 12:00:00,-5.037966,1.1040678,0.057288136,545.9921,2.6319606,1.5690196,-10.883333333333333,-24.0,416.3333333333333,2.6666666666666665,1.1535579e-08,2.6161302e-07,-6.582512
2015-12-08 13:00:00,-3.7649999,2.0203333,0.6845,544.32263,2.6750944,1.5856603,-5.75,-21.0,78.15,2.6666666666666665,4.5469504e-09,2.8130125e-07,-6.554751
2015-12-08 14:00:00,-3.83,1.571875,1.145625,547.25,2.8657143,1.715,-8.45,-19.0,153.21666666666667,2.6666666666666665,1.1164167e-09,2.7008429e-07,-6.568587
2015-12-08 15:00:00,-3.8457897,1.8438597,1.6417544,525.57294,2.4789584,1.3704166,-7.35,-17.0,86.91666666666667,1.3333333333333333,1.1761183e-09,2.9397214e-07,-6.532162
2015-12-08 16:00:00,-3.08661,2.447288,0.17355932,531.75555,2.647037,1.4961112,-1.9,-12.0,145.5,1.3333333333333333,2.2535922e-09,3.2847973e-07,-6.488917
2015-12-08 17:00:00,-0.32783332,4.6703334,0.48766667,538.2704,2.7525926,1.5974075,-0.9166666666666666,-11.0,189.46666666666667,1.3333333333333333,1.574339e-08,6.441332e-07,-6.207678
2015-12-08 18:00:00,-1.5662713,4.145932,1.2472881,526.76666,2.7948148,1.5572221,-1.2666666666666666,-12.0,181.0,1.0,9.62274e-09,5.726166e-07,-6.245071
2015-12-08 19:00:00,-1.9165,3.4264998,1.5823333,513.4085,2.8668087,1.5110638,-3.3833333333333333,-13.0,40.833333333333336,1.0,2.1101012e-07,2.9663313e-06,-5.6320343
2015-12-08 20:00:00,-2.5825,3.1513333,0.34483334,498.77307,3.1240385,1.5542308,-4.6,-11.0,34.766666666666666,1.0,3.7352006e-09,5.711798e-07,-6.248999
2015-12-08 21:00:00,-3.1588135,2.869661,-0.84966105,491.28125,3.2708333,1.5777084,-7.05,-10.0,64.26666666666667,2.3333333333333335,1.2612793e-09,4.0840217e-07,-6.389503
2015-12-08 22:00:00,-3.8032203,1.3020339,0.066271186,478.7604,3.3062499,1.5160416,-5.133333333333334,-10.0,135.86666666666667,2.3333333333333335,7.12135e-08,1.2434549e-06,-6.105807
2015-12-08 23:00:00,-3.6566665,2.2571666,-0.79749995,473.2118,3.447255,1.5435294,0.0,-8.0,97.61666666666666,2.3333333333333335,2.5053358e-08,1.1724962e-06,-5.9904046
2015-12-09 00:00:00,-1.4668518,3.4040742,-1.935,489.51636,3.472857,1.6604081,1.2666666666666666,-9.0,86.83333333333333,2.3333333333333335,1.1171198e-09,4.6507392e-07,-6.3343754
2015-12-09 01:00:00,-3.6106668,1.6521666,-0.57699996,469.9109,3.9563046,1.7469566,-2.283333333333333,-8.0,139.06666666666666,2.3333333333333335,2.3976987e-09,4.3832375e-07,-6.362745
2015-12-09 02:00:00,-2.9292727,4.096182,0.051090907,470.75,3.6355262,1.6107894,-7.25,-12.0,125.6,2.3333333333333335,1.0429759e-09,4.3297828e-07,-6.363616
2015-12-09 03:00:00,-1.8946939,3.8359184,-0.23489797,471.79532,3.6193025,1.6118604,-7.416666666666667,-14.0,72.01666666666667,2.6666666666666665,2.142311e-08,8.360008e-07,-6.1096025
2015-12-09 04:00:00,-2.4547272,2.5367274,-1.1420001,465.91193,4.3033333,1.8680952,-8.05,-14.0,131.11666666666667,2.6666666666666665,1.180376e-09,3.96121e-07,-6.406706
2015-12-09 05:00:00,-0.8221667,0.061,4.2435,473.94998,4.357143,1.9542857,-5.666666666666667,-12.0,134.03333333333333,2.6666666666666665,1.0003345e-09,3.2487785e-07,-6.4885144
2015-12-09 06:00:00,0.04583333,0.8456667,5.426167,477.68307,4.5754237,2.0877967,1.4833333333333334,-9.0,28.5,0.3333333333333333,1.0165441e-09,3.1711258e-07,-6.499095
2015-12-09 07:00:00,-1.4755932,0.58423734,4.5310173,467.41602,4.8970003,2.141,5.6,-6.0,27.75,0.3333333333333333,1.0323907e-09,3.1828756e-07,-6.4985027
2015-12-09 08:00:00,-3.8773682,0.9780702,3.8159647,449.70752,4.9607496,2.0075002,7.3,-4.0,27.2,0.3333333333333333,2.6554057e-09,3.5267198e-07,-6.4607167
2015-12-09 09:00:00,-2.3837287,2.3481357,4.2391524,455.06888,5.0828886,2.106,8.716666666666667,-2.0,26.85,1.0,3.6919015e-09,4.0668664e-07,-6.3961043
2015-12-09 10:00:00,-3.8327587,1.825862,1.4625863,443.86887,5.2802224,2.083778,4.583333333333333,-5.0,31.833333333333332,1.0,1.1166255e-08,4.6034157e-07,-6.380147
2015-12-09 11:00:00,-2.9135,2.839,0.6278333,447.88748,5.540893,2.2219644,2.1,-6.0,52.31666666666667,1.0,5.0815157e-09,4.3395048e-07,-6.40365
2015-12-09 12:00:00,-2.9253447,2.6455173,1.4518965,445.7151,5.1577353,2.0492454,1.5166666666666666,-8.0,183.46666666666667,1.3333333333333333,1.286399e-08,4.597353e-07,-6.3726025
2015-12-09 13:00:00,-2.6881483,2.0775926,-1.0301852,447.5102,5.4718366,2.1948981,3.45,-7.0,138.15,1.3333333333333333,1.473458e-09,3.199449e-07,-6.497986
2015-12-09 14:00:00,-3.9818335,0.8983334,-1.9691666,437.49374,5.6575,2.1658332,-6.35,-11.0,338.73333333333335,1.3333333333333333,1.3269089e-09,3.4199488e-07,-6.4666486
2015-12-09 15:00:00,-4.4861403,1.0570176,-0.54245615,433.52856,5.756905,2.1640477,-6.5,-14.0,327.6333333333333,2.3333333333333335,3.1463159e-09,3.0151418e-07,-6.5215077
2015-12-09 16:00:00,-3.7201667,2.376,0.89150006,436.05096,5.7345095,2.1811764,-10.1,-14.0,269.3833333333333,2.3333333333333335,7.0844135e-09,4.2268667e-07,-6.3787556
2015-12-09 17:00:00,-1.5453334,4.044,1.5608333,447.85577,5.7823076,2.3225,-3.5,-9.0,98.71666666666667,2.3333333333333335,1.2283609e-09,3.1789114e-07,-6.498826
2015-12-09 18:00:00,-3.0817308,2.9830768,-0.9451923,446.8761,5.907391,2.367174,-0.45,-6.0,79.93333333333334,3.3333333333333335,1.0189548e-09,3.137983e-07,-6.5035763
2015-12-09 19:00:00,-4.5081663,0.10583334,-3.7833333,437.9035,5.9570174,2.2845614,-4.066666666666666,-10.0,290.45,3.3333333333333335,1.0060219e-09,3.0400614e-07,-6.5172896
2015-12-09 20:00:00,-1.9589362,1.7517022,0.020638293,444.58295,6.731951,2.6641464,3.1166666666666667,-12.0,486.1666666666667,3.3333333333333335,1.5542542e-09,3.0896567e-07,-6.510982
2015-12-09 21:00:00,-0.466,2.9996667,4.4178333,443.98398,7.348,2.8985999,-5.733333333333333,-8.0,92.48333333333333,1.6666666666666665,2.4592628e-09,3.917975e-07,-6.411059
2015-12-09 22:00:00,-1.572,3.8265,4.7443333,436.78305,7.632373,2.9125423,-1.9166666666666667,-4.0,46.833333333333336,1.6666666666666665,1.245826e-09,4.004709e-07,-6.39797
2015-12-09 23:00:00,-3.1398275,5.721552,-1.6060345,431.74152,7.9922643,2.9818866,5.05,0.0,68.06666666666666,1.6666666666666665,1.7653398e-09,3.622125e-07,-6.4445014
2015-12-10 00:00:00,-3.6539655,3.9443104,-3.8994827,444.05,8.4468,3.3422,3.35,-3.0,232.93333333333334,3.3333333333333335,2.1991737e-09,3.4330722e-07,-6.4712806
2015-12-10 01:00:00,-1.256,2.7556665,1.5061667,463.82642,10.286037,4.4315095,-4.783333333333333,-10.0,369.3333333333333,3.3333333333333335,1e-09,2.780961e-07,-6.5562816
2015-12-10 02:00:00,-3.669322,4.692712,-4.2637286,463.67346,9.393877,4.0408163,-2.533333333333333,-10.0,254.83333333333334,3.3333333333333335,1e-09,2.8594937e-07,-6.5441685
2015-12-10 03:00:00,-4.4096613,2.3774576,-3.1559322,469.07397,11.413199,5.0252,-4.8,-10.0,324.35,5.0,1e-09,2.6551442e-07,-6.575992
2015-12-10 04:00:00,-2.7966666,3.501,0.11283334,477.8614,11.545088,5.2735085,-10.433333333333334,-17.0,680.7,5.0,1e-09,3.184567e-07,-6.4983363
2015-12-10 05:00:00,-0.766,2.702,6.316,480.48105,10.335173,4.7705173,-7.016666666666667,-13.0,210.08333333333334,5.0,1e-09,3.0626956e-07,-6.514533
2015-12-10 06:00:00,-2.8331668,7.3176665,-0.0375,495.15134,7.9686484,3.8872974,-6.116666666666666,-14.0,162.28333333333333,3.6666666666666665,1e-09,3.079733e-07,-6.5121784
2015-12-10 07:00:00,-3.3750849,8.223051,2.4903388,515.9623,6.3558493,3.3837736,-7.633333333333334,-19.0,278.31666666666666,3.6666666666666665,5.921447e-08,1.0388455e-06,-6.168246
2015-12-10 08:00:00,-4.7156143,6.0277195,-2.4485967,530.8896,7.0785413,4.007917,-6.45,-19.0,713.9666666666667,3.6666666666666665,1.3817474e-08,5.18624e-07,-6.345263
2015-12-10 09:00:00,-4.703,-1.31,1.3393333,540.44617,7.2534614,4.2401924,-9.7,-24.0,598.0333333333333,3.3333333333333335,3.5408994e-09,2.8136145e-07,-6.551265
2015-12-10 10:00:00,-4.8560786,-0.41294116,1.4945098,546.2865,5.222703,3.1102703,-9.483333333333333,-21.0,163.96666666666667,3.3333333333333335,1.0109599e-09,2.6061036e-07,-6.5841427
2015-12-10 11:00:00,-5.2528334,-0.30216664,-1.3698334,566.30554,4.617963,2.9642591,-7.283333333333333,-17.0,104.53333333333333,3.3333333333333335,1e-09,2.5609415e-07,-6.5917883
2015-12-10 12:00:00,-4.0781355,1.929661,-2.1918645,581.17554,4.515333,3.049778,-8.65,-19.0,278.21666666666664,2.6666666666666665,1.4384731e-09,2.9657215e-07,-6.532024
2015-12-10 13:00:00,-3.5069492,4.024576,-0.58966106,594.68713,4.0332255,2.8535483,-13.366666666666667,-22.0,352.0833333333333,2.6666666666666665,3.6835606e-09,3.1616494e-07,-6.5005975
2015-12-10 14:00:00,-3.64661,4.117966,2.8923728,604.83044,4.3556523,3.1876087,-10.25,-19.0,274.4166666666667,2.6666666666666665,2.485521e-09,3.1701595e-07,-6.4996104
2015-12-10 15:00:00,-2.8005,6.800667,-0.21183333,617.9018,4.6498218,3.5539286,-7.883333333333334,-14.0,364.85,3.6666666666666665,1.2915009e-09,2.9349e-07,-6.532483
2015-12-10 16:00:00,-2.9946666,6.4313335,0.35016668,616.4845,4.4874134,3.4098277,-10.883333333333333,-16.0,501.8666666666667,3.6666666666666665,1.8823192e-09,3.1554103e-07,-6.503351
2015-12-10 17:00:00,-1.0221666,5.8093333,0.9698334,637.4982,4.4780703,3.6419299,-4.133333333333334,-10.0,431.6666666666667,3.6666666666666665,-1666.65,-1666.65,-6.428029
2015-12-10 18:00:00,-3.8825,4.472,0.65849996,617.29816,4.451273,3.4043636,-8.366666666666667,-13.0,332.1,3.6666666666666665,1.2398377e-09,3.0009681e-07,-6.5230794
2015-12-10 19:00:00,-5.8530354,1.8732144,0.111964285,607.6578,4.6906667,3.4640002,-7.866666666666666,-15.0,400.05,3.6666666666666665,1.0715769e-09,3.0643304e-07,-6.514058
2015-12-10 20:00:00,-3.0628333,4.9548335,1.7675,628.7719,4.344386,3.4321053,-0.5333333333333333,-9.0,253.85,3.6666666666666665,-14999.85,-14999.85,-6.505624
2015-12-10 21:00:00,-3.9633899,5.060339,-0.31220338,616.04706,4.339608,3.2980392,-0.26666666666666666,-7.0,161.38333333333333,4.0,5.740081e-09,4.6011368e-07,-6.349731
2015-12-10 22:00:00,-1.4498333,5.093167,-1.0638334,641.14,4.561091,3.7527273,-1.8833333333333333,-7.0,269.6,4.0,1.0211483e-09,3.3274108e-07,-6.478475
2015-12-10 23:00:00,-0.0945,4.761,-1.562,644.8519,3.9567308,3.296731,-8.1,-9.0,547.15,4.0,1.1452737e-09,3.3601495e-07,-6.4769044
2015-12-11 00:00:00,0.5136667,3.745,0.14966665,654.00397,3.5351999,3.0182002,-2.716666666666667,-8.0,323.76666666666665,4.0,5.483157e-09,4.1435214e-07,-6.406749
2015-12-11 01:00:00,0.1915,3.2811666,1.4363333,644.9825,3.7489474,3.111228,0.2833333333333333,-7.0,80.35,4.0,1.107519e-09,3.3527888e-07,-6.4765887
2015-12-11 02:00:00,-2.9766667,-0.3275,1.0528333,633.9872,4.206923,3.3835895,-1.7,-7.0,131.9,4.0,1.962479e-09,3.5896616e-07,-6.4492173
2015-12-11 03:00:00,-3.628333,1.3748147,-0.61370367,627.7364,4.25,3.347576,-5.083333333333333,-11.0,184.88333333333333,3.0,4.708542e-09,4.233759e-07,-6.3878994
2015-12-11 04:00:00,-3.188983,3.6391528,0.034745768,641.2072,4.3494544,3.5740001,-7.933333333333334,-14.0,222.8,3.0,2.8559349e-08,8.1227034e-07,-6.171773
2015-12-11 05:00:00,-3.1701853,3.9633334,-0.63148147,637.70526,4.269737,3.4736843,-9.633333333333333,-18.0,210.66666666666666,3.0,1.7285144e-08,8.490028e-07,-6.0812964
2015-12-11 06:00:00,-5.3466663,0.8725,-0.542,612.928,4.4588,3.351,-9.0,-20.0,296.9,2.6666666666666665,6.252889e-09,4.813283e-07,-6.3228974
2015-12-11 07:00:00,-3.3720338,2.5038981,-0.800339,619.7775,3.7369387,2.8644898,-9.75,-23.0,383.8666666666667,2.6666666666666665,1.8469287e-09,3.4366323e-07,-6.464076
2015-12-11 08:00:00,-2.7766669,2.7055001,0.1905,635.51166,3.512093,2.8276744,-5.783333333333333,-18.0,474.6666666666667,2.6666666666666665,5.987023e-09,3.815267e-07,-6.4188294
2015-12-11 09:00:00,-2.4401667,1.9738333,-2.452,640.36865,3.727843,3.0566666,-9.066666666666666,-21.0,448.06666666666666,3.3333333333333335,8.8234895e-09,5.0895073e-07,-6.2957616
2015-12-11 10:00:00,-3.403448,1.1981034,-1.2093103,624.12274,3.6613638,2.845909,-11.75,-20.0,606.5666666666667,3.3333333333333335,1.9754857e-08,4.836916e-07,-6.316104
2015-12-11 11:00:00,-4.8357625,-0.9837288,-0.3757627,617.72504,4.2995834,3.28125,-10.566666666666666,-20.0,318.21666666666664,3.3333333333333335,1.5219452e-08,5.4109734e-07,-6.27549
2015-12-11 12:00:00,-3.7315,2.3013334,1.3375,625.2455,4.286591,3.3488638,-6.266666666666667,-16.0,302.3833333333333,3.0,8.81696e-09,5.258301e-07,-6.279675
2015-12-11 13:00:00,0.9544068,4.507966,0.8116949,657.4765,3.9403923,3.407843,-2.066666666666667,-11.0,368.48333333333335,3.0,1.1530996e-08,5.097653e-07,-6.294814
2015-12-11 14:00:00,0.048499998,4.8785,-0.76650006,651.14526,3.8300002,3.2484906,-10.216666666666667,-16.0,485.3,3.0,1.1002303e-08,5.683993e-07,-6.2474494
2015-12-11 15:00:00,0.53677964,4.5623727,-1.1193221,647.8167,4.0914283,3.4111905,-12.083333333333334,-15.0,695.1333333333333,4.333333333333333,1.2478828e-08,5.889453e-07,-6.230952
2015-12-11 16:00:00,-2.5015,3.5248334,-0.36783332,632.17883,4.1157694,3.275577,-7.3,-10.0,406.51666666666665,4.333333333333333,4.2232102e-08,8.516164e-07,-6.146114
2015-12-11 17:00:00,-2.2996666,2.4035,-0.12750001,646.85535,3.84125,3.2132144,-10.3,-13.0,518.6,4.333333333333333,1.6983888e-07,2.8260433e-06,-5.592351
2015-12-11 18:00:00,-0.34949154,3.831356,0.95457625,661.98627,3.8188233,3.3450983,-6.9,-14.0,217.65,3.3333333333333335,3.7625902e-08,1.197568e-06,-5.9229355
2015-12-11 19:00:00,-0.71216667,4.2351665,-0.93983334,660.41223,3.6932654,3.2202039,-7.366666666666666,-14.0,349.1333333333333,3.3333333333333335,1.0986718e-08,7.3745457e-07,-6.135692
2015-12-11 20:00:00,-0.6840678,3.3379662,-2.4852543,658.79565,3.3052175,2.8656523,-11.683333333333334,-15.0,488.15,3.3333333333333335,1.569222e-08,7.2441264e-07,-6.1411233
2015-12-11 21:00:00,-1.4699999,2.0986667,-2.7096667,651.55963,3.1708772,2.6878948,-11.733333333333333,-16.0,403.46666666666664,3.0,2.944777e-08,8.157265e-07,-6.1022477
2015-12-11 22:00:00,-1.4396429,2.0542858,2.4798214,658.5359,2.9102564,2.5212822,-13.65,-18.0,227.51666666666668,3.0,1.1919941e-08,7.5603685e-07,-6.1265173
2015-12-11 23:00:00,-0.659661,3.307627,4.4779663,658.53,2.909,2.5218,-5.783333333333333,-13.0,280.7,3.0,1.5156786e-08,7.35601e-07,-6.1378994
2015-12-12 00:00:00,-2.703729,2.622712,1.9988135,650.22125,3.3327274,2.811212,-3.6166666666666667,-11.0,144.53333333333333,2.6666666666666665,2.5924995e-08,8.697554e-07,-6.0675426
2015-12-12 01:00:00,-1.74,3.483148,0.6061111,658.6638,2.9206383,2.5340426,-7.066666666666666,-15.0,102.7,2.6666666666666665,3.1687928e-09,6.4800275e-07,-6.192437
2015-12-12 02:00:00,-2.7238595,1.6710526,-3.3138597,642.01465,2.6890244,2.2156098,-13.566666666666666,-21.0,195.65,2.6666666666666665,2.0586355e-09,5.8601546e-07,-6.233186
2015-12-12 03:00:00,-3.4661667,0.18466666,-3.3511667,628.45905,2.4781818,1.9593182,-13.2,-23.0,388.1333333333333,3.3333333333333335,2.8843171e-08,1.012574e-06,-6.0166106
2015-12-12 04:00:00,-2.2601724,1.6094828,0.1536207,642.6769,2.6023078,2.145,-12.0,-21.0,244.03333333333333,3.3333333333333335,3.2792283e-08,1.4080914e-06,-5.8650293
2015-12-12 05:00:00,-1.791356,2.952712,-0.7279661,644.2889,2.6139998,2.166889,-9.1,-20.0,169.83333333333334,3.3333333333333335,3.0021005e-07,3.2298335e-06,-5.535574
2015-12-12 06:00:00,-2.9919298,-1.0968422,-1.0345614,627.5978,2.5353332,1.9935555,-7.233333333333333,-19.0,209.7,2.6666666666666665,1.1299264e-07,1.7523274e-06,-5.8382063
2015-12-12 07:00:00,-3.7305455,-0.109272726,-0.17981818,617.25385,2.2751281,1.7348719,-5.6,-18.0,179.45,2.6666666666666665,3.0801274e-08,8.6887786e-07,-6.0809283
2015-12-12 08:00:00,-2.4553335,2.1616666,0.50100005,617.39825,2.2717545,1.7303509,-2.2333333333333334,-15.0,153.7,2.6666666666666665,1.4161984e-08,6.884741e-07,-6.16487
2015-12-12 09:00:00,-1.4161667,2.719,0.20183334,617.16,1.9824001,1.515,-3.2666666666666666,-16.0,384.3833333333333,1.6666666666666665,3.953944e-08,9.5060943e-07,-6.0354915
2015-12-12 10:00:00,-2.4215,2.0808332,1.3685,598.3149,1.8334042,1.31,-4.516666666666667,-18.0,135.78333333333333,1.6666666666666665,8.553713e-09,5.739305e-07,-6.2431784
2015-12-12 11:00:00,-3.0687273,1.2718182,1.0243636,570.76587,1.7947727,1.1675,-6.15,-18.0,46.06666666666667,1.6666666666666665,3.3767645e-08,7.9453565e-07,-6.1599135
2015-12-12 12:00:00,-1.9967858,2.5742857,-0.92892855,563.02496,1.7297727,1.1,-4.833333333333333,-16.0,77.66666666666667,2.0,1.7080997e-09,5.6040597e-07,-6.252462
2015-12-12 13:00:00,-2.2103448,1.8777585,0.1436207,549.0529,1.9901961,1.187451,-5.4,-14.0,198.6,2.0,2.1489676e-07,2.3428613e-06,-5.850348
2015-12-12 14:00:00,-4.1025,0.52316666,-0.4985,523.62897,2.9228947,1.6034211,-5.516666666666667,-13.0,339.23333333333335,2.0,3.2475857e-08,1.2055199e-06,-5.9625077
2015-12-12 15:00:00,-3.5946295,-0.15111111,-1.7564814,529.92957,2.6022727,1.4570454,-11.183333333333334,-16.0,291.95,2.3333333333333335,1.1164621e-08,7.418138e-07,-6.1339855
2015-12-12 16:00:00,-3.1216667,0.02949999,-2.11,526.449,2.3812244,1.3179592,-10.85,-14.0,378.01666666666665,2.3333333333333335,2.4908859e-08,8.633013e-07,-6.076671
2015-12-12 17:00:00,-2.2301695,1.808644,-1.2118644,522.1366,2.1907318,1.192439,-10.666666666666666,-15.0,301.3,2.3333333333333335,5.5235684e-08,1.1276404e-06,-5.97405
2015-12-12 18:00:00,-2.7610345,-1.179138,-0.45155174,534.78046,2.0997827,1.1986957,-8.383333333333333,-13.0,91.6,2.0,5.4766634e-08,1.1931417e-06,-5.9827228
2015-12-12 19:00:00,-3.2173333,-0.40383333,-0.6955,527.1929,2.170893,1.2069644,-7.683333333333334,-14.0,62.15,2.0,2.5718204e-08,7.169907e-07,-6.178587
2015-12-12 20:00:00,-2.8207273,1.1652727,-1.2972727,528.33154,2.6118422,1.4592105,-4.516666666666667,-12.0,92.7,2.0,9.036843e-09,6.20347e-07,-6.228907
2015-12-12 21:00:00,-2.3905172,2.0512068,-0.5398276,530.50415,2.5752084,1.4495834,-2.566666666666667,-10.0,177.36666666666667,2.0,1.0742128e-09,4.1673255e-07,-6.380176
2015-12-12 22:00:00,-1.4313792,2.3139656,-0.39172414,532.45,2.4164584,1.3691667,-1.2166666666666666,-9.0,119.71666666666667,2.0,1.4003576e-09,4.488314e-07,-6.3486886
2015-12-12 23:00:00,-1.1766101,3.250339,-0.8408475,539.63464,2.3726923,1.3826923,-0.5333333333333333,-9.0,69.28333333333333,2.0,2.3072295e-09,5.072366e-07,-6.2953143
2015-12-13 00:00:00,-2.632182,1.6863636,-1.0103636,523.7083,3.0420835,1.6604166,-0.6833333333333333,-10.0,95.13333333333334,2.6666666666666665,2.6897748e-09,5.5703015e-07,-6.2545605
2015-12-13 01:00:00,-2.2007546,2.9679246,-0.8537736,516.6125,2.559,1.36175,-4.833333333333333,-12.0,164.4,2.6666666666666665,9.677615e-09,6.611762e-07,-6.1876855
2015-12-13 02:00:00,-2.088,2.9794545,0.06945454,518.9822,2.4586666,1.3222222,-4.866666666666666,-12.0,77.98333333333333,2.6666666666666665,1.3776142e-08,7.9009175e-07,-6.1054635
2015-12-13 03:00:00,-2.785,1.7860346,-0.94103444,517.03436,2.643125,1.411875,-3.6333333333333333,-11.0,68.55,2.6666666666666665,3.9293258e-09,5.837279e-07,-6.24396
2015-12-13 04:00:00,-0.5803448,3.3955173,-1.1351724,534.0019,2.0865386,1.1909616,-2.0,-12.0,131.0,2.6666666666666665,3.5262173e-09,5.239838e-07,-6.2825174
2015-12-13 05:00:00,-0.49578947,4.0133333,-0.019473683,531.33124,2.3402083,1.3229166,2.0166666666666666,-9.0,243.76666666666668,2.6666666666666665,1.0157419e-09,4.0839643e-07,-6.3892856
2015-12-13 06:00:00,-1.3096552,3.6743104,-1.3255172,524.6773,2.2675002,1.2470454,-0.4666666666666667,-12.0,130.16666666666666,2.0,1.5000037e-09,4.4543407e-07,-6.352723
2015-12-13 07:00:00,-1.9177587,2.444655,-1.3581034,522.25653,2.8463042,1.5469567,-3.683333333333333,-16.0,156.93333333333334,2.0,4.9684576e-09,5.6504e-07,-6.2527113
2015-12-13 08:00:00,-2.2615516,2.0986207,-1.5989655,524.42175,3.0721738,1.6856521,-4.65,-16.0,175.96666666666667,2.0,2.2992092e-08,8.253939e-07,-6.120963
2015-12-13 09:00:00,-2.8079998,2.2623334,-0.46433336,515.07556,3.1673334,1.6724445,-0.18333333333333332,-12.0,171.68333333333334,2.0,6.282696e-08,1.5688446e-06,-5.8077273
2015-12-13 10:00:00,-3.747,-0.2,0.30166668,507.35294,3.727843,1.9188236,0.4,-12.0,231.88333333333333,2.0,2.7891355e-07,3.860829e-06,-5.436902
2015-12-13 11:00:00,-3.5178335,0.24949999,-1.1121668,503.95602,3.5904,1.8330001,0.6,-10.0,162.33333333333334,2.0,1.1858792e-07,2.4680148e-06,-5.6281724
2015-12-13 12:00:00,-3.552712,0.8730508,-1.3127118,494.64615,2.959231,1.4528847,-2.15,-12.0,102.9,1.6666666666666665,2.95859e-08,1.1779302e-06,-5.9316263
2015-12-13 13:00:00,-3.4088333,1.2466667,0.246,494.26608,3.514068,1.7169492,-1.4333333333333333,-10.0,118.91666666666667,1.6666666666666665,1.1544848e-08,8.548377e-07,-6.0691676
2015-12-13 14:00:00,-3.1025,1.1361667,-0.2545,480.1294,3.51549,1.6215686,1.25,-6.0,89.85,1.6666666666666665,5.27294e-09,6.425353e-07,-6.194873
2015-12-13 15:00:00,-3.3965516,0.45586208,-0.24379312,476.57037,3.5253704,1.6018518,-1.75,-7.0,136.51666666666668,1.0,1.5866e-09,5.084392e-07,-6.2946486
2015-12-13 16:00:00,-2.3776271,1.560339,0.7357627,477.05923,2.8946295,1.3168519,-1.35,-4.0,78.28333333333333,1.0,1.2561432e-09,4.99221e-07,-6.301762
2015-12-13 17:00:00,-2.2733333,1.5758334,1.225,472.94904,3.0749018,1.3741177,1.9166666666666667,-2.0,47.3,1.0,1.4958812e-09,5.099958e-07,-6.2930436
2015-12-13 18:00:00,-1.807288,2.1140678,1.5515255,476.05652,2.781739,1.2604347,4.233333333333333,-2.0,34.95,0.3333333333333333,4.5891837e-09,6.0629577e-07,-6.2269382
2015-12-13 19:00:00,-1.3825862,1.980862,0.89431036,477.102,2.8298001,1.2847999,3.533333333333333,-4.0,57.53333333333333,0.3333333333333333,4.373275e-09,6.625492e-07,-6.1824646
2015-12-13 20:00:00,-1.7294999,2.2263334,-0.33816668,473.39603,2.8167999,1.2622,2.2333333333333334,-6.0,75.61666666666666,0.3333333333333333,1.1051761e-09,5.028642e-07,-6.2997847
2015-12-13 21:00:00,-0.07186441,2.608983,-0.6618644,478.5341,2.7470455,1.2568182,2.35,-5.0,96.25,0.6666666666666666,5.0752456e-09,5.304408e-07,-6.281096
2015-12-13 22:00:00,-0.8183333,2.3325,-0.1875,467.12366,2.8583639,1.2470908,1.6,-6.0,48.7,0.6666666666666666,1.2207215e-09,5.007406e-07,-6.3009386
2015-12-13 23:00:00,-1.8237288,1.5542372,-0.036949154,442.91913,2.5902128,1.0165957,1.4333333333333333,-7.0,31.816666666666666,0.6666666666666666,1.0149873e-09,4.5900597e-07,-6.3384366
2015-12-14 00:00:00,-1.1918334,2.5496666,-1.2048334,437.3841,2.5311365,0.96863633,1.55,-8.0,31.466666666666665,2.0,6.0696936e-09,6.1217685e-07,-6.2249303
2015-12-14 01:00:00,-0.8365,1.6461666,-0.851,428.32767,2.7921276,1.0246809,-2.35,-12.0,39.78333333333333,2.0,4.0180397e-09,5.8018924e-07,-6.241639
2015-12-14 02:00:00,-2.385,2.1085,-1.4629999,426.27634,2.975091,1.0823636,-4.083333333333333,-13.0,56.766666666666666,2.0,1.0767924e-09,4.6827665e-07,-6.329955
2015-12-14 03:00:00,-2.7246666,2.0383334,-0.64883333,417.1647,3.1511762,1.0982352,-2.8833333333333333,-12.0,71.35,2.0,1.1882901e-09,4.8006456e-07,-6.3192554
2015-12-14 04:00:00,-2.8521667,1.5893333,0.32366666,408.07,2.9657998,0.9892,1.3,-9.0,37.11666666666667,2.0,1.0839354e-09,4.7269248e-07,-6.325872
2015-12-14 05:00:00,-3.0525,2.1986666,0.169,405.3268,2.2507143,0.7401786,2.6666666666666665,-8.0,26.666666666666668,2.0,1.2245829e-09,4.553078e-07,-6.34331
2015-12-14 06:00:00,-2.9845,1.4866666,-1.858,404.51135,2.6004546,0.85090905,3.45,-8.0,35.15,0.6666666666666666,1.2650516e-09,4.279195e-07,-6.3706183
2015-12-14 07:00:00,-2.802373,0.8232203,-1.030678,396.2341,3.040909,0.95272726,1.9166666666666667,-9.0,84.5,0.6666666666666666,1.0331099e-09,4.2673364e-07,-6.3701663
2015-12-14 08:00:00,-2.3383334,0.6738333,-0.9308333,396.07407,3.443889,1.0801852,0.9166666666666666,-11.0,97.73333333333333,0.6666666666666666,1.0081148e-09,4.1484344e-07,-6.3823695
2015-12-14 09:00:00,-2.042,1.4823334,-0.44716665,392.93997,3.9887273,1.230909,1.6333333333333333,-10.0,198.7,1.0,5.645737e-09,4.569062e-07,-6.3427434
2015-12-14 10:00:00,-2.6991525,0.55288136,-0.5769492,389.38956,4.201667,1.2735417,0.2833333333333333,-13.0,84.45,1.0,1.1053183e-09,4.3544455e-07,-6.3615355
2015-12-14 11:00:00,-2.7243857,0.6280702,-0.89719296,387.42224,4.6597223,1.3994445,1.2166666666666666,-11.0,57.61666666666667,1.0,1.4226699e-09,4.6061965e-07,-6.339735
2015-12-14 12:00:00,0.5913559,1.6633898,1.3386441,395.93332,5.472,1.7184445,6.433333333333334,-6.0,42.733333333333334,3.0,1.0632577e-09,3.778529e-07,-6.4234223
2015-12-14 13:00:00,-3.8384209,2.020351,-1.6661403,411.12036,11.294814,3.8698149,13.066666666666666,1.0,90.18333333333334,3.0,1.2965163e-09,4.1666888e-07,-6.3828487
2015-12-14 14:00:00,-4.346,2.6741667,-3.3788333,425.20853,18.759361,6.8485107,15.75,7.0,204.45,3.0,9.780115e-09,6.087018e-07,-6.2351136
2015-12-14 15:00:00,-0.87305087,-1.9098306,-6.979152,428.45383,31.572886,11.60173,21.933333333333334,18.0,660.8666666666667,4.333333333333333,1.2276225e-08,4.694308e-07,-6.3327956
2015-12-14 16:00:00,-1.1802127,-1.8738297,-11.187873,428.2341,30.953636,11.346591,-3.216666666666667,3.0,1250.3166666666666,4.333333333333333,1.1947226e-08,3.9435034e-07,-6.404292
2015-12-14 17:00:00,2.4571664,-7.4018335,-9.019333,436.06726,23.550001,8.937758,-32.083333333333336,-29.0,1007.6666666666666,4.333333333333333,4.3710937e-09,4.0600773e-07,-6.3924246
2015-12-14 18:00:00,3.5654998,-10.659667,-4.2205,439.16544,39.435272,15.179455,-36.483333333333334,-41.0,879.0666666666667,4.666666666666667,2.642675e-09,4.6167546e-07,-6.338366
2015-12-14 19:00:00,4.6695004,-8.515667,3.8696668,478.665,11.488333,5.2923336,-43.31666666666667,-55.0,413.1166666666667,4.666666666666667,1.0782379e-09,4.5965908e-07,-6.3382597
2015-12-14 20:00:00,6.9773335,-8.940001,0.1888333,498.6849,13.515849,6.729057,-31.983333333333334,-44.0,206.93333333333334,4.666666666666667,1e-09,4.348617e-07,-6.3618054
2015-12-14 21:00:00,5.116441,-4.3254237,-4.8842373,514.1796,11.926666,6.297407,-38.916666666666664,-47.0,405.8833333333333,5.333333333333333,1e-09,4.133087e-07,-6.384331
2015-12-14 22:00:00,6.4211664,-4.8073335,-1.2583333,509.67825,9.016739,4.6845655,-50.083333333333336,-54.0,708.95,5.333333333333333,1.3084251e-09,4.1726378e-07,-6.3815527
2015-12-14 23:00:00,1.9916667,-5.8558335,2.8141668,538.4622,8.950889,5.192222,-35.416666666666664,-45.0,242.5,5.333333333333333,1.0367139e-09,4.2408962e-07,-6.3733582
2015-12-15 00:00:00,6.4472413,-3.0975862,-5.0689654,525.3549,8.360001,4.618039,-32.983333333333334,-39.0,304.71666666666664,4.666666666666667,2.6509062e-09,4.867972e-07,-6.315394
2015-12-15 01:00:00,5.23,-5.626833,0.39000002,521.23816,8.357636,4.541091,-42.81666666666667,-47.0,473.0833333333333,4.666666666666667,1e-09,3.7481144e-07,-6.426801
2015-12-15 02:00:00,3.6775,-3.9583333,-4.623833,528.4035,7.9161406,4.4177194,-34.55,-45.0,372.1166666666667,4.666666666666667,1e-09,3.4699508e-07,-6.4600883
2015-12-15 03:00:00,5.7988334,-2.096,-1.6075,513.6306,8.035918,4.2442856,-40.7,-47.0,404.43333333333334,3.6666666666666665,1e-09,3.7365442e-07,-6.4276876
2015-12-15 04:00:00,6.679464,-2.8446429,3.4139285,498.26447,7.3026667,3.6288888,-31.6,-41.0,187.28333333333333,3.6666666666666665,1.0038641e-09,3.73303e-07,-6.428298
2015-12-15 05:00:00,6.0264406,-4.6191525,2.35661,490.3479,8.206458,3.9475,-31.566666666666666,-40.0,189.51666666666668,3.6666666666666665,1e-09,3.4128817e-07,-6.467111
2015-12-15 06:00:00,5.4811664,-5.7591662,0.48716667,487.92502,7.7033334,3.6674998,-26.283333333333335,-39.0,135.65,2.3333333333333335,1e-09,3.6132965e-07,-6.4422665
2015-12-15 07:00:00,1.6077967,-4.3688135,1.3193221,513.0214,6.1155357,3.162857,-27.0,-40.0,144.73333333333332,2.3333333333333335,1e-09,3.6365844e-07,-6.4394083
2015-12-15 08:00:00,1.5055001,-7.274,1.4629999,523.31726,3.5927587,1.9731035,-27.05,-40.0,57.25,2.3333333333333335,1e-09,3.4747896e-07,-6.4593296
2015-12-15 09:00:00,4.748667,-5.948,0.42999998,520.4127,3.1205456,1.6861818,-25.816666666666666,-40.0,79.08333333333333,1.6666666666666665,1e-09,3.2573718e-07,-6.487305
2015-12-15 10:00:00,3.7136667,-4.8586664,-0.70766664,537.2414,3.563793,2.0563793,-23.633333333333333,-37.0,166.31666666666666,1.6666666666666665,1e-09,3.4673306e-07,-6.46006
2015-12-15 11:00:00,2.8413332,-3.6243334,1.6228334,543.483,3.004468,1.774681,-27.216666666666665,-39.0,212.45,1.6666666666666665,1e-09,4.0438334e-07,-6.3935747
2015-12-15 12:00:00,3.4413333,-3.0643334,1.8435,541.3963,3.3546295,1.963889,-23.266666666666666,-34.0,122.86666666666666,3.0,1.0027565e-09,3.4113458e-07,-6.467992
2015-12-15 13:00:00,3.7158332,-3.9416666,-1.9573333,539.0483,3.1781034,1.845862,-21.616666666666667,-31.0,122.33333333333333,3.0,1.0106085e-09,3.21215e-07,-6.4938602
2015-12-15 14:00:00,2.3526785,-3.5510714,-3.3569643,535.8115,2.9373078,1.6878847,-23.333333333333332,-28.0,455.01666666666665,3.0,2.7832305e-09,3.327358e-07,-6.478624
2015-12-15 15:00:00,2.171695,-3.521695,-0.65949154,516.82245,3.6865306,1.9630613,-21.7,-26.0,432.46666666666664,3.3333333333333335,6.766777e-09,3.217004e-07,-6.4926763
2015-12-15 16:00:00,3.639,-2.5521667,2.0326667,508.54898,4.1934695,2.162449,-19.433333333333334,-27.0,187.71666666666667,3.3333333333333335,1.7327774e-09,3.240356e-07,-6.4894853
2015-12-15 17:00:00,2.7033334,-2.5311666,3.2378335,512.02606,4.094783,2.1423914,-15.916666666666666,-25.0,71.63333333333334,3.3333333333333335,1.0130214e-09,3.1264156e-07,-6.505051
2015-12-15 18:00:00,0.6674138,-0.53810346,6.611207,530.15765,4.1071157,2.3061538,-11.533333333333333,-20.0,71.46666666666667,1.3333333333333333,1.0027565e-09,3.18791e-07,-6.4965897
2015-12-15 19:00:00,2.957193,-3.5491228,4.747193,512.1575,4.0821276,2.140851,-11.2,-19.0,46.083333333333336,1.3333333333333333,1.00203e-09,3.2282585e-07,-6.4912467
2015-12-15 20:00:00,4.5095,-6.9313335,-0.43483335,513.507,2.5429823,1.3280702,-18.233333333333334,-25.0,49.45,1.3333333333333333,1.3343119e-09,3.951955e-07,-6.412537
2015-12-15 21:00:00,4.6148334,-7.2158337,-1.6508334,517.21075,1.8703572,1.0003572,-20.3,-26.0,195.85,2.6666666666666665,9.678023e-09,6.270429e-07,-6.220527
2015-12-15 22:00:00,4.301111,-6.918148,-1.1916666,513.82336,2.3612766,1.2248936,-14.55,-21.0,172.31666666666666,2.6666666666666665,1.3742627e-08,8.3577197e-07,-6.0979314
2015-12-15 23:00:00,4.0022416,-6.4789653,-1.7751724,544.9302,2.1737735,1.2866038,-12.583333333333334,-21.0,168.38333333333333,2.6666666666666665,1.017399e-09,4.6884693e-07,-6.329779
2015-12-16 00:00:00,2.4566102,-5.218475,-5.0877967,564.2904,2.4238462,1.545,-13.466666666666667,-21.0,456.73333333333335,3.6666666666666665,1.0023145e-09,4.6940977e-07,-6.3286605
2015-12-16 01:00:00,4.5578947,-4.2185965,-0.8663158,575.3705,2.2113638,1.4615909,-26.683333333333334,-35.0,460.1,3.6666666666666665,1.4613865e-09,5.345789e-07,-6.272398
2015-12-16 02:00:00,3.3325,-4.167115,-2.499423,599.67316,1.9236586,1.3839024,-28.5,-37.0,169.05,3.6666666666666665,1.1706399e-09,5.0594525e-07,-6.295993
2015-12-16 03:00:00,2.9813335,-3.3925002,1.1943333,596.1759,1.9957407,1.4205556,-23.983333333333334,-32.0,223.13333333333333,3.0,1.010308e-09,4.577946e-07,-6.339485
2015-12-16 04:00:00,2.4346666,-2.8556666,3.2686665,591.28546,2.06,1.4399999,-17.133333333333333,-25.0,104.9,3.0,1.0161213e-09,4.5072653e-07,-6.3461223
2015-12-16 05:00:00,3.1531668,-3.4515,-0.79,577.5745,2.2333333,1.4896078,-14.116666666666667,-24.0,161.15,3.0,1.956649e-09,4.821975e-07,-6.321135
2015-12-16 06:00:00,1.5805085,-2.659661,2.2299998,584.94366,1.9774545,1.3521819,-12.05,-25.0,46.833333333333336,0.3333333333333333,1.3517414e-09,5.2000865e-07,-6.284918
2015-12-16 07:00:00,3.138,-3.2766669,0.17466666,561.87415,1.9563793,1.2360345,-11.216666666666667,-25.0,42.71666666666667,0.3333333333333333,1.4141823e-09,4.5281968e-07,-6.3456674
2015-12-16 08:00:00,3.2246666,-2.8796666,0.5875,548.8245,1.9233962,1.1586792,-11.716666666666667,-24.0,44.93333333333333,0.3333333333333333,1.2377703e-07,1.8039196e-06,-5.932719
2015-12-16 09:00:00,2.7911668,-3.1151667,1.1656667,550.986,1.6786,1.0192,-11.4,-24.0,35.916666666666664,0.3333333333333333,1.9227281e-07,3.414493e-06,-5.5363393
2015-12-16 10:00:00,2.8586667,-2.8086667,1.6253333,546.8396,1.540625,0.9216667,-13.533333333333333,-27.0,122.61666666666666,0.3333333333333333,3.3261598e-09,6.727895e-07,-6.1819305
2015-12-16 11:00:00,3.626,-2.0253332,1.2268333,525.7685,1.5461111,0.8555556,-14.95,-26.0,53.05,0.3333333333333333,1.1143536e-09,4.501678e-07,-6.3475447
2015-12-16 12:00:00,3.9176667,-2.394667,1.3151666,518.5,1.3481632,0.724898,-14.616666666666667,-25.0,24.2,0.0,1.085413e-09,4.2018698e-07,-6.378662
2015-12-16 13:00:00,3.855,-2.475,1.2750001,520.7,1.3,0.7,-12.933333333333334,-20.0,22.466666666666665,0.0,1.0027218e-09,3.9136128e-07,-6.407872
2015-12-16 14:00:00,3.685,-2.6981819,1.4784092,504.63223,1.0032258,0.5103226,-12.9,-19.0,26.316666666666666,0.0,1.0610435e-09,5.024809e-07,-6.2999043
2015-12-16 15:00:00,3.810339,-2.59661,0.98762715,501.71155,0.9975,0.4998077,-12.566666666666666,-19.0,34.233333333333334,0.3333333333333333,2.34198e-09,6.3545775e-07,-6.1971955
2015-12-16 16:00:00,3.6368334,-2.9226668,1.313,486.67035,0.99351853,0.47166666,-12.566666666666666,-17.0,41.016666666666666,0.3333333333333333,2.2215143e-09,6.5791676e-07,-6.182
2015-12-16 17:00:00,3.8507998,-2.7898002,1.6556,476.8805,0.8443902,0.38365853,-12.7,-16.0,40.55,0.3333333333333333,1.9612403e-09,6.2497054e-07,-6.2049403
2015-12-16 18:00:00,3.569,-2.7128334,1.6135,457.75613,1.1814034,0.48473683,-11.4,-17.0,33.333333333333336,0.3333333333333333,1.2990113e-09,6.049186e-07,-6.218446
2015-12-16 19:00:00,1.7691525,-2.6132202,2.2222035,430.09818,2.159091,0.7934545,-8.683333333333334,-17.0,42.483333333333334,0.3333333333333333,1.2364054e-09,6.137767e-07,-6.212159
2015-12-16 20:00:00,1.3458333,-2.6968334,1.737,430.22116,2.5771153,0.95750004,-8.666666666666666,-17.0,22.25,0.3333333333333333,1.0595828e-09,5.7624214e-07,-6.23963
2015-12-16 21:00:00,2.8388333,-2.829,1.0838333,419.45,2.7157693,0.9565385,-8.666666666666666,-17.0,16.966666666666665,0.3333333333333333,1.0063165e-09,5.0774946e-07,-6.2944884
2015-12-16 22:00:00,-0.9088333,1.3023334,2.3926666,423.82858,4.7761908,1.7154763,-1.7166666666666666,-10.0,22.716666666666665,0.3333333333333333,1.0086995e-09,4.6134798e-07,-6.3364015
2015-12-16 23:00:00,1.5016949,-2.1501696,2.431695,408.84628,4.461111,1.49,-1.6333333333333333,-10.0,17.733333333333334,0.3333333333333333,1.005064e-09,4.2089903e-07,-6.3760285
2015-12-17 00:00:00,1.7764406,-4.2815256,2.2201695,407.58838,3.867442,1.2869767,-0.5,-11.0,14.516666666666667,0.3333333333333333,1.0022674e-09,3.8093538e-07,-6.4193344
2015-12-17 01:00:00,4.047627,-2.361356,1.5574576,390.6349,4.9627905,1.5111629,-2.5,-13.0,15.35,0.3333333333333333,1e-09,3.5868442e-07,-6.445359
2015-12-17 02:00:00,4.823158,-0.9877193,-0.08140351,384.25198,4.7014003,1.3856,-3.6666666666666665,-14.0,17.8,0.3333333333333333,1.0053814e-09,3.7219542e-07,-6.429847
2015-12-17 03:00:00,3.3231666,-3.4045,1.3543334,400.08163,4.7634697,1.5269388,-0.9166666666666666,-10.0,26.8,0.3333333333333333,5.35297e-09,4.6739618e-07,-6.3471894
2015-12-17 04:00:00,0.9125,-3.4745,3.8545,430.24817,4.952778,1.8422221,4.466666666666667,-6.0,24.916666666666668,0.3333333333333333,1e-09,3.637947e-07,-6.440978
2015-12-17 05:00:00,-0.15413794,-2.5510347,4.0110345,437.5434,5.904528,2.2620754,9.333333333333334,-2.0,22.133333333333333,0.3333333333333333,5.9365584e-09,4.085067e-07,-6.410551
2015-12-17 06:00:00,-0.4765306,-2.9632652,3.812449,438.24118,6.450294,2.477353,12.833333333333334,1.0,21.383333333333333,0.3333333333333333,1e-09,3.38192e-07,-6.471323
2015-12-17 07:00:00,3.5616667,-3.3865001,0.20766667,434.02307,5.8648076,2.2165384,10.85,-2.0,25.916666666666668,0.3333333333333333,1e-09,3.230348e-07,-6.4907846
2015-12-17 08:00:00,3.1244643,-4.2876787,1.6185714,434.72455,5.2394342,1.9783019,9.683333333333334,-3.0,28.15,0.3333333333333333,1e-09,3.1898745e-07,-6.4962473
2015-12-17 09:00:00,1.2407143,0.12124999,1.4860715,434.65454,4.1339393,1.56,7.65,-5.0,18.333333333333332,1.0,1e-09,3.130899e-07,-6.504371
2015-12-17 10:00:00,3.8964999,-0.9571667,-2.3338332,436.54895,3.474681,1.323617,2.2666666666666666,-10.0,28.866666666666667,1.0,1.0003345e-09,3.3284468e-07,-6.4781446
2015-12-17 11:00:00,4.260667,-2.1828334,-1.6211667,454.932,3.0368,1.2556,-1.5333333333333334,-14.0,181.6,1.0,1.0093275e-09,3.8174687e-07,-6.4194264
2015-12-17 12:00:00,2.062586,-3.9596553,-0.99344826,472.15778,2.973778,1.3348889,-2.05,-16.0,184.21666666666667,1.3333333333333333,3.3408135e-08,8.9669095e-07,-6.12648
2015-12-17 13:00:00,3.1915517,-3.4243104,-2.3689654,460.9481,3.3917308,1.4428846,-2.966666666666667,-17.0,181.7,1.3333333333333333,1.1857576e-09,4.2624148e-07,-6.379193
2015-12-17 14:00:00,2.4526668,-2.8323333,-3.0081668,465.97885,3.2434616,1.4088461,-5.883333333333334,-19.0,197.16666666666666,1.3333333333333333,1.000346e-09,3.1877616e-07,-6.496885
2015-12-17 15:00:00,3.706,-3.0536666,-1.4973334,463.1423,3.3326924,1.4307692,-10.65,-21.0,219.41666666666666,2.0,1e-09,2.8368999e-07,-6.5472074
2015-12-17 16:00:00,2.015,-3.9889998,-1.2861667,476.64117,3.3645098,1.5315686,-12.55,-21.0,272.53333333333336,2.0,1.0003345e-09,3.063992e-07,-6.514097
2015-12-17 17:00:00,3.5848277,-3.1355174,-2.5353448,456.2689,3.3755555,1.4082222,-13.4,-20.0,241.63333333333333,2.0,7.108752e-09,5.5211086e-07,-6.2686176
2015-12-17 18:00:00,3.3918333,-3.3025,-3.3143334,455.20193,3.2567308,1.3530769,-15.85,-19.0,425.5,3.6666666666666665,1.006046e-09,3.6983036e-07,-6.4334807
2015-12-17 19:00:00,-0.76233333,-2.0723333,-3.661,496.38477,3.5460868,1.7521739,-15.3,-24.0,492.3,3.6666666666666665,1.0024219e-09,3.1474218e-07,-6.5022526
2015-12-17 20:00:00,2.0796666,-3.7013333,-0.07466669,462.60703,3.599649,1.5442106,-16.816666666666666,-27.0,424.96666666666664,3.6666666666666665,-14999.85,-14999.85,-6.508609
2015-12-17 21:00:00,1.691017,-4.941525,1.1911864,457.725,3.6405356,1.5246428,-11.283333333333333,-25.0,59.75,2.0,3.4950853e-09,4.1823907e-07,-6.391768
2015-12-17 22:00:00,1.4115001,-2.8783333,-2.704,450.79022,3.99451,1.6254902,-6.983333333333333,-17.0,120.33333333333333,2.0,1.002076e-09,3.3287276e-07,-6.4778357
2015-12-17 23:00:00,5.0805,-1.8483334,-0.7558333,417.21698,3.8803775,1.3501886,-10.716666666666667,-19.0,62.583333333333336,2.0,1e-09,3.2811334e-07,-6.4841003
2015-12-18 00:00:00,4.5065002,-2.4046667,-1.4905,408.90753,3.9149058,1.3088679,-9.683333333333334,-20.0,85.5,1.6666666666666665,1e-09,3.3898422e-07,-6.4715986
2015-12-18 01:00:00,2.8657897,-3.734386,0.03157895,414.5449,4.0318365,1.3857143,-11.116666666666667,-22.0,85.83333333333333,1.6666666666666665,-19999.8,-19999.8,-6.456454
2015-12-18 02:00:00,3.6238596,0.94280696,2.5884209,412.59,4.1070004,1.3989999,-9.766666666666667,-20.0,57.15,1.6666666666666665,1.0867635e-09,4.3599354e-07,-6.3611712
2015-12-18 03:00:00,0.7568333,-2.4511669,3.1366665,427.99454,4.090909,1.4981818,-6.716666666666667,-16.0,29.583333333333332,0.6666666666666666,1.2509526e-08,4.9879725e-07,-6.3449326
2015-12-18 04:00:00,1.5289999,-5.0005,-1.1878333,414.01666,3.4125926,1.1698148,-7.933333333333334,-16.0,61.13333333333333,0.6666666666666666,1.6890734e-08,7.8523345e-07,-6.128703
2015-12-18 05:00:00,1.6928333,-5.221833,-0.22233334,407.99655,3.1605172,1.0518966,-8.25,-16.0,64.16666666666667,0.6666666666666666,1.3548787e-07,2.1464066e-06,-5.770683
2015-12-18 06:00:00,1.3875,-5.448667,-1.0258334,408.70712,2.8726785,0.95857143,-5.416666666666667,-15.0,59.65,1.3333333333333333,1e-09,3.8780848e-07,-6.417037
2015-12-18 07:00:00,1.7759999,-1.3625,-0.0655,400.6771,4.3497915,1.384375,-1.4166666666666667,-13.0,67.21666666666667,1.3333333333333333,1e-09,2.9661547e-07,-6.5278864
2015-12-18 08:00:00,3.1395,-0.73833334,-0.46083334,391.54718,4.823962,1.4786793,-0.38333333333333336,-14.0,52.68333333333333,1.3333333333333333,1e-09,2.937139e-07,-6.532252
2015-12-18 09:00:00,2.4993222,-0.5281356,-2.477966,397.71332,4.6468887,1.4691111,0.45,-13.0,40.2,0.6666666666666666,1.0006919e-09,3.0750837e-07,-6.5126543
2015-12-18 10:00:00,3.155849,-2.009434,-0.12584905,390.7023,4.950465,1.5111629,-0.35,-12.0,24.983333333333334,0.6666666666666666,1e-09,3.3015485e-07,-6.4814634
2015-12-18 11:00:00,1.7074575,-2.497627,0.8901695,402.7326,4.8254347,1.5652174,-1.0833333333333333,-12.0,26.266666666666666,0.6666666666666666,1.1335672e-09,3.5918217e-07,-6.448504
2015-12-18 12:00:00,2.224035,-2.7042105,1.104386,400.9269,5.0076923,1.6098077,-0.6666666666666666,-12.0,29.416666666666668,0.6666666666666666,1e-09,3.0458787e-07,-6.516462
2015-12-18 13:00:00,2.3764408,-1.9401695,-0.05440679,404.23468,4.6536736,1.5218368,-0.6333333333333333,-12.0,39.3,0.6666666666666666,1e-09,2.9515152e-07,-6.5299726
2015-12-18 14:00:00,3.9158928,-3.0880356,0.41607141,389.75107,4.7078724,1.4317021,-2.05,-12.0,52.55,0.6666666666666666,1e-09,3.0647814e-07,-6.513623
2015-12-18 15:00:00,3.2308335,-3.8795002,0.7986667,395.30344,4.5189657,1.4115517,-1.8333333333333333,-11.0,51.31666666666667,0.6666666666666666,1.694225e-09,3.612258e-07,-6.450706
2015-12-18 16:00:00,2.7115,-3.2938335,1.18,399.91666,4.6113334,1.4751667,-1.9833333333333334,-8.0,77.71666666666667,0.6666666666666666,1e-09,3.0122965e-07,-6.5215735
2015-12-18 17:00:00,1.1805,-4.3743334,-0.6368333,406.40344,4.429483,1.4618965,-2.3333333333333335,-8.0,60.45,0.6666666666666666,1.0528186e-09,3.8661202e-07,-6.4187326
2015-12-18 18:00:00,3.1501665,-2.4586668,2.0725,396.92184,4.6394544,1.4618182,-4.816666666666666,-11.0,46.75,0.6666666666666666,1.7522951e-09,4.492299e-07,-6.3520737
2015-12-18 19:00:00,3.686,-3.0803332,1.2718333,389.693,4.319649,1.3117545,-6.75,-14.0,32.56666666666667,0.6666666666666666,1e-09,2.9867567e-07,-6.525432
2015-12-18 20:00:00,-0.47433335,-3.2906668,-1.9013333,408.34482,4.364655,1.4574138,-4.833333333333333,-13.0,28.016666666666666,0.6666666666666666,1e-09,2.83719e-07,-6.5472856
2015-12-18 21:00:00,-1.9473332,-2.8763335,-3.6258333,413.54184,4.349818,1.4887272,-7.0,-16.0,230.66666666666666,2.6666666666666665,1.0003345e-09,2.843788e-07,-6.546146
2015-12-18 22:00:00,-0.2165,-3.0446665,0.10483332,404.89655,5.1946554,1.7031034,-8.25,-17.0,170.75,2.6666666666666665,1e-09,2.692091e-07,-6.569951
2015-12-18 23:00:00,-0.14583333,-2.9938333,1.2351667,398.86725,4.8456893,1.5418966,-3.4,-15.0,39.9,2.6666666666666665,1.4198218e-09,3.466882e-07,-6.4703846
2015-12-19 00:00:00,1.742,-3.1286666,-0.62266666,389.0875,5.2789283,1.5975,0.95,-11.0,51.916666666666664,1.0,5.8616774e-09,6.1223415e-07,-6.216729
2015-12-19 01:00:00,0.1379661,-0.59542376,-3.5545764,393.0306,4.9730616,1.5363265,-1.9,-14.0,76.03333333333333,1.0,4.8518247e-09,6.7316125e-07,-6.1742053
2015-12-19 02:00:00,-1.1647458,-2.6949153,-1.3191526,394.45358,4.854107,1.5116072,-6.316666666666666,-18.0,58.38333333333333,1.0,2.844749e-08,7.017798e-07,-6.278491
2015-12-19 03:00:00,-2.4223332,-0.39966667,-1.1550001,406.42963,4.667037,1.54,-7.066666666666666,-18.0,75.4,0.6666666666666666,1e-09,3.6302356e-07,-6.4413095
2015-12-19 04:00:00,0.41633332,-2.3838334,-1.5175,386.86035,4.3187933,1.2937931,-6.45,-16.0,56.166666666666664,0.6666666666666666,4.1655333e-09,4.6693168e-07,-6.34879
2015-12-19 05:00:00,1.9106667,-2.8555,-0.77183336,380.9965,3.9314034,1.1414034,-6.35,-15.0,53.2,0.6666666666666666,1.4993918e-09,4.3275085e-07,-6.377831
2015-12-19 06:00:00,2.281724,-1.8137931,-1.3431035,372.54037,4.4215384,1.2244232,-4.45,-16.0,54.2,0.3333333333333333,1e-09,3.1399108e-07,-6.5031924
2015-12-19 07:00:00,2.2998304,-1.0345763,-1.0333898,364.86047,4.667442,1.2418605,-2.2333333333333334,-16.0,54.35,0.3333333333333333,1.000346e-09,3.031837e-07,-6.518381
2015-12-19 08:00:00,1.8244067,-0.5520339,-1.4152542,365.34818,4.7233334,1.2611111,1.2666666666666666,-11.0,50.93333333333333,0.3333333333333333,1.0495333e-09,3.5378133e-07,-6.45466
2015-12-19 09:00:00,2.8064816,1.7081481,-1.0272223,360.02954,4.9611363,1.2845454,0.7833333333333333,-12.0,38.13333333333333,0.6666666666666666,1.0555273e-09,4.2994523e-07,-6.366704
2015-12-19 10:00:00,4.2796664,0.958,-0.26866665,345.34256,5.3797874,1.2829787,0.5666666666666667,-12.0,80.38333333333334,0.6666666666666666,2.2262915e-08,6.9158955e-07,-6.2271833
2015-12-19 11:00:00,4.408727,0.67709094,-0.09254546,348.26,5.0876,1.2342,3.783333333333333,-8.0,118.71666666666667,0.6666666666666666,3.150596e-09,5.0974705e-07,-6.3176875
2015-12-19 12:00:00,4.4867854,-0.42982143,-0.08321428,346.4125,5.1675,1.2405,4.55,-6.0,49.083333333333336,1.0,4.2118558e-09,3.9560922e-07,-6.4097476
2015-12-19 13:00:00,2.6513557,-1.4323729,-1.5891526,360.54904,5.521698,1.4324528,7.7,-4.0,35.88333333333333,1.0,9.93804e-08,1.2887889e-06,-5.9027376
2015-12-19 14:00:00,3.1876667,-3.5586667,-3.1699998,362.56296,5.5990744,1.4703704,3.0833333333333335,-7.0,91.06666666666666,1.0,2.5002448e-08,9.386047e-07,-6.027786
2015-12-19 15:00:00,2.3553336,-4.460667,-0.8258333,362.99643,6.749643,1.7776786,-3.1333333333333333,-9.0,128.53333333333333,3.3333333333333335,1.6962876e-08,9.658564e-07,-6.0169964
2015-12-19 16:00:00,5.4316664,-4.739667,2.2925,416.66666,14.845417,5.625625,7.566666666666666,7.0,369.85,3.3333333333333335,3.3006595e-09,6.9205385e-07,-6.1605935
2015-12-19 17:00:00,6.4035,-2.5796666,10.6545,453.88544,19.05691,7.864182,12.05,11.0,196.91666666666666,3.3333333333333335,1.3858554e-08,8.62186e-07,-6.069548
2015-12-19 18:00:00,-0.08689655,1.5382758,-1.8463793,484.975,39.5525,18.588333,32.083333333333336,29.0,314.56666666666666,3.6666666666666665,4.579971e-09,6.927665e-07,-6.1604853
2015-12-19 19:00:00,1.3149153,-3.0481355,-0.73542374,489.90344,40.48431,19.428967,30.016666666666666,25.0,292.8,3.6666666666666665,1.1158438e-09,5.8184276e-07,-6.2364087
2015-12-19 20:00:00,0.15283333,7.673333,0.9521667,497.34036,37.06456,18.33035,29.4,21.0,244.81666666666666,3.6666666666666665,1.0282944e-09,5.112391e-07,-6.291728
2015-12-19 21:00:00,-1.1388334,6.7353334,-0.5228333,494.44498,44.57683,21.744333,36.56666666666667,30.0,594.2,4.0,4.2474596e-08,9.2210433e-07,-6.073206
2015-12-19 22:00:00,-1.1053333,7.3211665,-0.78,485.91577,39.71386,18.73123,33.55,33.0,487.76666666666665,4.0,3.2919812e-07,3.7182153e-06,-5.4347105
2015-12-19 23:00:00,0.026499998,6.4148335,2.1123333,481.79333,36.93,17.182335,33.96666666666667,31.0,261.76666666666665,4.0,5.9322808e-08,2.0447599e-06,-5.6995316
2015-12-20 00:00:00,-0.93633336,10.951666,2.6288333,474.0316,30.036314,13.459474,25.8,21.0,178.78333333333333,4.0,6.4006977e-09,1.0289472e-06,-5.994458
2015-12-20 01:00:00,-1.7171667,14.411834,1.5446666,468.3,21.148335,9.247833,15.25,10.0,182.91666666666666,4.0,3.0133307e-08,1.0590661e-06,-5.980788
2015-12-20 02:00:00,-2.9563334,16.341167,3.9996667,455.25833,15.919333,6.597833,4.933333333333334,-1.0,383.26666666666665,4.0,1.4584377e-08,1.0450892e-06,-5.983679
2015-12-20 03:00:00,-0.381,8.277667,-0.79466665,451.605,28.104668,11.473333,19.566666666666666,10.0,285.35,6.0,1.909837e-09,7.6749126e-07,-6.1151376
2015-12-20 04:00:00,1.5722034,-0.15627119,-14.92644,448.5927,36.977272,14.868728,-2.6,-3.0,659.35,6.0,9.522771e-08,1.5848741e-06,-5.8403187
2015-12-20 05:00:00,2.9850848,4.9472885,-14.157119,436.99258,30.317965,11.629815,-18.65,-26.0,1252.9166666666667,6.0,2.0145218e-07,2.8370973e-06,-5.5658135
2015-12-20 06:00:00,6.0061665,2.3964999,-13.0181675,424.43036,50.74661,18.273214,-35.18333333333333,-38.0,1128.5833333333333,5.666666666666667,2.3555527e-08,1.1638435e-06,-5.936983
2015-12-20 07:00:00,6.238333,4.27,-12.464001,420.7717,50.289623,17.813585,-53.25,-57.0,750.45,5.666666666666667,1.9751331e-08,1.0518888e-06,-5.9800787
2015-12-20 08:00:00,-3.3505557,4.4403706,-7.5916667,399.67096,63.51903,20.275806,-63.28333333333333,-72.0,711.2833333333333,5.666666666666667,2.0868052e-08,9.631763e-07,-6.0247827
2015-12-20 09:00:00,-6.7701664,4.284333,-7.059,395.75183,61.00333,19.118704,-74.56666666666666,-82.0,632.95,4.333333333333333,6.4451613e-09,6.6440475e-07,-6.177834
2015-12-20 10:00:00,-6.3630505,2.5481355,-6.948814,391.52075,52.448112,16.08585,-69.96666666666667,-80.0,416.93333333333334,4.333333333333333,1.4866943e-08,9.52102e-07,-6.024512
2015-12-20 11:00:00,-2.1468422,1.4173684,-7.1705265,391.87222,59.194443,18.19111,-63.15,-74.0,642.85,4.333333333333333,3.1041903e-08,1.0204825e-06,-6.0155187
2015-12-20 12:00:00,-2.617288,-0.1859322,-8.998644,393.07254,51.790787,16.013922,-45.88333333333333,-57.0,1396.1833333333334,5.333333333333333,6.022184e-08,1.1406894e-06,-5.968445
2015-12-20 13:00:00,-1.2490001,0.9171667,-10.5008335,396.59076,37.33204,11.736297,-54.166666666666664,-68.0,906.8666666666667,5.333333333333333,3.7506123e-08,9.069698e-07,-6.045755
2015-12-20 14:00:00,1.3377966,2.1728814,-10.457118,393.2351,28.227192,8.722982,-69.16666666666667,-82.0,466.68333333333334,5.333333333333333,7.8579e-09,6.4940247e-07,-6.1888595
2015-12-20 15:00:00,-1.4601724,0.15103449,-14.711206,417.3963,13.559814,4.6468515,-87.06666666666666,-94.0,679.9,6.333333333333333,3.916265e-09,6.4539586e-07,-6.190727
2015-12-20 16:00:00,-2.34,-1.4438332,-14.816,405.6,20.635763,6.777966,-93.93333333333334,-94.0,1375.35,6.333333333333333,1.1539527e-08,4.5207167e-07,-6.3467984
2015-12-20 17:00:00,-4.159167,-3.0513334,-13.229667,402.77335,23.133501,7.4925,-116.9,-117.0,894.9833333333333,6.333333333333333,1.2515057e-09,3.9607406e-07,-6.4023886
2015-12-20 18:00:00,-4.1740003,-2.1386669,-13.654333,401.40332,20.121668,6.4908338,-124.03333333333333,-128.0,822.1666666666666,6.666666666666667,4.9823803e-09,5.389871e-07,-6.277201
2015-12-20 19:00:00,-4.501333,-1.0226667,-15.065167,401.02,14.945333,4.804,-122.78333333333333,-121.0,892.2,6.666666666666667,5.7872022e-08,1.3214277e-06,-5.97739
2015-12-20 20:00:00,-4.513833,0.09966666,-15.736834,408.04654,11.52931,3.8381035,-128.4,-130.0,694.5166666666667,6.666666666666667,1.2922137e-08,8.9869445e-07,-6.0633097
2015-12-20 21:00:00,-4.7764997,-1.1271666,-16.965666,414.71228,10.741228,3.7185967,-140.38333333333333,-144.0,902.55,6.333333333333333,2.981147e-08,9.567608e-07,-6.1015873
2015-12-20 22:00:00,-5.3508477,-2.021695,-17.78034,415.51273,6.430182,2.2158182,-158.4,-166.0,681.2833333333333,6.333333333333333,2.1249474e-07,2.5108338e-06,-5.697757
2015-12-20 23:00:00,-5.0571666,-5.0435,-18.132334,422.55933,1.6135592,0.5752542,-150.45,-161.0,478.73333333333335,6.333333333333333,1.09162556e-07,2.2276024e-06,-5.694407
2015-12-21 00:00:00,-4.900833,-6.050667,-16.8205,421.7163,2.9616325,1.0614285,-140.63333333333333,-148.0,680.7666666666667,6.666666666666667,2.4187824e-07,2.9364087e-06,-5.6132946
2015-12-21 01:00:00,-5.08431,-6.2224135,-16.214483,414.4289,3.400222,1.1724445,-146.55,-159.0,429.98333333333335,6.666666666666667,9.843627e-07,8.244537e-06,-5.2418566
2015-12-21 02:00:00,-4.9145613,-6.747895,-15.974561,415.35294,3.144902,1.0827451,-142.03333333333333,-153.0,385.73333333333335,6.666666666666667,2.9893165e-08,1.6679985e-06,-5.784791
2015-12-21 03:00:00,-5.2505,-6.914,-15.014001,408.06482,4.1772223,1.3890741,-132.51666666666668,-141.0,472.03333333333336,6.0,2.12582e-08,1.0937136e-06,-5.986462
2015-12-21 04:00:00,-5.0183334,-8.120334,-13.748834,401.0263,5.0678945,1.6278948,-127.31666666666666,-138.0,402.43333333333334,6.0,1.429756e-08,7.689704e-07,-6.1392593
2015-12-21 05:00:00,-3.0978332,-9.308333,-11.317834,407.83334,7.4050875,2.464737,-107.05,-126.0,645.0166666666667,6.0,1.6315589e-07,1.8741141e-06,-5.895924
2015-12-21 06:00:00,-6.2966666,-10.116333,-10.961166,403.39453,6.2438183,2.0292728,-108.5,-120.0,430.68333333333334,5.0,3.0565859e-09,6.3290855e-07,-6.1995606
2015-12-21 07:00:00,-7.298104,-6.329138,-13.118621,401.47778,5.7744446,1.86,-111.58333333333333,-126.0,398.8833333333333,5.0,2.467257e-09,6.2500817e-07,-6.2044163
2015-12-21 08:00:00,-5.1526666,-11.1918335,-10.895333,399.96667,4.092,1.3128333,-114.05,-130.0,458.45,5.0,1.5615955e-08,7.5868223e-07,-6.1384425
2015-12-21 09:00:00,-4.526,-12.463834,-10.287167,393.6264,4.5956607,1.4205661,-111.55,-127.0,511.1166666666667,3.6666666666666665,1.2342768e-08,7.405214e-07,-6.1362157
2015-12-21 10:00:00,-4.0216665,-14.068666,-8.935667,381.6241,4.8222413,1.4044827,-104.66666666666667,-118.0,267.1,3.6666666666666665,4.523173e-07,4.8195393e-06,-5.457619
2015-12-21 11:00:00,-4.8286667,-14.9193325,-7.614667,378.8158,2.845614,0.8198246,-88.45,-101.0,481.0833333333333,3.6666666666666665,1.1083982e-07,2.530422e-06,-5.6475387
2015-12-21 12:00:00,-4.923793,-15.830689,-4.8493104,374.976,1.9918,0.5604,-86.43333333333334,-97.0,196.66666666666666,3.0,2.9968213e-08,1.1894405e-06,-5.9275904
2015-12-21 13:00:00,-2.6316667,-14.851167,-4.2125,376.87018,3.8110526,1.0754386,-77.16666666666667,-86.0,337.76666666666665,3.0,2.556024e-08,1.0443505e-06,-5.9848485
2015-12-21 14:00:00,-0.6933333,-13.839499,-4.310667,368.6356,5.795085,1.5747458,-73.55,-82.0,311.4,3.0,6.470342e-08,1.359129e-06,-5.902469
2015-12-21 15:00:00,3.5248334,-13.978666,-0.95766664,380.9547,6.815849,1.9803773,-70.71666666666667,-81.0,152.66666666666666,2.3333333333333335,1.9799499e-08,8.8430085e-07,-6.0585527
2015-12-21 16:00:00,4.107755,-13.85551,0.41836736,383.61707,6.1653657,1.8134146,-65.36666666666666,-76.0,110.45,2.3333333333333335,1.9492258e-08,9.862913e-07,-6.009349
2015-12-21 17:00:00,4.873793,-13.153449,1.3143104,379.8453,5.3773584,1.5471698,-59.65,-68.0,232.4,2.3333333333333335,6.5535084e-09,7.3363003e-07,-6.136372
2015-12-21 18:00:00,5.326949,-11.91678,2.2291527,375.95532,5.0968084,1.4404255,-53.96666666666667,-63.0,160.4,1.3333333333333333,2.8793866e-07,3.3493718e-06,-5.554465
2015-12-21 19:00:00,5.2411866,-11.505085,1.9279661,374.2537,3.8437037,1.0772222,-53.416666666666664,-64.0,96.41666666666667,1.3333333333333333,2.0871347e-08,1.1036732e-06,-5.962723
2015-12-21 20:00:00,4.1001754,-11.603683,2.4998248,376.42307,3.6528845,1.035,-53.03333333333333,-64.0,146.93333333333334,1.3333333333333333,7.570524e-09,8.5543763e-07,-6.0696406
2015-12-21 21:00:00,3.4872882,-9.455085,0.84694916,392.11053,12.948948,3.971579,-38.8,-50.0,235.55,3.0,8.748589e-09,8.524838e-07,-6.071104
2015-12-21 22:00:00,5.1836667,-10.354667,0.65466666,413.7085,13.123051,4.518983,-32.45,-42.0,238.28333333333333,3.0,7.849963e-09,7.4347366e-07,-6.131762
2015-12-21 23:00:00,6.5693336,-8.088833,-0.23533331,429.4298,16.476492,6.076316,-28.016666666666666,-35.0,163.35,3.0,2.1079671e-08,9.238489e-07,-6.0416336
2015-12-22 00:00:00,-2.6376271,-3.322034,-1.5577967,409.1388,16.988367,5.64551,-28.65,-36.0,135.13333333333333,2.6666666666666665,1.9041899e-07,2.6650482e-06,-5.5811496
2015-12-22 01:00:00,-0.039666686,-3.3641667,-1.2993333,418.99243,14.516226,5.1071696,-35.81666666666667,-43.0,208.71666666666667,2.6666666666666665,3.5733592e-08,1.5822129e-06,-5.8225317
2015-12-22 02:00:00,4.5916667,-3.1646667,1.8614999,438.98334,15.173704,5.8472223,-39.5,-47.0,156.78333333333333,2.6666666666666665,1.1480752e-08,1.0287948e-06,-5.988276
2015-12-22 03:00:00,2.274737,-2.4308772,0.7256141,443.2018,13.265818,5.2009087,-36.65,-44.0,118.45,2.0,1.1222238e-06,7.5554635e-06,-5.321634
2015-12-22 04:00:00,-0.2983051,-2.4308474,-1.0957627,437.83334,12.180625,4.6604166,-34.81666666666667,-43.0,76.53333333333333,2.0,1.678749e-07,2.9181645e-06,-5.562291
2015-12-22 05:00:00,-0.87,-7.497,-0.43216667,438.36725,8.6585455,3.326909,-36.43333333333333,-46.0,73.01666666666667,2.0,1.0899853e-07,2.3340178e-06,-5.6332173
2015-12-22 06:00:00,-0.031020403,-1.5616328,2.0204082,455.775,9.69425,4.039,-32.483333333333334,-46.0,100.41666666666667,3.3333333333333335,2.763664e-08,1.4436483e-06,-5.8428903
2015-12-22 07:00:00,2.9288332,-1.1951667,4.253,448.55264,12.268597,4.9629827,-32.28333333333333,-47.0,134.26666666666668,3.3333333333333335,1.1342635e-08,1.0392869e-06,-5.9847097
2015-12-22 08:00:00,1.9125,5.7965,4.3710003,435.26483,7.865,2.9785185,-29.516666666666666,-46.0,151.83333333333334,3.3333333333333335,2.4292097e-08,9.792523e-07,-6.0103393
2015-12-22 09:00:00,-0.5937288,7.312712,-0.48847458,426.39624,8.171321,2.9660378,-26.233333333333334,-42.0,154.35,4.333333333333333,2.0683187e-08,9.303831e-07,-6.032728
2015-12-22 10:00:00,-1.2953448,1.6991379,-3.1077585,425.7218,21.716183,7.851818,-22.716666666666665,-39.0,371.76666666666665,4.333333333333333,1.3337555e-08,8.047953e-07,-6.0958614
2015-12-22 11:00:00,0.012,-2.4225001,-3.9385,428.50528,7.1915793,2.6419299,-30.366666666666667,-42.0,593.4333333333333,4.333333333333333,3.0205147e-08,7.8674583e-07,-6.106407
2015-12-22 12:00:00,-0.00016667048,-6.6851664,4.2953334,440.48706,4.2281485,1.6438888,-34.733333333333334,-49.0,223.43333333333334,2.3333333333333335,1.7409578e-08,7.4065e-07,-6.1309667
2015-12-22 13:00:00,-1.0983334,-6.6028337,2.7596667,446.6143,4.46125,1.7832143,-29.2,-46.0,72.38333333333334,2.3333333333333335,2.7164995e-07,3.3270223e-06,-5.560197
2015-12-22 14:00:00,0.02254238,-5.8979664,1.2455932,441.42,4.8372,1.8828,-25.466666666666665,-43.0,46.25,2.3333333333333335,1.2418751e-07,2.6727173e-06,-5.5789256
2015-12-22 15:00:00,1.2035,-2.4838333,5.4355,437.09018,5.042549,1.9254901,-23.7,-39.0,60.43333333333333,1.0,1.7444593e-08,1.2254491e-06,-5.9220185
2015-12-22 16:00:00,1.3831667,-3.336,2.1071668,437.9702,5.2614894,2.0159574,-22.65,-36.0,46.333333333333336,1.0,3.1819045e-08,1.1091805e-06,-5.9558845
2015-12-22 17:00:00,3.9011664,-3.2168334,1.4341667,419.90384,5.7709613,2.035,-23.983333333333334,-35.0,38.71666666666667,1.0,8.042047e-09,7.8343686e-07,-6.1074963
2015-12-22 18:00:00,0.461,-5.971833,-1.6726667,441.57193,5.1701756,2.0163157,-29.066666666666666,-35.0,93.1,2.3333333333333335,1.7479515e-08,8.928821e-07,-6.0621214
2015-12-22 19:00:00,1.3883334,-5.1141667,-0.7948333,435.09818,4.9481483,1.8709259,-35.2,-42.0,306.81666666666666,2.3333333333333335,1.6045341e-08,8.138847e-07,-6.096427
2015-12-22 20:00:00,1.8267796,-5.358305,0.50135595,435.1388,5.174286,1.9546938,-34.68333333333333,-44.0,215.83333333333334,2.3333333333333335,4.8405454e-08,1.3874298e-06,-5.8583293
2015-12-22 21:00:00,0.26666668,-5.9158335,-2.1531668,441.59076,4.5742593,1.7825927,-31.016666666666666,-42.0,141.66666666666666,2.3333333333333335,1.1159048e-08,8.6048215e-07,-6.074258
2015-12-22 22:00:00,3.3845,-2.7053335,1.5746666,422.67844,5.727647,2.0347059,-31.616666666666667,-41.0,146.76666666666668,2.3333333333333335,1.782166e-09,6.113335e-07,-6.214326
2015-12-22 23:00:00,4.6586666,-0.9316667,0.9468334,414.05508,6.3300004,2.1671429,-28.6,-38.0,98.01666666666667,2.3333333333333335,1.6613052e-08,7.4870974e-07,-6.1448975
2015-12-23 00:00:00,3.5382352,-3.2415688,-1.3549019,421.66498,5.7295003,2.0307498,-27.25,-37.0,117.0,2.0,3.2371922e-06,1.6675223e-05,-5.125196
2015-12-23 01:00:00,4.9371934,-2.6803508,2.5966666,431.37756,5.686939,2.1181633,-28.0,-39.0,82.9,2.0,6.5522556e-07,7.339901e-06,-5.1877975
2015-12-23 02:00:00,4.1295,-2.5621667,3.5518334,446.29037,6.696346,2.6698077,-23.45,-36.0,61.416666666666664,2.0,4.8995492e-08,1.638124e-06,-5.797262
2015-12-23 03:00:00,1.0496666,-3.1591668,-0.70533335,463.1981,6.4398074,2.7598076,-19.15,-31.0,75.65,2.3333333333333335,1.2831936e-08,9.679067e-07,-6.016505
2015-12-23 04:00:00,3.3443103,-2.8556898,1.4875861,454.2958,6.446875,2.659375,-22.716666666666665,-32.0,111.73333333333333,2.3333333333333335,3.3886423e-07,4.390043e-06,-5.4262915
2015-12-23 05:00:00,1.7129999,-5.8985,1.2048334,456.71924,6.371154,2.660577,-20.316666666666666,-30.0,77.93333333333334,2.3333333333333335,1.0015884e-08,1.0562774e-06,-5.9872193
2015-12-23 06:00:00,-0.20483333,-6.8023334,-0.5363333,469.8224,6.6656895,2.9422412,-18.333333333333332,-31.0,96.96666666666667,1.6666666666666665,1.4677032e-08,9.374119e-07,-6.030263
2015-12-23 07:00:00,0.96666664,-7.0723333,-0.5823333,467.13208,6.8681135,3.0,-15.916666666666666,-31.0,142.9,1.6666666666666665,1.1997073e-08,8.81811e-07,-6.0566583
2015-12-23 08:00:00,3.3483052,-4.6801696,-2.5891523,456.1228,7.0935087,2.951579,-11.75,-27.0,218.25,1.6666666666666665,2.1919129e-09,7.0522276e-07,-6.1542487
2015-12-23 09:00:00,1.6016667,-6.5915,0.6993333,463.5276,7.1643105,3.0781035,-13.483333333333333,-27.0,123.26666666666667,2.0,2.0326083e-09,6.110801e-07,-6.216025
2015-12-23 10:00:00,-0.6058333,-6.9853334,-0.023999996,478.87692,7.0215383,3.220577,-12.316666666666666,-25.0,70.95,2.0,1.3191603e-09,5.2243854e-07,-6.2824783
2015-12-23 11:00:00,3.6878333,-3.1898334,1.0385001,447.56073,7.4957147,3.006607,-13.0,-23.0,192.36666666666667,2.0,1.7789799e-09,5.316741e-07,-6.2748747
2015-12-23 12:00:00,2.6022413,-6.5810347,1.8574139,453.39447,7.7814817,3.1824076,-6.95,-17.0,156.45,2.3333333333333335,6.1308283e-09,5.384497e-07,-6.2700667
2015-12-23 13:00:00,-0.8576667,-6.9781666,-5.1745,457.85666,7.0056667,2.93,-8.733333333333333,-18.0,166.18333333333334,2.3333333333333335,3.662923e-09,5.795707e-07,-6.2375355
2015-12-23 14:00:00,-2.1658332,-6.5368333,-1.9088333,472.41135,5.44566,2.4243398,-19.916666666666668,-28.0,261.7,2.3333333333333335,2.9991716e-09,6.080672e-07,-6.2162943
2015-12-23 15:00:00,-0.10150001,-7.788333,0.37216666,460.93335,4.8994446,2.0853703,-20.983333333333334,-31.0,248.81666666666666,2.0,1.176001e-08,7.6305037e-07,-6.1199503
2015-12-23 16:00:00,-0.60033333,-7.6803336,-2.0479999,458.9518,5.064464,2.1342857,-17.966666666666665,-26.0,165.65,2.0,1.097764e-08,8.0059556e-07,-6.0973372
2015-12-23 17:00:00,-2.266,-7.2549996,-1.3401666,470.22415,6.972241,3.0893102,-17.766666666666666,-26.0,284.48333333333335,2.0,1.9147071e-08,8.608685e-07,-6.0767775
2015-12-23 18:00:00,-1.2756667,-7.348167,-1.6323334,464.76294,7.368334,3.1825926,-18.966666666666665,-28.0,562.25,2.6666666666666665,3.905403e-09,6.2594694e-07,-6.205358
2015-12-23 19:00:00,1.0496666,-8.675,-0.07050001,451.96667,7.2018337,2.944,-22.883333333333333,-30.0,333.23333333333335,2.6666666666666665,1.1363986e-08,7.4174545e-07,-6.1320405
2015-12-23 20:00:00,2.2262714,-8.439661,1.8357626,451.8852,6.583889,2.6883333,-23.383333333333333,-33.0,132.56666666666666,2.6666666666666665,8.890644e-09,7.5140093e-07,-6.125501
2015-12-23 21:00:00,0.048833333,-7.816,0.3835,451.83334,7.822745,3.195686,-16.55,-28.0,90.5,3.3333333333333335,3.774944e-09,5.9743405e-07,-6.224884
2015-12-23 22:00:00,4.3405,-3.9161668,1.8578334,464.65,7.3240743,3.1642592,-15.766666666666667,-24.0,262.1166666666667,3.3333333333333335,5.9028866e-09,5.6402627e-07,-6.2518835
2015-12-23 23:00:00,1.9535594,-6.33,-0.8008475,470.3113,7.3507547,3.250566,-9.416666666666666,-18.0,162.41666666666666,3.3333333333333335,1.9762902e-08,7.813258e-07,-6.115245
2015-12-24 00:00:00,5.759153,-3.9627118,-0.7223729,453.57043,8.101363,3.3352273,-11.5,-19.0,168.45,2.3333333333333335,3.5906496e-08,1.1013121e-06,-5.9633174
2015-12-24 01:00:00,2.8122034,-6.169661,1.3698305,464.25385,6.724038,2.8953846,-14.266666666666667,-22.0,152.88333333333333,2.3333333333333335,1.0043491e-07,1.2439363e-06,-5.988377
2015-12-24 02:00:00,2.5531666,-5.3801665,0.797,472.73553,7.3635554,3.2924445,-13.35,-21.0,112.58333333333333,2.3333333333333335,6.7400015e-07,5.748846e-06,-5.2697053
2015-12-24 03:00:00,2.8193104,-6.2000003,-0.12482758,475.76,7.44825,3.3705,-13.966666666666667,-22.0,112.06666666666666,2.6666666666666665,1.5519088e-07,3.0703973e-06,-5.5172343
2015-12-24 04:00:00,4.152807,-6.632281,-1.0201755,466.2475,7.5565004,3.295,-14.916666666666666,-24.0,101.61666666666666,2.6666666666666665,2.133049e-07,3.1624652e-06,-5.5017715
2015-12-24 05:00:00,4.0428333,-6.6256666,-1.1278332,478.2224,7.042931,3.217069,-14.233333333333333,-26.0,139.0,2.6666666666666665,3.5928295e-07,4.3728824e-06,-5.363752
2015-12-24 06:00:00,4.6225424,-2.3755932,0.24745762,490.44,8.3458,4.0184,-8.933333333333334,-24.0,310.46666666666664,3.3333333333333335,3.561007e-07,5.2239284e-06,-5.28357
2015-12-24 07:00:00,3.3918965,-6.2089653,-0.89,493.45868,8.516087,4.140652,-7.0,-23.0,295.6666666666667,3.3333333333333335,1.5490178e-07,3.4039851e-06,-5.4747257
2015-12-24 08:00:00,5.0360346,2.1165519,4.8786206,488.05853,9.190732,4.3809757,-6.6,-22.0,68.16666666666667,3.3333333333333335,7.5779845e-08,2.1648893e-06,-5.6651483
2015-12-24 09:00:00,5.754915,1.2028813,4.964237,479.18182,9.032045,4.1463637,-4.516666666666667,-19.0,36.483333333333334,1.6666666666666665,7.743313e-08,1.9762072e-06,-5.7060013
2015-12-24 10:00:00,3.6228814,-4.6003394,0.68288136,494.05884,9.882156,4.8331375,-0.7333333333333333,-14.0,37.11666666666667,1.6666666666666665,4.2507647e-08,1.5083793e-06,-5.822057
2015-12-24 11:00:00,1.5691072,-5.008214,-1.1460714,506.78333,9.541667,4.902222,-4.983333333333333,-15.0,173.01666666666668,1.6666666666666665,4.547036e-08,1.5206714e-06,-5.8271165
2015-12-24 12:00:00,4.248393,0.16732143,3.66625,496.51703,9.558723,4.713617,-9.383333333333333,-16.0,293.53333333333336,2.6666666666666665,1.586953e-08,9.447566e-07,-6.0272536
2015-12-24 13:00:00,2.5891669,-3.6676667,-2.8585,503.75687,9.546079,4.841961,0.8333333333333334,-8.0,378.1,2.6666666666666665,1.805633e-08,7.9039177e-07,-6.102896
2015-12-24 14:00:00,3.188793,-1.6348276,4.2863793,500.72223,8.725926,4.3737035,-4.333333333333333,-13.0,249.7,2.6666666666666665,1.1328955e-08,6.980441e-07,-6.15665
2015-12-24 15:00:00,5.3498244,-0.09877195,1.8875439,489.40216,8.867174,4.2334785,-2.4,-14.0,110.4,2.0,9.329455e-09,7.6879064e-07,-6.1160555
2015-12-24 16:00:00,3.689,3.3251665,5.900333,504.17453,6.8969088,3.505091,-1.8,-12.0,67.7,2.0,3.2698588e-09,6.619323e-07,-6.179636
2015-12-24 17:00:00,6.2203336,-3.8861666,0.50333333,494.0739,6.043696,2.950435,-4.966666666666667,-14.0,59.46666666666667,2.0,4.9491162e-09,7.1143205e-07,-6.1495123
2015-12-24 18:00:00,4.8936667,-5.290167,0.555,516.71783,6.309643,3.3710713,-6.583333333333333,-15.0,100.63333333333334,2.6666666666666665,3.991863e-09,7.2345296e-07,-6.142198
2015-12-24 19:00:00,5.7055173,-3.6756897,3.4477587,513.7653,6.47102,3.4171429,-9.0,-20.0,345.3833333333333,2.6666666666666665,4.9935016e-09,6.784711e-07,-6.1717277
2015-12-24 20:00:00,3.782034,-5.8088136,0.8991525,524.7654,6.4021153,3.5309615,-4.25,-16.0,190.31666666666666,2.6666666666666665,-14999.85,-14999.85,-6.153001
2015-12-24 21:00:00,2.5943334,-4.8245,-0.13683334,534.5812,6.248302,3.5767922,-4.233333333333333,-15.0,163.1,2.3333333333333335,1.8209226e-09,5.59227e-07,-6.253891
2015-12-24 22:00:00,4.9155555,-4.378889,-0.00574074,520.31915,6.235957,3.3797874,-5.316666666666666,-16.0,107.46666666666667,2.3333333333333335,1.2653387e-09,5.300711e-07,-6.276067
2015-12-24 23:00:00,5.078305,-1.920339,3.072373,519.3527,6.0985456,3.2854545,-8.233333333333333,-18.0,170.35,2.3333333333333335,3.6234586e-09,6.165776e-07,-6.2121477
2015-12-25 00:00:00,4.6816664,1.8155,4.195667,525.4389,5.564074,3.0712965,-7.533333333333333,-17.0,75.43333333333334,2.3333333333333335,1.2917016e-09,5.51363e-07,-6.259911
2015-12-25 01:00:00,4.524333,2.1910002,2.4029999,528.649,5.342549,2.9709804,-7.45,-18.0,51.45,2.3333333333333335,1.0047925e-09,5.077539e-07,-6.294594
2015-12-25 02:00:00,4.9674997,-0.46716663,0.8803333,519.7182,5.466909,2.9505455,-7.683333333333334,-18.0,77.38333333333334,2.3333333333333335,1.0259544e-09,4.8908066e-07,-6.3111486
2015-12-25 03:00:00,4.5535088,-2.0117543,0.0805263,518.9071,5.176429,2.7861905,-9.4,-20.0,77.06666666666666,2.0,1.1659449e-09,4.922444e-07,-6.3090353
2015-12-25 04:00:00,4.6235,-0.5176667,2.7316666,514.23267,5.0436735,2.667347,-9.35,-19.0,46.733333333333334,2.0,4.347592e-09,6.373292e-07,-6.198216
2015-12-25 05:00:00,4.680678,-0.9238983,1.7554237,511.26172,4.558936,2.3819149,-6.533333333333333,-18.0,73.73333333333333,2.0,2.821588e-08,1.0346736e-06,-6.0056715
2015-12-25 06:00:00,4.787,-1.4526668,0.17899999,505.71918,4.4914894,2.2970212,-4.766666666666667,-19.0,102.15,2.3333333333333335,1.4932843e-09,5.715017e-07,-6.2443986
2015-12-25 07:00:00,3.0208473,-3.4450846,-2.7674577,510.48914,5.4686956,2.8528259,-3.5833333333333335,-19.0,94.9,2.3333333333333335,1.0105757e-09,5.3586496e-07,-6.271027
2015-12-25 08:00:00,-1.4525,-3.2469642,2.5146427,518.1085,6.9395747,3.7248938,-3.35,-19.0,245.73333333333332,2.3333333333333335,2.5111925e-08,7.903661e-07,-6.113692
2015-12-25 09:00:00,4.3601665,-0.38283333,1.3781667,484.30002,7.2067924,3.3771698,-2.6,-17.0,144.03333333333333,2.0,7.992214e-08,1.5700341e-06,-5.8198376
2015-12-25 10:00:00,5.1216946,-0.13813558,2.5044067,476.58038,7.6556864,3.4735293,0.05,-14.0,77.88333333333334,2.0,1.8744661e-08,1.1036979e-06,-5.972354
2015-12-25 11:00:00,4.4919996,1.0456667,-0.40733334,479.67892,7.37,3.3935087,-0.5,-12.0,77.91666666666667,2.0,2.3076283e-09,6.81025e-07,-6.167184
2015-12-25 12:00:00,4.0436664,-1.5028332,-0.953,481.04602,8.11,3.7526002,-5.25,-15.0,159.9,1.6666666666666665,1.4520626e-08,8.2150933e-07,-6.093009
2015-12-25 13:00:00,1.6553333,-5.387,2.7350001,490.8356,8.811865,4.2477965,-2.033333333333333,-12.0,118.16666666666667,1.6666666666666665,1.26339925e-08,8.6959614e-07,-6.0676165
2015-12-25 14:00:00,1.889661,-1.1140679,1.290678,495.25687,8.35255,4.107647,0.48333333333333334,-10.0,175.56666666666666,1.6666666666666665,1.3985209e-09,5.183326e-07,-6.2862697
2015-12-25 15:00:00,1.8708475,-6.4722033,2.0159323,501.15103,7.751632,3.895102,-4.5,-13.0,135.85,1.6666666666666665,2.3023154e-09,5.4409117e-07,-6.2670474
2015-12-25 16:00:00,8.679833,0.4055,2.5036666,497.49774,4.538182,2.2536364,-9.85,-14.0,92.63333333333334,1.6666666666666665,1.1034161e-09,4.9309915e-07,-6.307533
2015-12-25 17:00:00,7.9188333,1.1678333,4.1816664,508.82965,4.9901853,2.5868518,-5.733333333333333,-7.0,88.83333333333333,1.6666666666666665,2.7402703e-07,3.936524e-06,-5.5065036
2015-12-25 18:00:00,7.3154235,-0.34728813,4.3138986,514.97675,5.372558,2.8500001,-2.85,-6.0,46.13333333333333,2.0,2.0710036e-08,1.4918708e-06,-5.8474813
2015-12-25 19:00:00,7.0056667,-3.4399998,0.5985,505.34167,5.663958,2.8947916,-1.5833333333333333,-10.0,45.03333333333333,2.0,1.8497803e-09,7.0710695e-07,-6.152162
2015-12-25 20:00:00,6.2036667,-2.5755,1.86,508.32162,5.65027,2.9194593,-1.3666666666666667,-14.0,52.75,2.0,3.9558317e-09,6.512441e-07,-6.1868653
2015-12-25 21:00:00,5.112881,-1.5766101,4.6157627,521.3022,5.761555,3.1304443,-1.3833333333333333,-16.0,67.75,1.6666666666666665,3.5054795e-09,6.682691e-07,-6.1755958
2015-12-25 22:00:00,6.158305,-2.3513558,2.9705083,515.4778,5.9304442,3.153111,0.2833333333333333,-12.0,82.4,1.6666666666666665,3.6902357e-08,8.2984087e-07,-6.1560593
2015-12-25 23:00:00,3.5791667,-6.2198334,2.6755,525.2041,5.700816,3.1508162,1.2166666666666666,-9.0,49.733333333333334,1.6666666666666665,5.0807802e-08,1.3946553e-06,-5.8987985
2015-12-26 00:00:00,6.481667,-4.866482,1.8655555,492.14877,4.826829,2.345122,-1.65,-13.0,106.68333333333334,2.6666666666666665,1.0504878e-09,5.350514e-07,-6.2751203
2015-12-26 01:00:00,3.8631577,-6.2787724,2.3154385,517.5241,4.8385186,2.6042593,-1.0666666666666667,-14.0,90.76666666666667,2.6666666666666665,1.9631818e-08,6.874572e-07,-6.214645
2015-12-26 02:00:00,5.4207277,-3.3418183,1.9134545,505.30554,4.914167,2.5130556,-2.933333333333333,-13.0,111.93333333333334,2.6666666666666665,2.5969559e-08,1.0545821e-06,-5.9970927
2015-12-26 03:00:00,5.929286,-1.7605358,2.1258929,517.4214,4.529524,2.4340477,-4.283333333333333,-13.0,69.93333333333334,2.0,1.1748253e-09,4.8752196e-07,-6.3132105
2015-12-26 04:00:00,3.3817544,-1.4236842,-0.8580702,540.9951,5.0131707,2.937561,-2.55,-12.0,41.05,2.0,1.59986e-09,4.9539443e-07,-6.306628
2015-12-26 05:00:00,4.2368336,-2.2701669,2.108,530.6074,5.1333337,2.8896296,1.9166666666666667,-9.0,62.56666666666667,2.0,2.8567828e-07,3.0248468e-06,-5.602817
2015-12-26 06:00:00,3.1838334,-2.1211667,-0.5766667,531.484,5.1865997,2.9234,2.9,-11.0,53.733333333333334,2.0,7.596187e-09,8.1046403e-07,-6.099984
2015-12-26 07:00:00,2.4739656,-3.3363793,-0.17465517,533.39185,4.9136734,2.7942858,-0.65,-16.0,83.95,2.0,1.0107892e-09,4.667547e-07,-6.3325043
2015-12-26 08:00:00,3.5538332,-3.2083333,1.4449999,536.5898,4.452857,2.5632653,0.6166666666666667,-15.0,177.11666666666667,2.0,3.566932e-09,4.795752e-07,-6.3256927
2015-12-26 09:00:00,5.7178335,-0.913,2.8338332,520.6895,4.6536846,2.524737,1.7666666666666666,-13.0,100.28333333333333,2.3333333333333335,4.280029e-09,5.0526484e-07,-6.3045893
2015-12-26 10:00:00,5.1578336,-1.3696667,3.626,524.5446,4.907857,2.6994643,4.466666666666667,-9.0,62.45,2.3333333333333335,1.7692149e-09,5.281848e-07,-6.279341
2015-12-26 11:00:00,3.9420002,-2.2371666,0.92249995,521.55,5.020192,2.7321155,4.066666666666666,-7.0,65.33333333333333,2.3333333333333335,5.277448e-09,6.1769157e-07,-6.2132688
2015-12-26 12:00:00,1.6583333,-3.9681666,1.0254999,538.09,4.377,2.5345,2.45,-7.0,52.13333333333333,3.3333333333333335,1.2802951e-08,7.296121e-07,-6.159747
2015-12-26 13:00:00,1.8449153,0.45152542,-3.092712,536.2353,4.6694117,2.6856863,0.6833333333333333,-7.0,135.43333333333334,3.3333333333333335,1.7382392e-08,8.359206e-07,-6.0803237
2015-12-26 14:00:00,4.5431666,0.08116667,0.7443333,509.32498,5.139792,2.664375,-11.4,-17.0,480.85,3.3333333333333335,1.5149968e-08,7.401868e-07,-6.132454
2015-12-26 15:00:00,3.3566666,-1.6446667,2.0165,516.9096,4.896923,2.613846,-12.633333333333333,-20.0,389.28333333333336,3.0,1.6647097e-07,2.192187e-06,-5.721439
2015-12-26 16:00:00,4.8195004,-0.5155,2.0441668,505.82593,5.2214813,2.6714814,-10.166666666666666,-18.0,99.36666666666666,3.0,9.747705e-08,2.2531028e-06,-5.6536694
2015-12-26 17:00:00,0.8886667,-3.7821667,-0.19166666,536.5714,5.5564284,3.2178571,-2.4166666666666665,-13.0,83.26666666666667,3.0,2.3095682e-08,1.3099251e-06,-5.8892198
2015-12-26 18:00:00,4.7726665,-1.2983334,1.6563333,534.2877,7.2389474,4.1349125,0.5666666666666667,-11.0,233.75,2.3333333333333335,4.361005e-09,7.710154e-07,-6.1197457
2015-12-26 19:00:00,5.3889832,-4.0084743,0.18779661,531.5857,7.372449,4.1565304,1.6,-12.0,216.95,2.3333333333333335,1.7169487e-08,8.8159595e-07,-6.073968
2015-12-26 20:00:00,4.3213334,-3.7391667,-1.7323334,573.44696,6.0353065,3.992857,-0.6333333333333333,-14.0,273.65,2.3333333333333335,4.3448356e-09,7.234406e-07,-6.143916
2015-12-26 21:00:00,2.3054001,1.8276001,0.937,598.65137,5.382703,3.8605404,-9.816666666666666,-18.0,577.2,4.333333333333333,1.4899586e-09,5.41722e-07,-6.271701
2015-12-26 22:00:00,5.4045,-3.522,-1.3835,566.0236,5.697273,3.6514547,-6.816666666666666,-18.0,335.9,4.333333333333333,1.1150639e-09,3.6757783e-07,-6.4353843
2015-12-26 23:00:00,4.1111665,-5.425333,0.59433335,565.1745,4.905098,3.1337256,-8.266666666666667,-20.0,180.21666666666667,4.333333333333333,1.00173e-09,3.4570513e-07,-6.4614015
2015-12-27 00:00:00,5.851667,-3.479,1.3588333,541.4625,3.9960713,2.34375,-10.3,-21.0,113.43333333333334,2.6666666666666665,2.8996243e-09,4.3787642e-07,-6.364545
2015-12-27 01:00:00,4.9325004,-4.448,0.8143333,547.3786,4.3061905,2.5826192,-8.366666666666667,-18.0,180.23333333333332,2.6666666666666665,1.0114035e-09,3.774624e-07,-6.4233036
2015-12-27 02:00:00,5.4728813,-2.7281358,1.3925425,537.4481,3.3803706,1.9959259,-10.733333333333333,-20.0,124.5,2.6666666666666665,1.91887e-09,4.576356e-07,-6.3413467
2015-12-27 03:00:00,6.4349155,-1.8108475,2.1908474,521.6922,2.8415687,1.5472548,-9.716666666666667,-20.0,69.46666666666667,2.0,1.9818687e-09,4.7003275e-07,-6.329569
2015-12-27 04:00:00,5.703509,-3.1673684,-0.5580702,523.0234,2.9657447,1.6257446,-7.633333333333334,-18.0,63.43333333333333,2.0,1.3622959e-09,4.4471054e-07,-6.353302
2015-12-27 05:00:00,4.7420692,-3.832931,-1.2684482,539.464,3.1736002,1.8506,-8.383333333333333,-19.0,119.31666666666666,2.0,1.019048e-09,4.049273e-07,-6.3956714
2015-12-27 06:00:00,5.7261667,-2.2448335,-2.4588332,530.00836,3.0145833,1.6947917,-14.433333333333334,-27.0,128.6,2.3333333333333335,1.187489e-09,4.1549612e-07,-6.3839946
2015-12-27 07:00:00,4.8,-2.3103333,-3.0781667,534.3738,2.9192858,1.6716666,-17.416666666666668,-33.0,375.98333333333335,2.3333333333333335,1.000346e-09,3.5010655e-07,-6.456688
2015-12-27 08:00:00,4.335,-1.4376667,-3.1026666,531.7149,3.6370213,2.0559573,-19.65,-35.0,266.8333333333333,2.3333333333333335,1.0006804e-09,3.3362556e-07,-6.477014
2015-12-27 09:00:00,3.937,-2.8860002,-2.3403332,529.22455,3.1262264,1.7520754,-21.133333333333333,-35.0,376.93333333333334,2.3333333333333335,6.002432e-09,3.876137e-07,-6.41294
2015-12-27 10:00:00,4.5765,-2.6551666,-1.929,523.47144,3.0697958,1.6834693,-14.116666666666667,-27.0,364.85,2.3333333333333335,1.7866123e-08,4.7112428e-07,-6.327662
2015-12-27 11:00:00,4.7210717,-2.5774999,-0.78625,522.9125,4.0012503,2.1885,-16.466666666666665,-27.0,183.2,2.3333333333333335,1.8428455e-08,7.369004e-07,-6.139791
2015-12-27 12:00:00,2.0121665,-5.5266666,-1.0671667,545.19165,3.876,2.306,-12.416666666666666,-22.0,84.58333333333333,3.0,3.1152263e-09,4.4193e-07,-6.373874
2015-12-27 13:00:00,2.6281354,0.04864407,0.033050835,550.0947,8.483509,5.144737,-9.1,-20.0,199.31666666666666,3.0,2.0678164e-09,3.4697499e-07,-6.4605565
2015-12-27 14:00:00,3.7488334,0.46283334,1.1093333,559.4339,8.867288,5.5510173,1.1666666666666667,-11.0,317.1333333333333,3.0,9.756184e-09,3.7565633e-07,-6.4271855
2015-12-27 15:00:00,3.5018334,-1.2794999,0.30583334,556.09814,8.073704,4.9953704,2.683333333333333,-11.0,210.08333333333334,2.3333333333333335,4.8399995e-09,4.3744652e-07,-6.362212
2015-12-27 16:00:00,2.8606668,-1.1663334,0.14716667,536.4857,8.060893,4.640536,2.55,-11.0,111.08333333333333,2.3333333333333335,4.3539012e-09,4.518679e-07,-6.3541875
2015-12-27 17:00:00,3.0565,1.8838333,-0.4835,532.99664,6.858644,3.8957624,0.9333333333333333,-12.0,103.48333333333333,2.3333333333333335,1.05139e-09,3.8685891e-07,-6.412851
2015-12-27 18:00:00,3.4160001,0.5005,0.53283334,535.57117,8.205932,4.7028813,0.8,-11.0,110.56666666666666,2.0,2.7903582e-09,4.8775803e-07,-6.3147607
2015-12-27 19:00:00,3.2211668,-0.34416667,1.3264999,544.9603,8.6160345,5.121724,3.75,-8.0,124.63333333333334,2.0,6.5019876e-08,1.5480401e-06,-5.8556476
2015-12-27 20:00:00,2.8591666,-1.6668334,1.735,546.05,10.426429,6.2174997,9.55,-4.0,52.56666666666667,2.0,1.3302927e-08,7.146337e-07,-6.154228
2015-12-27 21:00:00,2.7295,0.08150001,1.6648333,529.89307,10.206552,5.7432756,8.233333333333333,-4.0,46.65,2.0,1.0879893e-08,6.471226e-07,-6.1935296
2015-12-27 22:00:00,2.0384746,-0.035932206,2.1374576,523.06665,10.591404,5.7985964,8.883333333333333,-1.0,34.35,2.0,2.0823205e-09,4.4585687e-07,-6.355108
2015-12-27 23:00:00,1.3408333,0.22466666,1.475,521.8983,8.742712,4.756271,6.966666666666667,-2.0,62.03333333333333,2.0,2.6115674e-09,3.897263e-07,-6.4132724
2015-12-28 00:00:00,3.157586,0.19,1.7493104,509.10654,6.1813045,3.222174,2.25,-10.0,48.733333333333334,1.3333333333333333,2.3005809e-07,2.4529822e-06,-5.851233
2015-12-28 01:00:00,3.0855,-0.6088333,1.459,497.84283,6.603393,3.2619643,3.783333333333333,-10.0,42.733333333333334,1.3333333333333333,1.5197458e-08,9.4167484e-07,-6.071976
2015-12-28 02:00:00,1.9098333,-0.6853333,1.3835,481.5276,8.667069,4.0151725,5.45,-6.0,55.416666666666664,1.3333333333333333,1.064555e-09,3.694341e-07,-6.434989
2015-12-28 03:00:00,0.69200003,-1.5833334,1.6818334,474.36166,9.4556675,4.2556667,8.916666666666666,-1.0,36.86666666666667,0.6666666666666666,1.010008e-09,3.8465754e-07,-6.4178996
2015-12-28 04:00:00,0.27283332,-1.954,1.7473333,464.29333,8.481167,3.658,6.033333333333333,-3.0,32.2,0.6666666666666666,1.00173e-09,4.192155e-07,-6.37787
2015-12-28 05:00:00,1.3977966,-1.7767797,1.3464407,473.2558,7.9703846,3.5540385,5.933333333333334,-4.0,28.7,0.6666666666666666,1.0418807e-09,4.805503e-07,-6.318534
2015-12-28 06:00:00,0.53083336,-1.4883333,1.156,473.6228,6.8724566,3.0817544,4.316666666666666,-10.0,25.133333333333333,1.3333333333333333,2.4044948e-09,5.060195e-07,-6.300383
2015-12-28 07:00:00,2.2963333,-1.6041666,0.8578333,484.0695,6.66,3.1208475,4.45,-11.0,27.65,1.3333333333333333,2.140996e-09,4.7898624e-07,-6.3236637
2015-12-28 08:00:00,-0.583,-1.9375,0.96316665,463.99832,6.6428814,2.8625424,5.7,-9.0,50.5,1.3333333333333333,7.822746e-09,6.9842804e-07,-6.1591086
2015-12-28 09:00:00,1.7543334,0.4875,-0.87450004,452.7386,7.7889476,3.1924562,4.75,-8.0,49.233333333333334,2.0,2.7507159e-09,6.192351e-07,-6.2092276
2015-12-28 10:00:00,1.1567796,0.29542375,-0.06033898,447.38696,9.222391,3.6917393,3.933333333333333,-8.0,190.53333333333333,2.0,3.4265801e-09,5.829631e-07,-6.235369
2015-12-28 11:00:00,0.35366666,1.4866666,-1.0508333,449.5051,7.9111867,3.19,2.033333333333333,-9.0,151.93333333333334,2.0,8.71985e-08,1.2628644e-06,-5.979382
2015-12-28 12:00:00,-1.2518333,3.0463333,-0.9321667,440.06073,6.215893,2.4123213,-0.8666666666666667,-11.0,130.01666666666668,1.6666666666666665,1.6901289e-06,1.4376567e-05,-4.87232
2015-12-28 13:00:00,-1.3824562,1.0329825,-1.0315789,440.18573,5.3873215,2.0880358,0.13333333333333333,-11.0,284.5,1.6666666666666665,9.514304e-07,1.3962334e-05,-4.8606567
2015-12-28 14:00:00,-0.661875,-1.6854167,-0.35979167,436.44763,5.2440476,1.9971428,1.6333333333333333,-11.0,136.85,1.6666666666666665,4.1447765e-07,8.170499e-06,-5.0923977
2015-12-28 15:00:00,-1.0475862,-1.0741379,-0.7037931,429.20392,4.556471,1.6839215,1.3166666666666667,-12.0,139.81666666666666,0.6666666666666666,2.8456427e-07,6.1896085e-06,-5.211097
2015-12-28 16:00:00,-2.350339,-1.4654237,0.16135594,411.83923,4.0715685,1.382549,-1.7666666666666666,-15.0,45.53333333333333,0.6666666666666666,1.12832666e-07,3.588466e-06,-5.4492807
2015-12-28 17:00:00,0.21300001,2.2835,1.6381667,398.62115,4.795769,1.5230769,-0.4166666666666667,-13.0,100.51666666666667,0.6666666666666666,6.6002414e-08,2.4079789e-06,-5.6243577
2015-12-28 18:00:00,-0.6623729,2.071017,2.0011864,399.93158,4.6361403,1.4822806,0.6166666666666667,-10.0,51.8,0.3333333333333333,3.76854e-08,1.7590418e-06,-5.7553606
2015-12-28 19:00:00,-1.3005,1.4196666,1.9191667,400.39584,4.7364583,1.5189584,1.0333333333333334,-10.0,33.78333333333333,0.3333333333333333,2.4023327e-08,1.3663737e-06,-5.865386
2015-12-28 20:00:00,-1.5069643,1.7058928,0.23714288,394.2757,5.6156754,1.7437837,3.25,-10.0,27.866666666666667,0.3333333333333333,1.87705e-08,1.1661806e-06,-5.9334807
2015-12-28 21:00:00,-2.254068,1.8403391,-1.2094915,390.61154,6.849615,2.094423,5.383333333333334,-8.0,54.55,1.3333333333333333,1.544302e-08,1.0482527e-06,-5.9797225
2015-12-28 22:00:00,-3.4811666,2.2011669,-2.2863333,391.5351,9.3687725,2.8738596,7.833333333333333,-4.0,125.13333333333334,1.3333333333333333,3.19804e-08,1.1219981e-06,-5.9725804
2015-12-28 23:00:00,-2.5205,4.516,0.08133333,393.90524,8.781053,2.7233334,6.6,-2.0,82.58333333333333,1.3333333333333333,7.997079e-09,8.677003e-07,-6.062108
2015-12-29 00:00:00,-4.6624565,1.1756141,-2.5566666,388.64667,8.116445,2.446889,5.183333333333334,-3.0,165.61666666666667,2.3333333333333335,4.935558e-09,7.6789945e-07,-6.11501
2015-12-29 01:00:00,-4.1746664,-0.35366666,-1.7186666,403.56732,7.586154,2.4707692,6.4,-2.0,73.93333333333334,2.3333333333333335,2.0042188e-08,1.0302066e-06,-5.997353
2015-12-29 02:00:00,-3.3028204,-1.8835897,-1.1869231,404.58917,7.4132433,2.4275675,4.316666666666666,-5.0,59.21666666666667,2.3333333333333335,3.910281e-09,7.4092895e-07,-6.1307154
2015-12-29 03:00:00,,,,,,,1.45,-8.0,32.233333333333334,0.6666666666666666,4.1541868e-09,7.1528495e-07,-6.1459975
2015-12-29 04:00:00,,,,,,,0.05,-10.0,40.38333333333333,0.6666666666666666,2.5951552e-09,6.418719e-07,-6.1933312
2015-12-29 05:00:00,,,,,,,-0.8166666666666667,-13.0,44.6,0.6666666666666666,1.316843e-09,5.884254e-07,-6.2310586
2015-12-29 06:00:00,-4.308182,3.3831818,1.0145454,395.30002,5.3635716,1.6742858,2.3333333333333335,-13.0,32.56666666666667,0.3333333333333333,1.1308834e-09,5.4767185e-07,-6.261551
2015-12-29 07:00:00,-4.1419296,3.5145614,0.57631576,395.51764,5.320294,1.6644118,6.383333333333334,-11.0,40.11666666666667,0.3333333333333333,2.370564e-09,5.7608435e-07,-6.2416363
2015-12-29 08:00:00,-4.298475,1.6698306,0.28694916,392.82892,6.5157776,2.0066667,5.8,-11.0,34.233333333333334,0.3333333333333333,1.1582154e-09,5.271267e-07,-6.2784486
2015-12-29 09:00:00,-4.501833,1.7900001,-0.38583332,392.91223,7.070612,2.1832654,3.0166666666666666,-11.0,20.983333333333334,0.6666666666666666,1.201873e-09,5.1491327e-07,-6.2890024
2015-12-29 10:00:00,-4.0143104,1.7696551,-0.39293104,393.0234,6.9978724,2.1619148,2.216666666666667,-11.0,32.21666666666667,0.6666666666666666,2.4147462e-07,2.7648393e-06,-5.691672
2015-12-29 11:00:00,-4.6839657,-1.3244828,-1.6167241,388.27173,7.4876084,2.2582607,2.4833333333333334,-8.0,53.36666666666667,0.6666666666666666,1.4694424e-08,9.63961e-07,-6.053998
2015-12-29 12:00:00,-1.220862,2.9648275,-1.7796552,394.10565,6.866604,2.1332076,5.166666666666667,-3.0,201.51666666666668,2.0,1.003743e-09,4.2040674e-07,-6.37653
2015-12-29 13:00:00,-0.32233334,4.182833,-1.9041667,399.3537,6.3598146,2.0264814,3.966666666666667,-5.0,191.26666666666668,2.0,1.0199497e-09,4.0980726e-07,-6.3874497
2015-12-29 14:00:00,-0.19627118,3.3705084,-1.5842373,402.12155,6.455686,2.0872548,4.033333333333333,-4.0,287.3333333333333,2.0,1.7319362e-09,3.90109e-07,-6.408877
2015-12-29 15:00:00,-0.093333334,3.2345002,0.7776667,406.156,6.9202003,2.2848,6.533333333333333,-1.0,235.38333333333333,1.6666666666666665,7.9487075e-09,4.6902866e-07,-6.344645
2015-12-29 16:00:00,-1.4445,2.4526668,-2.2071664,398.7143,6.2626786,1.9933928,6.366666666666666,-1.0,114.21666666666667,1.6666666666666665,1.0465797e-09,3.6206342e-07,-6.4413366
2015-12-29 17:00:00,-2.6636171,0.6208511,-1.9768084,392.36584,6.2136583,1.9129268,2.4166666666666665,-6.0,131.93333333333334,1.6666666666666665,1.2915895e-08,4.5493044e-07,-6.3855233
2015-12-29 18:00:00,-1.3755,2.6629999,-2.7603333,396.14365,5.9885454,1.8785454,-0.23333333333333334,-11.0,194.95,2.0,1.4130048e-08,6.3545497e-07,-6.255148
2015-12-29 19:00:00,-1.477,2.3583333,-3.5576668,390.62,5.755636,1.7561818,-4.983333333333333,-16.0,199.46666666666667,2.0,1.0300779e-09,3.7282382e-07,-6.430319
2015-12-29 20:00:00,-3.151356,2.040339,-2.6298306,387.852,6.5502,1.9702001,-5.133333333333334,-17.0,279.1666666666667,2.0,5.994126e-08,1.1689852e-06,-6.019109
2015-12-29 21:00:00,-2.6703334,0.041666668,-3.8068335,387.05792,6.0503507,1.8126316,-0.5833333333333334,-13.0,293.18333333333334,2.3333333333333335,1.0779498e-09,3.5528228e-07,-6.4508123
2015-12-29 22:00:00,-2.5656602,1.4381132,-1.9011321,382.0027,5.5008106,1.6056757,-2.466666666666667,-13.0,179.68333333333334,2.3333333333333335,1e-09,3.225874e-07,-6.491461
2015-12-29 23:00:00,-3.538276,2.8551726,-0.81241375,377.66873,5.4816666,1.563125,-2.1666666666666665,-13.0,33.016666666666666,2.3333333333333335,1e-09,3.0970008e-07,-6.5091357
2015-12-30 00:00:00,-3.381356,2.6047456,-1.1866102,373.4085,5.99,1.6682978,0.45,-11.0,39.31666666666667,0.0,1e-09,3.1023924e-07,-6.5084577
2015-12-30 01:00:00,-4.13322,2.1120338,1.3976271,370.00977,6.162195,1.6863414,-2.3,-12.0,32.2,0.0,1.0010379e-09,3.364201e-07,-6.4740124
2015-12-30 02:00:00,-3.2635,2.1816666,0.16566667,366.451,6.636667,1.7821568,-2.25,-11.0,33.11666666666667,0.0,1.0010265e-09,3.510075e-07,-6.454984
2015-12-30 03:00:00,-1.2256666,-0.007166669,1.0098333,375.54727,7.628727,2.154,2.183333333333333,-7.0,29.35,0.0,1.001957e-09,3.4386358e-07,-6.4645457
2015-12-30 04:00:00,1.229322,0.6405085,3.5074577,381.4238,7.279762,2.1183333,5.1,-5.0,20.133333333333333,0.0,1.0006919e-09,3.2556596e-07,-6.487847
2015-12-30 05:00:00,-0.6958333,2.6518333,1.9591668,374.256,8.003201,2.2412,7.783333333333333,-3.0,26.5,0.0,1.0081495e-09,3.3293878e-07,-6.4778214
2015-12-30 06:00:00,-1.9526316,3.3798244,0.9642105,369.90637,7.8693614,2.1534042,8.266666666666667,-5.0,41.25,0.3333333333333333,6.235256e-09,4.898168e-07,-6.327617
2015-12-30 07:00:00,-1.242069,3.554655,1.4137931,371.06876,8.145833,2.2420833,8.033333333333333,-7.0,45.11666666666667,0.3333333333333333,1.0006919e-09,3.4755078e-07,-6.45981
2015-12-30 08:00:00,-0.16534483,2.5353448,2.6881034,372.75092,8.669636,2.4083638,8.0,-8.0,57.06666666666667,0.3333333333333333,1e-09,3.0621064e-07,-6.514016
2015-12-30 09:00:00,-0.6983334,2.9868333,1.9228333,371.78146,8.710185,2.4077778,8.733333333333333,-6.0,84.23333333333333,0.6666666666666666,1e-09,3.3635024e-07,-6.473552
2015-12-30 10:00:00,-1.1098334,1.3041667,2.0011666,368.57236,9.053617,2.4593616,8.35,-5.0,32.36666666666667,0.6666666666666666,1.0003345e-09,3.43159e-07,-6.46508
2015-12-30 11:00:00,-2.2661667,2.958,0.88049996,362.63818,8.674545,2.2814546,8.683333333333334,-1.0,33.266666666666666,0.6666666666666666,1e-09,3.1929332e-07,-6.4961443
2015-12-30 12:00:00,-2.9243333,2.5471666,-0.43916667,359.21344,8.33,2.1517308,8.216666666666667,1.0,21.216666666666665,1.0,1.0134507e-09,3.35713e-07,-6.4762206
2015-12-30 13:00:00,-2.070678,2.797288,-3.1084745,358.32593,7.8194447,2.0085185,5.083333333333333,-1.0,58.0,1.0,1.821842e-09,4.0081494e-07,-6.4007587
2015-12-30 14:00:00,-0.729322,3.4291527,-2.029661,362.2218,7.4930906,1.9687272,5.55,-1.0,286.65,1.0,1.6197529e-08,7.7020826e-07,-6.121475
2015-12-30 15:00:00,-2.1681035,3.5110345,-1.4027586,353.29166,6.790625,1.6970834,2.8,-3.0,236.93333333333334,0.6666666666666666,1.3457854e-09,3.9554425e-07,-6.4043345
2015-12-30 16:00:00,-3.3567798,2.8174574,0.21949153,342.3804,6.3333335,1.4845098,0.3,-6.0,96.01666666666667,0.6666666666666666,-51666.15,-51666.15,-6.441087
2015-12-30 17:00:00,-2.8240678,3.717627,-0.6794915,343.13617,6.685319,1.5751064,1.7833333333333334,-7.0,41.016666666666666,0.6666666666666666,-23333.1,-23333.1,-6.4573674
2015-12-30 18:00:00,-2.3276272,3.8455932,-0.5647458,345.89792,7.295,1.7481251,1.95,-9.0,66.46666666666667,0.6666666666666666,1.6350878e-09,3.823454e-07,-6.4215245
2015-12-30 19:00:00,-3.435862,3.0827587,-0.6374138,336.76666,6.6625,1.5099999,-1.65,-13.0,95.76666666666667,0.6666666666666666,9.5574055e-09,5.9729064e-07,-6.2388186
2015-12-30 20:00:00,-3.6376271,3.119661,-1.0927119,334.47726,6.910682,1.5463637,-0.21666666666666667,-13.0,68.05,0.6666666666666666,2.0734885e-09,4.6648807e-07,-6.339671
2015-12-30 21:00:00,-3.7996552,2.9860346,-1.2293104,331.82965,7.1574073,1.5787038,2.6333333333333333,-11.0,68.15,1.3333333333333333,1.000346e-09,3.0673831e-07,-6.514398
2015-12-30 22:00:00,-1.6331667,4.8233333,-2.0715,344.20206,6.7710204,1.6059184,3.1,-10.0,114.0,1.3333333333333333,5.5124094e-08,7.838351e-07,-6.3061934
2015-12-30 23:00:00,-2.2478333,4.914833,-0.55466664,342.51224,6.490204,1.5226531,2.7333333333333334,-8.0,138.13333333333333,1.3333333333333333,9.498937e-09,6.601895e-07,-6.2042933
2015-12-31 00:00:00,-3.4633334,3.6771667,-1.3275,335.13705,7.0444446,1.58,7.816666666666666,-4.0,48.71666666666667,3.3333333333333335,1e-09,3.2628822e-07,-6.487176
2015-12-31 01:00:00,-7.9352727,5.1767273,4.2974544,384.2089,12.82711,3.9053335,20.533333333333335,8.0,48.46666666666667,3.3333333333333335,1.1922644e-09,3.102402e-07,-6.5118074
2015-12-31 02:00:00,-9.852414,3.3698275,1.070862,401.9178,15.408,4.9904447,17.766666666666666,8.0,42.666666666666664,3.3333333333333335,1.4794562e-09,3.5138385e-07,-6.458494
2015-12-31 03:00:00,-2.0067797,6.6820335,-3.6522033,403.27115,16.100769,5.2392306,14.533333333333333,7.0,141.7,3.0,1.0552673e-09,2.8992278e-07,-6.5388865
2015-12-31 04:00:00,-3.5355,7.8921666,-0.6245,398.95963,14.2069235,4.5171156,4.033333333333333,-1.0,163.96666666666667,3.0,1.000669e-09,3.123132e-07,-6.506552
2015-12-31 05:00:00,-6.5805554,5.470556,1.5951852,439.40002,12.892142,5.0461907,8.666666666666666,2.0,262.8,3.0,1.6285995e-09,3.278859e-07,-6.4903426
2015-12-31 06:00:00,0.6172882,8.821864,2.3474576,485.39,14.0484,6.6215997,7.7,-1.0,284.6333333333333,3.6666666666666665,1e-09,3.1196095e-07,-6.507448
2015-12-31 07:00:00,-3.6665456,8.758364,-0.7476363,468.93262,12.798044,5.6241302,7.916666666666667,-2.0,172.05,3.6666666666666665,1e-09,2.777441e-07,-6.556977
2015-12-31 08:00:00,-5.7090907,9.558546,-4.343091,471.7229,12.608958,5.6168747,4.6,-6.0,435.3833333333333,3.6666666666666665,3.8487316e-09,3.1544081e-07,-6.511115
2015-12-31 09:00:00,-1.2048275,10.82138,-3.0372415,479.528,14.3658,6.5956,7.833333333333333,-5.0,792.05,4.0,2.2269205e-08,3.120398e-07,-6.5088067
2015-12-31 10:00:00,-3.4455357,9.71375,4.80625,460.2564,21.637436,9.154615,7.066666666666666,-6.0,461.1666666666667,4.0,1.3580247e-08,3.4128786e-07,-6.470344
2015-12-31 11:00:00,-2.519,4.5808334,-9.980667,456.68927,26.366608,10.995,12.283333333333333,3.0,517.2166666666667,4.0,1.0570336e-08,4.5602528e-07,-6.354833
2015-12-31 12:00:00,2.9328334,3.7591667,-11.968167,466.65295,23.364313,10.167843,-11.966666666666667,-12.0,1372.5,5.333333333333333,1.6571331e-08,4.619281e-07,-6.3398438
2015-12-31 13:00:00,-1.0215,3.3551667,-10.884667,454.14108,22.293394,9.175536,-34.5,-40.0,1178.6666666666667,5.333333333333333,1.3938636e-08,4.3335058e-07,-6.371701
2015-12-31 14:00:00,1.637,7.5478334,-3.3158333,461.05344,25.522758,10.850517,-47.56666666666667,-54.0,1147.3666666666666,5.333333333333333,2.7394014e-08,3.6490385e-07,-6.439161
2015-12-31 15:00:00,2.4848332,10.541667,2.023,452.4298,22.484386,9.210351,-48.03333333333333,-58.0,605.55,4.0,1.0066858e-08,3.2496203e-07,-6.491004
2015-12-31 16:00:00,0.11366667,10.149,5.6548333,453.97797,19.363558,7.9818645,-41.86666666666667,-52.0,409.85,4.0,1.1905467e-09,2.8590554e-07,-6.544007
2015-12-31 17:00:00,-1.8988334,4.861,8.255,456.9661,15.387796,6.4283047,-34.766666666666666,-47.0,286.26666666666665,4.0,1.175434e-08,4.9301536e-07,-6.3537593
2015-12-31 18:00:00,-0.20933335,10.905,0.17099996,457.95084,15.580848,6.5283055,-30.4,-42.0,240.0,5.0,1.0054383e-09,3.8470435e-07,-6.4161234
2015-12-31 19:00:00,3.8014998,9.003667,-11.6925,448.53033,4.6775002,1.875,-48.93333333333333,-58.0,348.8333333333333,5.0,1.002768e-09,3.4499047e-07,-6.463298
2015-12-31 20:00:00,4.5534997,-1.198,-16.062334,458.27017,2.8138597,1.1850878,-60.03333333333333,-68.0,837.2333333333333,5.0,-14999.85,-14999.85,-6.3702083
2015-12-31 21:00:00,4.725,-1.8041667,-15.505667,461.57706,2.5047917,1.0810417,-73.55,-81.0,1114.4333333333334,5.666666666666667,1.0030909e-09,3.1017822e-07,-6.5086517
2015-12-31 22:00:00,4.461667,-2.3228333,-15.1425,469.42807,1.8107017,0.79157895,-85.86666666666666,-96.0,780.8333333333334,5.666666666666667,1.0041059e-09,3.3538146e-07,-6.475775
2015-12-31 23:00:00,4.5045,-1.8958334,-14.679501,462.91638,2.3189092,0.9929091,-95.05,-105.0,806.4,5.666666666666667,4.3040793e-09,4.832366e-07,-6.3254914
2016-01-01 00:00:00,5.1926665,-0.82933336,-14.0875,457.3412,2.5437255,1.0633333,-105.78333333333333,-116.0,686.3666666666667,6.0,1.0035794e-09,3.25416e-07,-6.4880676
2016-01-01 01:00:00,6.198167,-2.0078332,-13.164166,453.05804,0.90161294,0.37,-108.61666666666666,-114.0,573.5166666666667,6.0,1.0205763e-09,3.6388266e-07,-6.440654
2016-01-01 02:00:00,5.2273335,-1.479,-12.858334,446.57547,1.524151,0.60867923,-96.65,-102.0,787.5333333333333,6.0,3.805129e-09,4.709731e-07,-6.3337755
2016-01-01 03:00:00,3.5878334,1.0411667,-12.992001,426.76205,1.8889655,0.6906897,-99.0,-98.0,710.4833333333333,5.333333333333333,4.629448e-09,4.897575e-07,-6.3255234
2016-01-01 04:00:00,3.5231667,0.421,-12.6293335,428.5784,0.95135134,0.35,-100.63333333333334,-96.0,909.4,5.333333333333333,1.7435693e-09,4.3712143e-07,-6.3638372
2016-01-01 05:00:00,3.6988134,-3.1371186,-10.954746,427.54044,1.9174469,0.70531917,-100.35,-94.0,1057.7166666666667,5.333333333333333,4.6380153e-09,5.695526e-07,-6.249113
2016-01-01 06:00:00,3.5351722,-8.577759,-3.5191379,440.55096,3.4019608,1.3192157,-93.28333333333333,-92.0,842.5666666666667,5.0,2.71267e-08,8.1567043e-07,-6.1332006
2016-01-01 07:00:00,2.8401668,-4.5899997,-9.226833,429.6218,1.8139999,0.67236364,-75.61666666666666,-83.0,336.43333333333334,5.0,4.642847e-09,5.779251e-07,-6.240138
2016-01-01 08:00:00,3.794138,-5.0617237,-8.686207,427.09637,1.1034545,0.40436363,-75.11666666666666,-80.0,617.0166666666667,5.0,5.6344445e-09,4.330863e-07,-6.363846
2016-01-01 09:00:00,5.7208476,-6.617797,-3.489322,453.37915,1.37125,0.55041665,-70.21666666666667,-75.0,634.85,3.3333333333333335,4.965403e-08,8.8220867e-07,-6.1676006
2016-01-01 10:00:00,6.4649997,-7.7708335,0.5771666,442.8909,0.8649091,0.33945456,-65.48333333333333,-73.0,370.95,3.3333333333333335,1.643617e-08,7.1957345e-07,-6.147549
2016-01-01 11:00:00,2.5088334,-7.051,5.0653334,423.52103,1.3121053,0.4636842,-56.71666666666667,-65.0,186.3,3.3333333333333335,5.1667013e-09,5.7210775e-07,-6.2446733
2016-01-01 12:00:00,1.4476923,-5.8265386,5.623654,413.8119,2.1088095,0.72261906,-50.916666666666664,-57.0,99.35,1.6666666666666665,3.1810274e-09,4.7026714e-07,-6.329451
2016-01-01 13:00:00,5.4154997,-7.2904997,-0.87583333,412.71225,1.5318366,0.5232653,-52.166666666666664,-57.0,94.23333333333333,1.6666666666666665,1.3094789e-09,3.9870153e-07,-6.399711
2016-01-01 14:00:00,6.811579,-5.814737,-0.98508775,416.05,1.6336538,0.56711537,-49.86666666666667,-55.0,217.46666666666667,1.6666666666666665,1.5567397e-09,3.6306906e-07,-6.4401073
2016-01-01 15:00:00,7.2651787,-5.340714,-1.2141072,420.76178,2.252647,0.8020588,-43.65,-52.0,155.38333333333333,1.0,3.7330183e-09,3.9109338e-07,-6.4086075
2016-01-01 16:00:00,6.8979664,-5.561017,1.091017,424.224,2.074,0.74660003,-39.88333333333333,-48.0,67.85,1.0,1.6834953e-09,3.729319e-07,-6.4291525
2016-01-01 17:00:00,5.4357896,-6.032105,-0.29894736,412.9979,2.1140425,0.7206383,-35.9,-45.0,74.66666666666667,1.0,6.0015597e-09,4.4742447e-07,-6.368513
2016-01-01 18:00:00,5.748667,-5.3615003,0.097,408.62622,2.1859524,0.73,-37.1,-44.0,169.0,2.0,1.3595222e-09,3.962985e-07,-6.4021277
2016-01-01 19:00:00,5.5285,-4.4045,-0.11566666,417.256,3.9062,1.3728,-36.2,-43.0,105.95,2.0,2.9815597e-09,4.351892e-07,-6.361895
2016-01-01 20:00:00,4.2803335,-2.1563334,-0.13166668,430.63705,8.35926,3.1007407,-32.86666666666667,-39.0,91.93333333333334,2.0,2.207139e-09,3.8137583e-07,-6.4203753
2016-01-01 21:00:00,2.7371666,-0.40616667,-0.019,444.89313,10.17707,4.032586,-27.733333333333334,-34.0,89.31666666666666,1.6666666666666665,1.9497608e-09,3.657034e-07,-6.437887
2016-01-01 22:00:00,4.072833,-1.2216667,0.61083335,439.01553,8.9896555,3.4665518,-32.266666666666666,-35.0,48.8,1.6666666666666665,2.998113e-08,8.2685676e-07,-6.1314445
2016-01-01 23:00:00,4.3765,-3.9806666,1.3738333,431.48596,7.2636843,2.707193,-35.65,-39.0,50.4,1.6666666666666665,1.1511512e-06,9.616809e-06,-5.194451
2016-01-02 00:00:00,4.455333,-4.398166,1.5458333,432.31665,7.5466666,2.8257406,-32.56666666666667,-35.0,52.1,3.0,1.677902e-06,1.9944824e-05,-4.707588
2016-01-02 01:00:00,4.9891376,-3.0410345,0.37224138,433.12445,9.35111,3.5246668,-23.466666666666665,-29.0,144.45,3.0,4.1460797e-07,7.917412e-06,-5.1203704
2016-01-02 02:00:00,5.486167,-6.5885,-0.91866666,439.10944,3.3766038,1.3154718,-34.6,-40.0,66.86666666666666,3.0,1.7581979e-07,3.87371e-06,-5.415271
2016-01-02 03:00:00,5.186167,-8.110833,1.327,441.11295,1.8987037,0.73870367,-32.78333333333333,-39.0,84.7,2.3333333333333335,1.0841269e-07,2.7154936e-06,-5.567468
2016-01-02 04:00:00,5.4615,-7.2730002,0.7118333,433.87143,3.0351787,1.13625,-31.083333333333332,-36.0,64.36666666666666,2.3333333333333335,7.7332736e-08,2.1457772e-06,-5.669055
2016-01-02 05:00:00,6.297457,-5.9740677,-0.35237288,434.05713,4.3939285,1.665,-27.616666666666667,-32.0,105.86666666666666,2.3333333333333335,6.501514e-08,1.8596988e-06,-5.730901
2016-01-02 06:00:00,4.6496606,-5.3252544,-1.2979661,452.33334,8.922983,3.6510527,-18.15,-24.0,135.23333333333332,3.0,5.005752e-08,1.6075102e-06,-5.7941055
2016-01-02 07:00:00,3.280678,-4.52,0.017966105,456.2509,8.064561,3.4077194,-20.816666666666666,-26.0,132.76666666666668,3.0,4.2009912e-08,1.4765367e-06,-5.8308716
2016-01-02 08:00:00,2.5116665,-3.8425,-1.2186667,463.11694,9.598135,4.1232204,-19.5,-23.0,112.61666666666666,3.0,3.5818957e-08,1.3544271e-06,-5.868394
2016-01-02 09:00:00,3.3966668,-3.4196668,-3.2751665,465.77368,8.706667,3.7803507,-20.683333333333334,-23.0,194.3,2.3333333333333335,3.0995785e-08,1.2722043e-06,-5.8961735
2016-01-02 10:00:00,3.0479662,-3.9871187,0.22779661,466.46042,11.339375,4.91125,-17.85,-21.0,383.06666666666666,2.3333333333333335,2.790195e-08,1.1019562e-06,-5.958148
2016-01-02 11:00:00,0.6566667,0.505,0.6296666,483.36963,8.3,3.8799999,-13.966666666666667,-17.0,295.75,2.3333333333333335,2.2159705e-08,9.847342e-07,-6.006958
2016-01-02 12:00:00,0.19150944,-3.9775472,1.0605661,489.60974,7.5214634,3.60561,-13.8,-17.0,153.98333333333332,2.3333333333333335,1.1394389e-08,8.4341417e-07,-6.0745387
2016-01-02 13:00:00,-2.5516362,0.9570909,-1.2976364,481.37024,7.303514,3.3924325,-17.1,-21.0,93.35,2.3333333333333335,7.470593e-09,7.5723e-07,-6.120867
2016-01-02 14:00:00,-2.8878334,-0.13516667,-0.564,471.4245,6.7269387,2.9885714,-17.75,-23.0,64.63333333333334,2.3333333333333335,3.870014e-09,6.392614e-07,-6.19491
2016-01-02 15:00:00,-3.5958333,2.0496666,-3.4398334,474.76666,6.240238,2.8109524,-21.85,-26.0,155.25,1.6666666666666665,2.5427709e-09,5.821458e-07,-6.2350564
2016-01-02 16:00:00,-5.245333,-0.41433334,-0.36533335,467.11667,7.4770374,3.2631483,-24.55,-30.0,171.21666666666667,1.6666666666666665,2.794923e-09,5.6060543e-07,-6.2514253
2016-01-02 17:00:00,-5.4625,0.7366667,1.0066667,461.40576,7.1965384,3.0651922,-19.483333333333334,-29.0,123.63333333333334,1.6666666666666665,3.0808933e-09,5.436063e-07,-6.2655888
2016-01-02 18:00:00,-4.464068,2.9055932,0.3440678,463.73618,6.712553,2.8819149,-13.233333333333333,-24.0,93.31666666666666,1.6666666666666665,2.1175948e-09,5.045152e-07,-6.297218
2016-01-02 19:00:00,-4.8811665,1.48,0.7916667,457.42294,6.6997914,2.8020833,-14.083333333333334,-24.0,82.5,1.6666666666666665,1.8175677e-09,4.5958527e-07,-6.3378396
2016-01-02 20:00:00,-4.7427273,1.9149091,1.0990909,456.87555,6.55,2.732,-16.633333333333333,-25.0,98.33333333333333,1.6666666666666665,1.3154146e-09,4.272189e-07,-6.3693852
2016-01-02 21:00:00,-5.8478723,0.28148937,2.029149,453.04617,7.275641,2.986923,-15.533333333333333,-21.0,98.3,1.3333333333333333,1.1171676e-09,4.1740017e-07,-6.379579
2016-01-02 22:00:00,-5.961875,1.726875,1.6168749,450.74548,7.0181813,2.8509092,-15.05,-17.0,54.86666666666667,1.3333333333333333,1.1978791e-09,4.2386029e-07,-6.3737273
2016-01-02 23:00:00,,,,,,,-16.416666666666668,-18.0,40.43333333333333,1.3333333333333333,2.6295461e-09,4.975742e-07,-6.306751
2016-01-03 00:00:00,,,,,,,-15.2,-21.0,34.7,0.3333333333333333,1.0084448e-09,4.0126724e-07,-6.39735
2016-01-03 01:00:00,-6.465555,3.1494443,2.078889,444.1375,8.4675,3.34,-12.6,-18.0,33.5,0.3333333333333333,1.0056529e-09,3.6143305e-07,-6.4422364
2016-01-03 02:00:00,-6.213684,3.3668423,0.5422807,432.5,8.480625,3.179375,-12.533333333333333,-19.0,24.35,0.3333333333333333,1.0093745e-09,3.6787716e-07,-6.434954
2016-01-03 03:00:00,-7.5437284,2.3132203,1.988983,425.07446,6.812766,2.4559574,-11.683333333333334,-18.0,28.116666666666667,1.6666666666666665,1.019408e-09,3.6729278e-07,-6.4354296
2016-01-03 04:00:00,-7.1603637,2.5930908,1.8205454,440.2243,5.6397295,2.1778378,-12.55,-18.0,26.333333333333332,1.6666666666666665,1.0006919e-09,3.6159412e-07,-6.441913
2016-01-03 05:00:00,-2.6136665,3.5728333,0.07799999,465.46085,5.367826,2.3286958,-15.266666666666667,-21.0,93.6,1.6666666666666665,1.0035973e-09,3.534059e-07,-6.452176
2016-01-03 06:00:00,-2.6805358,3.4226785,-1.4653571,469.28436,5.1965623,2.2796874,-16.6,-23.0,201.25,2.0,1e-09,3.719907e-07,-6.429611
2016-01-03 07:00:00,-4.686167,3.0153334,-0.927,449.4544,4.785614,1.934386,-16.116666666666667,-22.0,174.9,2.0,1.0042777e-09,3.7495465e-07,-6.426245
2016-01-03 08:00:00,-6.1233897,0.3938983,0.3259322,449.88394,4.1875,1.6951786,-17.916666666666668,-21.0,75.28333333333333,2.0,1.0010149e-09,3.6719442e-07,-6.4354606
2016-01-03 09:00:00,-4.5514636,3.9248781,-0.7626829,445.43512,3.9754052,1.5772973,-15.666666666666666,-18.0,46.71666666666667,0.6666666666666666,1.0010149e-09,3.6072845e-07,-6.442865
2016-01-03 10:00:00,-5.499,1.416,0.034,447.45193,3.7219229,1.4888461,-13.016666666666667,-17.0,44.61666666666667,0.6666666666666666,1.0165789e-09,3.8197484e-07,-6.418793
2016-01-03 11:00:00,-4.7691665,3.0111666,-0.48316666,451.1022,4.2162223,1.7151111,-11.466666666666667,-15.0,82.73333333333333,0.6666666666666666,1.0505583e-09,4.1830683e-07,-6.3802323
2016-01-03 12:00:00,-4.6955004,2.5048332,-0.0915,451.84998,4.9900002,2.0384614,-12.1,-16.0,167.58333333333334,1.3333333333333333,2.0324278e-09,4.998622e-07,-6.302292
2016-01-03 13:00:00,-4.3569493,1.5871186,1.8098305,457.88965,4.3113794,1.8079311,-11.583333333333334,-17.0,76.11666666666666,1.3333333333333333,1.0310127e-09,4.0611684e-07,-6.391576
2016-01-03 14:00:00,-2.859,3.394,-0.5573333,465.9073,5.544146,2.4060977,-8.316666666666666,-14.0,57.95,1.3333333333333333,1.0773288e-09,3.9998858e-07,-6.398192
2016-01-03 15:00:00,0.57516664,4.073167,-0.73933333,477.03125,5.74,2.6085417,-7.983333333333333,-14.0,151.6,2.3333333333333335,1.2234496e-09,3.6435932e-07,-6.438707
2016-01-03 16:00:00,-1.8361666,3.1513333,-1.5031667,464.64584,6.247083,2.6977084,-8.75,-13.0,286.73333333333335,2.3333333333333335,1.2194383e-09,3.4418323e-07,-6.463465
2016-01-03 17:00:00,-2.2557626,1.4798305,0.8523729,459.96072,5.5353575,2.3382144,-9.45,-15.0,337.73333333333335,2.3333333333333335,1.4429637e-09,3.7138688e-07,-6.4311132
2016-01-03 18:00:00,1.0461667,3.74,-0.458,474.73672,4.922449,2.2195919,-7.833333333333333,-12.0,163.4,1.6666666666666665,1.1397396e-09,3.4293043e-07,-6.4651823
2016-01-03 19:00:00,2.2698333,2.9113333,-1.9525,477.5965,4.779123,2.1801753,-11.133333333333333,-16.0,113.0,1.6666666666666665,2.354088e-09,3.7006228e-07,-6.4368606
2016-01-03 20:00:00,2.4401667,1.9531667,-1.956,477.92117,4.629039,2.1134615,-15.3,-20.0,109.0,1.6666666666666665,1.3354785e-09,3.3250672e-07,-6.4807806
2016-01-03 21:00:00,1.0665517,1.6218965,-1.4177587,469.74548,4.4154544,1.9511364,-19.85,-21.0,214.71666666666667,2.6666666666666665,1.0030448e-09,2.91254e-07,-6.535912
2016-01-03 22:00:00,-4.1894827,1.4405173,0.33603448,431.28717,3.3671796,1.2594872,-23.55,-20.0,213.75,2.6666666666666665,1e-09,2.7180482e-07,-6.565788
2016-01-03 23:00:00,-4.475,1.4982759,0.71534485,422.6082,2.904898,1.0387756,-24.016666666666666,-25.0,51.68333333333333,2.6666666666666665,1.001634e-09,2.7149957e-07,-6.566364
2016-01-04 00:00:00,-4.2973332,1.9163334,0.05783333,419.96732,3.2148077,1.1332692,-19.4,-25.0,25.1,0.3333333333333333,1e-09,2.6129013e-07,-6.5829706
2016-01-04 01:00:00,-3.7493222,1.861017,-0.70322037,419.83832,3.341702,1.1774468,-18.866666666666667,-26.0,27.733333333333334,0.3333333333333333,1.002076e-09,2.637939e-07,-6.579452
2016-01-04 02:00:00,-3.4926667,1.4588333,-0.76516664,419.1857,3.6799998,1.2918367,-20.016666666666666,-27.0,48.983333333333334,0.3333333333333333,1.003011e-09,2.8104904e-07,-6.5517206
2016-01-04 03:00:00,-3.850678,0.9961017,-0.61491525,418.1,3.475686,1.2152941,-20.45,-27.0,32.11666666666667,1.6666666666666665,1.0030278e-09,2.6290033e-07,-6.5806513
2016-01-04 04:00:00,-3.2555,2.3633335,-0.34983334,423.69644,3.3992858,1.2203571,-20.483333333333334,-24.0,44.21666666666667,1.6666666666666665,1e-09,2.4983558e-07,-6.6023726
2016-01-04 05:00:00,-2.6151667,2.7078333,-0.72833335,430.16666,3.6185184,1.3422223,-17.4,-21.0,72.76666666666667,1.6666666666666665,1e-09,2.463071e-07,-6.608544
2016-01-04 06:00:00,-0.7265,2.042,-3.1236665,448.6849,4.8373585,1.9484905,-11.633333333333333,-18.0,206.03333333333333,1.6666666666666665,1.1025779e-09,2.5711284e-07,-6.593478
2016-01-04 07:00:00,-2.3063333,2.4345002,1.064,444.37335,5.0066667,1.978,-11.7,-18.0,216.3,1.6666666666666665,1e-09,2.431496e-07,-6.614159
2016-01-04 08:00:00,-3.0011668,2.4295,1.4776667,447.04044,4.819787,1.9276595,-8.516666666666667,-14.0,64.9,1.6666666666666665,1e-09,2.434005e-07,-6.614251
2016-01-04 09:00:00,-4.01125,2.5694642,0.7589286,441.9143,5.4866667,2.142381,-4.7,-9.0,31.683333333333334,0.6666666666666666,1e-09,2.3441187e-07,-6.6300373
2016-01-04 10:00:00,-1.98625,-0.5216071,1.9848214,444.2604,5.0239587,1.9816667,-2.316666666666667,-7.0,23.6,0.6666666666666666,1e-09,2.327983e-07,-6.633103
2016-01-04 11:00:00,-5.3638983,0.032203387,3.4749153,445.22812,5.771875,2.2890625,-2.5,-7.0,25.933333333333334,0.6666666666666666,1e-09,2.4176356e-07,-6.616667
2016-01-04 12:00:00,-4.942034,2.553051,0.30728814,430.44543,6.3622727,2.3554544,-4.55,-9.0,25.966666666666665,0.6666666666666666,1e-09,2.3466828e-07,-6.6295605
2016-01-04 13:00:00,-2.2607548,-1.4569812,2.3560379,445.4381,5.6238093,2.227381,-5.95,-11.0,32.71666666666667,0.6666666666666666,1e-09,2.4590693e-07,-6.6095657
2016-01-04 14:00:00,-2.9405358,-2.7151787,2.5983927,436.0875,4.4485,1.6947501,-6.35,-13.0,24.6,0.6666666666666666,1e-09,2.4873412e-07,-6.6043854
2016-01-04 15:00:00,-2.896,-2.285,1.2991666,422.24908,4.117091,1.465091,-4.266666666666667,-10.0,18.816666666666666,2.0,1e-09,2.3290778e-07,-6.632874
2016-01-04 16:00:00,-4.723,0.6566667,-1.1225,417.4039,5.1368628,1.7898039,-6.166666666666667,-9.0,62.266666666666666,2.0,1.0010379e-09,2.2881356e-07,-6.6405993
2016-01-04 17:00:00,-4.4336667,1.387,-0.24766666,412.6463,5.068889,1.7266666,-5.633333333333334,-8.0,213.5,2.0,1.0010379e-09,2.2521643e-07,-6.6475234
2016-01-04 18:00:00,-4.0276666,-2.6958334,0.425,420.37445,5.7523403,2.0342553,-2.35,-5.0,83.11666666666666,1.6666666666666665,1.0027288e-09,2.2135944e-07,-6.6550093
2016-01-04 19:00:00,-4.2631664,-1.2828333,0.030166669,417.35437,6.369298,2.2189474,-4.916666666666667,-6.0,64.36666666666666,1.6666666666666665,1e-09,2.1532998e-07,-6.6669226
2016-01-04 20:00:00,-4.8483334,-0.114333324,1.6821667,418.32498,6.2087502,2.1730359,-8.783333333333333,-11.0,49.95,1.6666666666666665,1.0003345e-09,2.1474794e-07,-6.668161
2016-01-04 21:00:00,-4.171,1.0078334,2.6683335,412.82144,5.9517856,2.0289285,-8.516666666666667,-11.0,72.21666666666667,0.6666666666666666,1.0006804e-09,2.1518011e-07,-6.6672277
2016-01-04 22:00:00,,,,417.7,6.43,2.24,-10.833333333333334,-12.0,34.9,0.6666666666666666,1e-09,2.191689e-07,-6.6594768
2016-01-04 23:00:00,,,,,,,-8.683333333333334,-11.0,31.816666666666666,0.6666666666666666,1e-09,2.1142347e-07,-6.6749587
2016-01-05 00:00:00,-3.4665518,2.5855174,0.07827586,398.66925,7.0911536,2.2561538,-3.2666666666666666,-9.0,22.25,0.3333333333333333,1.000346e-09,2.0973964e-07,-6.6785326
2016-01-05 01:00:00,-3.5508475,2.803898,0.3518644,400.91666,8.179167,2.6312501,-1.2333333333333334,-7.0,21.8,0.3333333333333333,1e-09,2.3325173e-07,-6.633207
2016-01-05 02:00:00,-4.5575004,2.5333333,3.0743334,412.268,8.8292,3.0061998,-0.23333333333333334,-6.0,23.516666666666666,0.3333333333333333,1.002665e-09,2.3556531e-07,-6.628368
2016-01-05 03:00:00,-1.2826667,5.0108333,1.6753333,430.92883,9.405423,3.4989831,1.5666666666666667,-5.0,32.483333333333334,1.0,1.0428243e-09,3.5162122e-07,-6.4560933
2016-01-05 04:00:00,-3.4128335,5.9298334,2.2245,413.08536,9.777074,3.3368292,0.2,-7.0,22.583333333333332,1.0,1.0010149e-09,3.2838182e-07,-6.4837613
2016-01-05 05:00:00,-3.2916667,5.575333,1.2381667,404.81296,13.187222,4.3214817,3.5,-4.0,33.96666666666667,1.0,1.0175023e-09,3.4798177e-07,-6.458618
2016-01-05 06:00:00,-3.3876665,4.2798333,3.888167,393.9745,12.1963825,3.7868085,2.0166666666666666,-6.0,44.13333333333333,1.0,1e-09,3.28994e-07,-6.4832597
2016-01-05 07:00:00,-2.4727118,2.8193219,4.6949153,387.58597,12.923509,3.8829825,4.483333333333333,-3.0,30.416666666666668,1.0,1e-09,2.9014063e-07,-6.5376453
2016-01-05 08:00:00,-3.3236666,4.75,-0.18266669,381.8389,16.535927,4.821296,9.733333333333333,4.0,35.86666666666667,1.0,1e-09,2.7112236e-07,-6.5669675
2016-01-05 09:00:00,-5.541111,4.7314816,0.28518522,381.96225,18.028223,5.258445,6.066666666666666,2.0,89.48333333333333,1.6666666666666665,1e-09,2.6648937e-07,-6.5746837
2016-01-05 10:00:00,-5.7017245,4.997069,5.560172,378.2933,13.7104435,3.9246666,4.883333333333334,0.0,90.4,1.6666666666666665,1e-09,2.6186706e-07,-6.582221
2016-01-05 11:00:00,-4.5950003,5.1342854,7.0732145,398.9289,9.383555,2.9968889,3.8833333333333333,0.0,37.31666666666667,1.6666666666666665,1e-09,2.5600244e-07,-6.592017
2016-01-05 12:00:00,1.3198334,0.8516666,10.126833,412.88724,7.603818,2.596,4.8,0.0,31.033333333333335,1.0,1e-09,2.419578e-07,-6.6163087
2016-01-05 13:00:00,0.502069,1.3148277,9.620172,416.82156,9.77196,3.3966665,8.05,4.0,21.95,1.0,1e-09,2.4491445e-07,-6.6110654
2016-01-05 14:00:00,-1.4066666,-0.06777778,9.716666,413.37997,10.719999,3.662,10.85,6.0,24.75,1.0,1.000669e-09,2.3197562e-07,-6.634929
2016-01-05 15:00:00,6.756491,-2.2466667,7.8456144,477.7143,10.563036,4.8198214,12.733333333333333,7.0,20.216666666666665,2.0,1e-09,2.3291348e-07,-6.6331844
2016-01-05 16:00:00,4.773333,-2.8569999,9.147666,465.56726,12.640909,5.4738183,17.083333333333332,9.0,19.8,2.0,1.2188172e-09,2.8120067e-07,-6.560256
2016-01-05 17:00:00,-4.5461407,4.699298,4.604737,446.42432,9.6481085,3.7883782,12.866666666666667,4.0,33.45,2.0,1e-09,2.5566385e-07,-6.593702
2016-01-05 18:00:00,-11.030167,11.520833,0.68716663,466.40378,4.7383018,2.0579245,4.616666666666666,-3.0,44.81666666666667,2.3333333333333335,1e-09,2.3783852e-07,-6.623811
2016-01-05 19:00:00,-6.538333,11.5175,2.6405,473.06113,4.636852,2.0633333,2.716666666666667,-5.0,184.06666666666666,2.3333333333333335,1.0087657e-09,2.6183722e-07,-6.583809
2016-01-05 20:00:00,-2.542,9.903334,5.3245,465.31866,7.0491524,3.060339,4.9,-1.0,112.38333333333334,2.3333333333333335,1.3151441e-09,3.0093594e-07,-6.524595
2016-01-05 21:00:00,-2.6235,9.265333,7.3166666,469.26166,7.8803334,3.468,7.233333333333333,4.0,39.35,2.0,1.0466658e-09,3.1358698e-07,-6.5045624
2016-01-05 22:00:00,-3.4931667,10.617833,6.9309998,486.12952,6.346591,3.003409,5.9,6.0,27.816666666666666,2.0,1.081874e-09,3.376613e-07,-6.473032
2016-01-05 23:00:00,-5.8972225,12.340833,-0.37027776,466.5656,8.246875,3.59625,10.55,10.0,46.666666666666664,2.0,3.903998e-09,4.9129284e-07,-6.311626
2016-01-06 00:00:00,-5.8254385,5.9122806,-8.544737,502.44363,10.997636,5.5559998,3.816666666666667,6.0,350.76666666666665,4.666666666666667,1.1143819e-09,3.458804e-07,-6.4651184
2016-01-06 01:00:00,-3.901579,6.720877,-2.0510528,526.8813,8.435834,4.5441666,-19.633333333333333,-13.0,588.4333333333333,4.666666666666667,1e-09,2.6558953e-07,-6.576269
2016-01-06 02:00:00,-2.3494546,1.9409091,-0.20199999,607.7837,4.299796,3.1806123,-15.5,-18.0,192.73333333333332,4.666666666666667,1e-09,2.751757e-07,-6.5621114
2016-01-06 03:00:00,-2.4142373,-0.56084746,2.5740678,605.3137,4.436667,3.252353,-12.116666666666667,-18.0,120.36666666666666,2.6666666666666665,4.1570853e-09,3.9387228e-07,-6.4329157
2016-01-06 04:00:00,-5.2785,-0.29816666,0.024000006,584.46747,4.9105,3.355,-8.9,-15.0,85.3,2.6666666666666665,1.0172461e-09,3.4709822e-07,-6.4669137
2016-01-06 05:00:00,-3.8218334,1.7815,-1.1193334,598.21454,4.890909,3.4898183,-13.783333333333333,-18.0,75.81666666666666,2.6666666666666665,1e-09,2.67315e-07,-6.5742517
2016-01-06 06:00:00,-2.7438333,1.7383333,0.77916664,607.85455,3.5718184,2.6336362,-19.683333333333334,-25.0,79.55,3.0,2.0288777e-09,3.280546e-07,-6.4926
2016-01-06 07:00:00,-4.5631666,-0.15716664,-1.9071667,596.04565,3.777174,2.683261,-20.433333333333334,-28.0,142.35,3.0,2.4552271e-09,4.6190172e-07,-6.3446765
2016-01-06 08:00:00,-5.2166667,2.3988333,-0.92249995,589.275,3.935,2.74,-18.516666666666666,-25.0,449.43333333333334,3.0,9.704113e-09,4.6661307e-07,-6.3356695
2016-01-06 09:00:00,-3.8513794,1.8412069,-4.327069,600.36426,3.6325,2.6273215,-16.85,-24.0,676.8166666666667,3.3333333333333335,1.7411669e-08,4.1606265e-07,-6.3916173
2016-01-06 10:00:00,-3.3081667,1.8531667,-2.1426666,605.1222,3.3364813,2.445185,-20.3,-30.0,654.0,3.3333333333333335,1.1465529e-08,3.3270413e-07,-6.4794455
2016-01-06 11:00:00,-3.3415,0.65566665,-2.1578333,613.16736,3.3273468,2.5112245,-23.433333333333334,-31.0,537.15,3.3333333333333335,1.5430963e-08,4.4509514e-07,-6.3857145
2016-01-06 12:00:00,-2.5787933,-2.8648276,2.4713793,618.193,3.518772,2.69,-21.066666666666666,-27.0,276.6666666666667,2.6666666666666665,5.363592e-09,4.1291165e-07,-6.3859305
2016-01-06 13:00:00,-3.9223528,2.8107843,1.5411764,568.64,2.5165715,1.6511428,-19.316666666666666,-25.0,102.11666666666666,2.6666666666666665,6.09006e-09,5.967732e-07,-6.2258587
2016-01-06 14:00:00,-3.099,4.3580003,0.55916667,559.3473,2.728,1.7016363,-16.333333333333332,-22.0,153.26666666666668,2.6666666666666665,5.697633e-09,5.275118e-07,-6.282443
2016-01-06 15:00:00,-1.4163462,1.5676923,3.095577,555.58435,3.94375,2.4371874,-8.466666666666667,-17.0,255.21666666666667,2.3333333333333335,2.2775535e-09,3.7145503e-07,-6.431426
2016-01-06 16:00:00,-2.2741072,-1.4466072,1.7810714,540.1949,4.3566666,2.538718,-4.0,-15.0,74.88333333333334,2.3333333333333335,1.8106682e-09,3.379123e-07,-6.4714713
2016-01-06 17:00:00,-0.45745763,-3.381695,1.4108474,547.0196,3.8645098,2.3105881,-2.55,-11.0,44.6,2.3333333333333335,1.1038188e-09,3.439531e-07,-6.4639
2016-01-06 18:00:00,-3.8298306,-0.28593218,0.36288136,530.917,4.1493616,2.337447,-5.633333333333334,-12.0,47.11666666666667,2.3333333333333335,1.0727396e-09,3.5045315e-07,-6.4560246
2016-01-06 19:00:00,-2.4373214,-0.08035714,-0.045714278,546.5,4.315778,2.5784445,-8.283333333333333,-13.0,148.03333333333333,2.3333333333333335,2.9603056e-09,3.811836e-07,-6.427707
2016-01-06 20:00:00,-3.2089474,0.84122807,-3.6719298,545.9682,3.9334092,2.345682,-15.466666666666667,-19.0,242.06666666666666,2.3333333333333335,1.0078035e-09,3.3486447e-07,-6.475487
2016-01-06 21:00:00,-3.2743635,1.8752728,0.8247273,550.68475,4.513261,2.7380433,-22.916666666666668,-25.0,277.1,3.3333333333333335,3.8571146e-09,3.900109e-07,-6.423509
2016-01-06 22:00:00,-3.5249057,3.3579245,-2.0967925,545.9394,4.429394,2.6412122,-23.083333333333332,-23.0,269.53333333333336,3.3333333333333335,2.802719e-09,4.9294147e-07,-6.3131537
2016-01-06 23:00:00,-4.854815,2.930185,1.7485185,553.03253,4.61525,2.82775,-16.516666666666666,-17.0,403.51666666666665,3.3333333333333335,3.1133687e-09,4.369525e-07,-6.3656917
2016-01-07 00:00:00,-6.2279997,2.0778,0.8443999,552.1,5.1856,3.1624,-11.366666666666667,-17.0,107.93333333333334,4.0,2.57838e-09,3.8651785e-07,-6.417083
2016-01-07 01:00:00,-4.2223635,-1.0612727,-3.0032725,555.2652,5.38913,3.3160868,-15.583333333333334,-20.0,422.18333333333334,4.0,2.329411e-09,4.2958544e-07,-6.3717775
2016-01-07 02:00:00,-1.4850848,-4.3774576,-2.6781354,578.0074,4.9781485,3.327037,-16.716666666666665,-21.0,600.4833333333333,4.0,2.4999045e-09,3.2248045e-07,-6.5003824
2016-01-07 03:00:00,-2.7019231,1.2351924,-1.0582693,577.4149,4.5451064,3.029787,-14.783333333333333,-20.0,281.4166666666667,2.6666666666666665,4.123026e-09,4.550548e-07,-6.36023
2016-01-07 04:00:00,-1.5027273,1.6290909,-2.9247272,589.5205,4.0771794,2.8305128,-7.833333333333333,-14.0,100.65,2.6666666666666665,1.8916282e-09,4.9253305e-07,-6.311738
2016-01-07 05:00:00,-2.3352542,1.3954238,-2.546271,575.2167,4.108333,2.7127776,-10.3,-15.0,97.1,2.6666666666666665,1.003011e-09,3.3851217e-07,-6.471354
2016-01-07 06:00:00,-2.7566667,2.8383334,-1.2211666,570.9982,4.1945615,2.7317545,-11.666666666666666,-17.0,82.23333333333333,2.6666666666666665,7.2838677e-09,5.024478e-07,-6.3229585
2016-01-07 07:00:00,-2.7186666,2.8213334,-1.3403333,567.61914,4.1270213,2.6604257,-13.233333333333333,-22.0,318.0,2.6666666666666665,1.5416821e-09,4.0999922e-07,-6.3883257
2016-01-07 08:00:00,-2.5818334,1.5846667,0.984,568.638,3.9344,2.5410001,-12.816666666666666,-21.0,229.38333333333333,2.6666666666666665,2.3736708e-09,4.089202e-07,-6.389273
2016-01-07 09:00:00,-2.7011864,1.8888136,-1.1077967,565.1683,4.1036587,2.6209755,-14.25,-20.0,208.21666666666667,3.3333333333333335,1.2416373e-09,3.542374e-07,-6.4522977
2016-01-07 10:00:00,-1.9596428,3.4475,1.7508929,565.28723,4.043404,2.582766,-17.783333333333335,-22.0,573.0166666666667,3.3333333333333335,1.1873521e-08,4.0936717e-07,-6.391062
2016-01-07 11:00:00,-3.4222035,2.4827118,-1.7544068,554.549,3.8020408,2.3406124,-11.116666666666667,-17.0,296.9166666666667,3.3333333333333335,1.00667314e-08,3.0607828e-07,-6.5146165
2016-01-07 12:00:00,-3.0726666,3.759,0.16266665,557.48956,3.8741667,2.408125,-13.5,-18.0,307.23333333333335,2.6666666666666665,3.1279366e-09,2.9551651e-07,-6.53081
2016-01-07 13:00:00,-3.6429412,1.2447059,-1.0398039,546.7586,4.2572412,2.5417242,-12.933333333333334,-17.0,245.65,2.6666666666666665,1.0385451e-09,3.0028932e-07,-6.522592
2016-01-07 14:00:00,-1.5128814,3.1715252,-0.39033896,567.0523,3.8286364,2.4593182,-8.1,-13.0,266.0833333333333,2.6666666666666665,1.3893205e-09,3.6976616e-07,-6.4346676
2016-01-07 15:00:00,-3.498793,0.915,-0.22603449,550.2515,4.3033333,2.600303,-6.533333333333333,-12.0,270.1333333333333,2.6666666666666665,5.109466e-09,3.797157e-07,-6.421195
2016-01-07 16:00:00,-3.2260344,2.2072415,0.048103448,549.1468,4.282553,2.5780852,-6.783333333333333,-12.0,118.98333333333333,2.6666666666666665,1.4319105e-09,3.2870363e-07,-6.4836926
2016-01-07 17:00:00,-2.258305,1.6633898,-0.34525424,559.6111,3.9617777,2.471111,-9.816666666666666,-12.0,149.95,2.6666666666666665,1.0678609e-09,3.038371e-07,-6.51745
2016-01-07 18:00:00,0.6858333,4.874167,-0.251,577.66614,3.3472881,2.235932,-10.533333333333333,-10.0,381.1166666666667,2.3333333333333335,1.0222855e-09,2.8351843e-07,-6.5476613
2016-01-07 19:00:00,0.9026667,4.539,-1.1016667,577.51355,3.4506779,2.3042371,-13.116666666666667,-11.0,309.3333333333333,2.3333333333333335,1.0802801e-09,2.740514e-07,-6.5622277
2016-01-07 20:00:00,1.09,4.188478,0.49695653,577.25793,3.285,2.188158,-15.816666666666666,-15.0,116.53333333333333,2.3333333333333335,-14999.85,-14999.85,-6.5591235
2016-01-07 21:00:00,-2.147627,3.678983,0.28338984,551.39246,3.3467925,2.0320754,-17.0,-17.0,66.88333333333334,1.3333333333333333,1e-09,2.4995526e-07,-6.602245
2016-01-07 22:00:00,-1.7922033,3.0213559,0.22423728,551.4356,3.3942373,2.060678,-16.55,-16.0,73.63333333333334,1.3333333333333333,1.001384e-09,2.4885236e-07,-6.6041465
2016-01-07 23:00:00,-3.9001665,0.981,0.0465,533.6184,3.8381581,2.185,-14.25,-16.0,64.15,1.3333333333333333,1.0006919e-09,2.6433247e-07,-6.578917
2016-01-08 00:00:00,-2.8718333,1.4373333,0.010833331,541.3074,3.4890742,2.0392592,-12.25,-17.0,44.6,1.0,1.3743101e-09,2.9827308e-07,-6.532036
2016-01-08 01:00:00,-1.6995,3.7516668,0.26016667,544.5837,3.2628572,1.9316326,-14.066666666666666,-19.0,36.483333333333334,1.0,1.0235353e-09,2.6359436e-07,-6.5806046
2016-01-08 02:00:00,-1.0045,4.3486667,0.19133334,540.766,3.2557998,1.9016,-12.65,-18.0,72.15,1.0,1e-09,2.606199e-07,-6.5847
2016-01-08 03:00:00,-0.23366667,4.4668336,-0.10033334,547.7846,3.064359,1.8397436,-11.9,-17.0,100.0,2.3333333333333335,1.000346e-09,2.681058e-07,-6.5719085
2016-01-08 04:00:00,0.09183333,4.6196666,0.6483334,545.33685,2.8855264,1.7194736,-12.016666666666667,-16.0,133.8,2.3333333333333335,1.4490009e-09,2.9280926e-07,-6.5382023
2016-01-08 05:00:00,-1.0470834,4.9670835,0.67041665,529.56525,2.7943478,1.5695652,-11.85,-17.0,48.766666666666666,2.3333333333333335,1e-09,2.790968e-07,-6.554545
2016-01-08 06:00:00,-3.998305,0.8618644,0.4738983,529.13635,4.409091,2.4656818,-8.633333333333333,-16.0,47.766666666666666,1.6666666666666665,1e-09,2.6190045e-07,-6.5820436
2016-01-08 07:00:00,-3.3415,-2.6631668,-1.994,525.66956,3.305435,1.8267391,-7.916666666666667,-16.0,145.75,1.6666666666666665,1e-09,2.4911404e-07,-6.603792
2016-01-08 08:00:00,-2.7308927,-2.6958928,-1.1908929,524.4135,3.7272973,2.045135,-12.333333333333334,-19.0,254.28333333333333,1.6666666666666665,1e-09,2.502982e-07,-6.6016855
2016-01-08 09:00:00,-3.4339998,-2.0811667,0.7068333,521.13477,3.6291306,1.9669566,-13.483333333333333,-20.0,282.78333333333336,2.3333333333333335,1e-09,2.4269082e-07,-6.615152
2016-01-08 10:00:00,-4.057667,-0.23766667,-1.0673333,512.31604,4.1666,2.1874,-10.983333333333333,-19.0,113.73333333333333,2.3333333333333335,1e-09,2.78767e-07,-6.556668
2016-01-08 11:00:00,-2.264074,-0.13592593,-3.0116668,518.176,3.5535998,1.8988,-14.7,-21.0,281.23333333333335,2.3333333333333335,8.300151e-09,4.4868145e-07,-6.3791213
2016-01-08 12:00:00,-3.510678,0.44711864,-1.2998306,504.91397,4.093721,2.0851164,-14.05,-20.0,363.96666666666664,3.0,8.226271e-09,3.4403809e-07,-6.463576
2016-01-08 13:00:00,-2.6039622,-0.628868,-1.7154716,507.3457,3.6642857,1.8811427,-14.383333333333333,-22.0,212.35,3.0,1.355575e-09,3.1527637e-07,-6.501456
2016-01-08 14:00:00,-0.21210526,4.1798244,0.8933333,515.4089,3.2324445,1.7171112,-7.4,-17.0,355.6166666666667,3.0,5.0036935e-09,2.7975642e-07,-6.553381
2016-01-08 15:00:00,-1.4492983,3.276842,2.2507017,507.24774,3.2515907,1.6718181,-6.1,-18.0,118.0,1.3333333333333333,1.9429103e-09,2.9351062e-07,-6.533918
2016-01-08 16:00:00,1.4386538,3.9575,1.7515385,528.66,3.1045716,1.7357143,-3.3333333333333335,-16.0,52.7,1.3333333333333333,1.1092635e-09,3.2183166e-07,-6.4940915
2016-01-08 17:00:00,-2.333,2.9252,1.0414,489.5027,3.9051354,1.8605404,-3.3,-15.0,92.28333333333333,1.3333333333333333,1.012204e-09,3.6688772e-07,-6.4355245
2016-01-08 18:00:00,-2.4082758,2.1774137,-0.7413793,485.6341,3.8479545,1.8070455,-4.266666666666667,-15.0,194.65,1.3333333333333333,1.0226474e-09,3.5254058e-07,-6.4537854
2016-01-08 19:00:00,-4.0501695,-0.4440678,-0.41813558,469.08368,4.2787757,1.8806123,-6.716666666666667,-15.0,91.33333333333333,1.3333333333333333,1.0212019e-09,2.883419e-07,-6.5407166
2016-01-08 20:00:00,-2.3555,3.0456667,0.68799996,478.05582,4.0176744,1.8295349,-8.916666666666666,-16.0,43.166666666666664,1.3333333333333333,1.1061567e-09,3.4111181e-07,-6.471143
2016-01-08 21:00:00,-2.3182354,3.7341175,-0.6535294,468.86,3.5026667,1.538,-7.916666666666667,-14.0,56.06666666666667,1.3333333333333333,1.0050755e-09,3.3075412e-07,-6.4821043
2016-01-08 22:00:00,-1.2530508,2.4074576,-0.85254234,481.2262,3.7307143,1.7295238,-8.833333333333334,-12.0,83.66666666666667,1.3333333333333333,1.0057285e-09,3.384274e-07,-6.47116
2016-01-08 23:00:00,-2.108305,-0.6801695,-2.351017,470.90717,4.170357,1.8485714,-10.183333333333334,-13.0,120.08333333333333,1.3333333333333333,1.0053325e-09,3.3613338e-07,-6.4769254
2016-01-09 00:00:00,-0.36929828,2.8517544,-1.6149124,470.61874,4.4196873,1.950625,-12.35,-18.0,58.95,1.6666666666666665,1.002649e-09,3.411709e-07,-6.471135
2016-01-09 01:00:00,-1.6721667,3.3381665,2.1431665,471.38477,4.3652177,1.9345652,-11.35,-17.0,36.28333333333333,1.6666666666666665,1.0003345e-09,2.760231e-07,-6.559553
2016-01-09 02:00:00,-3.9156363,2.8267274,1.0594546,452.07352,5.0305886,2.0505884,-7.933333333333334,-14.0,42.766666666666666,1.6666666666666665,1e-09,2.7760493e-07,-6.5572147
2016-01-09 03:00:00,-2.6706667,2.7676666,1.3156667,452.225,4.889375,1.9852084,-7.016666666666667,-13.0,22.433333333333334,1.0,1.001321e-09,2.8884716e-07,-6.5398264
2016-01-09 04:00:00,-1.0270909,4.718727,1.5361818,465.6333,4.3297434,1.8751281,-6.5,-13.0,40.03333333333333,1.0,1e-09,3.0850273e-07,-6.5111966
2016-01-09 05:00:00,-1.5566667,4.3152633,1.3622807,454.96533,4.8134694,1.9924489,-6.783333333333333,-12.0,56.21666666666667,1.0,1e-09,2.6668098e-07,-6.574622
2016-01-09 06:00:00,-0.76816666,4.6475,0.09699999,454.37442,5.2060466,2.1511629,-6.716666666666667,-13.0,93.73333333333333,1.3333333333333333,1e-09,2.3760757e-07,-6.624258
2016-01-09 07:00:00,1.041356,4.9125423,-0.51576275,474.2926,5.000741,2.2462964,-7.583333333333333,-14.0,108.01666666666667,1.3333333333333333,1e-09,2.3203418e-07,-6.6345005
2016-01-09 08:00:00,0.97099996,4.928167,1.5115,468.77368,4.631842,2.0389473,-12.066666666666666,-17.0,99.66666666666667,1.3333333333333333,1e-09,2.3339663e-07,-6.631961
2016-01-09 09:00:00,0.29762712,4.805763,0.6520339,462.6,4.6477275,1.9879546,-11.116666666666667,-16.0,91.08333333333333,1.0,1e-09,2.477276e-07,-6.6062746
2016-01-09 10:00:00,-0.061578944,5.2089477,1.204035,457.14902,4.925098,2.0584314,-8.883333333333333,-15.0,125.53333333333333,1.0,1.0013325e-09,2.5582526e-07,-6.592136
2016-01-09 11:00:00,-1.1275,4.621333,-0.36699998,451.18982,4.767959,1.9412246,-6.15,-12.0,249.43333333333334,1.0,1.5220858e-09,2.5595463e-07,-6.5919375
2016-01-09 12:00:00,-2.3103573,3.1726785,-1.4383929,444.90802,4.3434,1.724,-6.983333333333333,-13.0,275.6166666666667,2.0,1.016802e-09,2.405126e-07,-6.619147
2016-01-09 13:00:00,-2.1556363,1.134909,-1.0430909,450.97394,4.9919567,2.031087,-6.533333333333333,-13.0,171.03333333333333,2.0,1e-09,2.3780721e-07,-6.6246715
2016-01-09 14:00:00,-4.6460004,0.8831667,-1.2056667,434.38397,4.9691997,1.877,-8.066666666666666,-17.0,118.43333333333334,2.0,1e-09,2.3671545e-07,-6.6258807
2016-01-09 15:00:00,-5.2301693,1.6047457,-0.61542374,425.59998,5.243617,1.9021277,-7.0,-17.0,113.21666666666667,1.6666666666666665,1e-09,2.4830354e-07,-6.605734
2016-01-09 16:00:00,-4.725,2.3676667,0.9533333,428.054,5.9472003,2.1776,-6.266666666666667,-16.0,129.95,1.6666666666666665,1e-09,2.3056494e-07,-6.6372533
2016-01-09 17:00:00,-5.1967244,1.2531035,1.007931,419.61508,5.401132,1.9001887,-4.166666666666667,-12.0,132.7,1.6666666666666665,1e-09,2.1758947e-07,-6.6624527
2016-01-09 18:00:00,,,,,,,-2.966666666666667,-8.0,57.86666666666667,1.0,1.000346e-09,2.2668061e-07,-6.6455975
2016-01-09 19:00:00,-1.6003572,4.93,2.252857,441.6061,4.959796,1.9344898,-2.8666666666666667,-6.0,36.71666666666667,1.0,1.0003345e-09,2.3386993e-07,-6.631097
2016-01-09 20:00:00,-1.7438333,5.1226664,1.3138334,445.73636,5.9522724,2.3706818,-1.5,-4.0,31.05,1.0,1.000346e-09,2.5191588e-07,-6.599002
2016-01-09 21:00:00,-0.2731579,5.7031574,1.8159649,450.8,6.234667,2.536889,-0.16666666666666666,-2.0,30.6,1.3333333333333333,1e-09,2.410133e-07,-6.6182
2016-01-09 22:00:00,0.8096667,5.6601663,2.8131666,449.4383,5.7189364,2.3031914,0.26666666666666666,0.0,25.933333333333334,1.3333333333333333,1e-09,2.3510549e-07,-6.6291738
2016-01-09 23:00:00,-1.7963333,3.3089998,-1.094,438.28967,6.230345,2.3856895,2.75,0.0,44.28333333333333,1.3333333333333333,1.0009864e-09,2.343751e-07,-6.6301937
2016-01-10 00:00:00,-5.0288334,0.19283333,-2.3765,431.983,5.972453,2.2271698,0.48333333333333334,-4.0,86.88333333333334,2.3333333333333335,1e-09,2.446006e-07,-6.61202
2016-01-10 01:00:00,-1.1075,2.4625,0.23766667,445.51956,6.001739,2.3834782,-6.133333333333334,-11.0,90.81666666666666,2.3333333333333335,1.0019614e-09,3.4844155e-07,-6.4603753
2016-01-10 02:00:00,-0.10288136,5.1674576,1.6666102,440.69998,6.319216,2.4545097,-5.25,-11.0,38.2,2.3333333333333335,1.000346e-09,3.555064e-07,-6.4502077
2016-01-10 03:00:00,0.18932204,6.376949,-0.49101692,445.05093,7.1547174,2.8339622,-3.0166666666666666,-8.0,91.66666666666667,1.6666666666666665,1e-09,2.8211764e-07,-6.550185
2016-01-10 04:00:00,2.0920339,5.528814,4.2488136,448.29245,7.3473587,2.9547172,-3.316666666666667,-9.0,60.05,1.6666666666666665,1e-09,2.552759e-07,-6.5932255
2016-01-10 05:00:00,0.51816666,1.0215,3.8658333,437.21112,8.197111,3.136,-1.1166666666666667,-6.0,39.95,1.6666666666666665,1e-09,2.4318965e-07,-6.614118
2016-01-10 06:00:00,-3.0894916,-1.4266101,0.35118645,425.00452,7.7795453,2.8090909,0.6333333333333333,-6.0,35.53333333333333,1.0,1e-09,2.7048654e-07,-6.568733
2016-01-10 07:00:00,-2.671228,-1.9307017,-2.0870175,426.507,7.1467443,2.595814,-1.4666666666666666,-8.0,68.91666666666667,1.0,1e-09,3.2414437e-07,-6.4899783
2016-01-10 08:00:00,-1.687963,-0.08592592,-2.157037,440.22144,7.112381,2.755238,-5.416666666666667,-11.0,122.46666666666667,1.0,1e-09,2.9790266e-07,-6.5276804
2016-01-10 09:00:00,-3.3606668,1.3906667,-2.2971666,430.1696,6.4867396,2.4004347,-6.583333333333333,-11.0,224.65,2.0,1.2395742e-09,2.5963135e-07,-6.5859737
2016-01-10 10:00:00,-0.55491227,3.2519298,1.5738597,444.45557,6.3280554,2.5024998,-5.85,-12.0,366.78333333333336,2.0,3.792726e-09,2.5545563e-07,-6.5928407
2016-01-10 11:00:00,-2.6331668,1.8115001,-2.6605,431.65332,6.348,2.3695,-6.316666666666666,-14.0,215.38333333333333,2.0,1.0063165e-09,2.4790123e-07,-6.605891
2016-01-10 12:00:00,-3.5786667,3.6533332,1.2830001,425.34198,5.908,2.1388001,-10.683333333333334,-16.0,347.4,2.3333333333333335,1.4874904e-09,2.4637336e-07,-6.6084533
2016-01-10 13:00:00,-0.66533333,4.0025,1.9383334,438.24152,5.062453,1.9433962,-6.433333333333334,-12.0,165.45,2.3333333333333335,1.2161384e-09,2.4909602e-07,-6.6037235
2016-01-10 14:00:00,-2.28,0.2125,-3.95625,438.30002,4.6057143,1.7699999,-5.45,-9.0,92.86666666666666,2.3333333333333335,1e-09,2.5582779e-07,-6.592191
2016-01-10 15:00:00,-1.0394642,2.8001785,1.250357,451.42368,5.5568423,2.2631578,-3.9166666666666665,-8.0,91.36666666666666,1.3333333333333333,1e-09,2.5397105e-07,-6.595361
2016-01-10 16:00:00,-2.287826,1.2969565,1.3297826,446.11765,5.388235,2.1435294,-3.216666666666667,-8.0,114.58333333333333,1.3333333333333333,1e-09,2.6177983e-07,-6.5828648
2016-01-10 17:00:00,-1.3116071,2.2828572,0.76875,448.36667,4.6531253,1.8672916,-0.7,-6.0,52.766666666666666,1.3333333333333333,1.1292853e-09,2.9529062e-07,-6.532478
2016-01-10 18:00:00,2.8536842,3.8352633,0.5863158,458.7852,3.874074,1.6300001,0.6833333333333333,-6.0,46.46666666666667,2.3333333333333335,1.0013378e-09,2.5905376e-07,-6.5868306
2016-01-10 19:00:00,1.2441667,2.365,-1.9071667,451.34705,4.495686,1.8313726,3.783333333333333,-6.0,57.71666666666667,2.3333333333333335,1e-09,2.8330533e-07,-6.548446
2016-01-10 20:00:00,-2.285,0.21716666,-3.7181666,435.1293,4.1298275,1.5646552,-1.7,-10.0,329.9,2.3333333333333335,1.0003345e-09,2.630379e-07,-6.580093
2016-01-10 21:00:00,-2.8483331,1.6586666,-1.6316667,433.9544,5.100702,1.9200001,-6.916666666666667,-12.0,342.75,2.6666666666666665,1.0027565e-09,2.8294437e-07,-6.54995
2016-01-10 22:00:00,-1.511017,1.3484745,-0.07711865,433.30817,6.169796,2.3208163,-9.45,-11.0,55.13333333333333,2.6666666666666665,1.0126054e-09,3.1542453e-07,-6.5025406
2016-01-10 23:00:00,1.9548334,1.4436667,0.4495,442.75345,7.386034,2.8999999,-4.3,-7.0,30.183333333333334,2.6666666666666665,1.0537093e-09,3.415504e-07,-6.470053
2016-01-11 00:00:00,3.3933334,1.3276666,1.1695,444.81,9.1976,3.6388001,2.183333333333333,-4.0,28.583333333333332,1.3333333333333333,1e-09,2.7460658e-07,-6.5615025
2016-01-11 01:00:00,0.7876786,2.2942855,-0.13107143,433.2442,9.885576,3.7115386,3.65,-2.0,37.5,1.3333333333333333,1e-09,2.8228143e-07,-6.5501876
2016-01-11 02:00:00,-1.3731482,2.4024074,-0.28407407,422.208,10.175,3.6302,3.316666666666667,-2.0,49.266666666666666,1.3333333333333333,1e-09,2.8049212e-07,-6.552996
2016-01-11 03:00:00,-3.6536667,2.782,-2.2436666,415.40677,9.326611,3.2218645,4.433333333333334,-1.0,60.53333333333333,2.6666666666666665,1e-09,2.673275e-07,-6.5730944
2016-01-11 04:00:00,-5.0625806,2.3748388,-2.6783872,407.52905,8.074839,2.6816127,0.18333333333333332,-4.0,98.36666666666666,2.6666666666666665,1e-09,2.797002e-07,-6.5534215
2016-01-11 05:00:00,5.47,1.02,2.83,,,,-3.1,-5.0,147.31666666666666,2.6666666666666665,1e-09,2.4987924e-07,-6.6028047
2016-01-11 06:00:00,0.20896551,-4.87431,-1.7334483,392.19305,8.215349,2.5204651,-5.183333333333334,-8.0,110.56666666666666,2.3333333333333335,1e-09,2.233319e-07,-6.6510954
2016-01-11 07:00:00,0.9451724,-7.771379,-2.8075862,394.98334,3.2127779,1.0027778,-12.25,-15.0,85.03333333333333,2.3333333333333335,1.0020245e-09,2.5509584e-07,-6.595057
2016-01-11 08:00:00,2.2117543,-8.401052,-1.8619298,418.3648,2.3475926,0.8148148,-13.616666666666667,-18.0,227.06666666666666,2.3333333333333335,1.1552594e-09,2.5262773e-07,-6.598155
2016-01-11 09:00:00,6.9371667,-6.3141665,0.051999997,433.07812,2.0478125,0.7678125,-14.016666666666667,-19.0,213.76666666666668,1.6666666666666665,1.0096328e-09,2.4655114e-07,-6.608455
2016-01-11 10:00:00,7.068475,-4.269322,0.22966102,437.16852,2.7722223,1.0598148,-14.5,-21.0,53.983333333333334,1.6666666666666665,1e-09,2.4885102e-07,-6.6045322
2016-01-11 11:00:00,6.104746,-4.455254,-0.23677966,441.75,2.3869047,0.9347619,-13.416666666666666,-21.0,73.53333333333333,1.6666666666666665,1.1093911e-09,2.4354114e-07,-6.6171427
2016-01-11 12:00:00,3.8876665,-4.8278337,-0.39716667,478.33722,2.573721,1.1804651,-10.933333333333334,-19.0,164.58333333333334,2.0,1.0199183e-09,3.0381707e-07,-6.519828
2016-01-11 13:00:00,4.2200003,1.4016279,1.0088371,531.8333,1.4566666,0.82666665,-7.416666666666667,-14.0,104.81666666666666,2.0,1.1605775e-09,2.735584e-07,-6.5639224
2016-01-11 14:00:00,0.062105272,-6.159298,-2.4703507,540.3889,1.6940001,0.99133337,-7.25,-12.0,160.93333333333334,2.0,1e-09,2.2683557e-07,-6.6448417
2016-01-11 15:00:00,4.253,-4.4455004,-0.9941667,539.2231,1.6269231,0.9423077,-13.933333333333334,-17.0,298.21666666666664,3.0,1.0034085e-09,2.1413767e-07,-6.669399
2016-01-11 16:00:00,-1.6633898,-4.8161016,-2.8932202,593.0042,2.097447,1.480851,-13.55,-18.0,356.75,3.0,2.566988e-09,2.6716705e-07,-6.5764565
2016-01-11 17:00:00,3.9691072,-6.525893,-0.73035717,548.041,2.4215386,1.4576924,-17.666666666666668,-24.0,487.8,3.0,3.2208756e-09,3.7490125e-07,-6.4300084
2016-01-11 18:00:00,0.93333334,-7.4923334,-3.5915,553.8154,2.4215386,1.4864103,-14.216666666666667,-23.0,444.1,4.0,1.0424104e-09,2.6946694e-07,-6.5699983
2016-01-11 19:00:00,5.211356,-6.927119,4.097797,567.56604,2.3767858,1.5310714,-14.333333333333334,-24.0,518.9,4.0,1.1525978e-09,2.630506e-07,-6.580278
2016-01-11 20:00:00,1.0551724,-9.480863,-0.22413793,580.1055,2.4507406,1.648889,-13.25,-21.0,137.05,4.0,1.0269109e-09,2.9100596e-07,-6.5391607
2016-01-11 21:00:00,2.7106779,-8.479831,-2.6622036,574.2026,2.6423078,1.74,-16.766666666666666,-20.0,297.71666666666664,3.6666666666666665,1.7530388e-09,4.2344558e-07,-6.3770623
2016-01-11 22:00:00,2.168644,-5.7435594,-3.6001697,579.3348,2.960652,1.9891304,-22.05,-24.0,557.9,3.6666666666666665,1e-09,2.9549224e-07,-6.5298977
2016-01-11 23:00:00,3.5181036,-5.6593103,-2.788276,551.32294,3.4241667,2.079375,-23.883333333333333,-26.0,354.6,3.6666666666666665,1.002053e-09,2.9143754e-07,-6.5383267
2016-01-12 00:00:00,1.0008475,-4.6745763,-1.1142373,549.9604,3.541132,2.1420755,-28.766666666666666,-33.0,394.6,4.0,1e-09,2.1615024e-07,-6.6653166
2016-01-12 01:00:00,2.8561015,-3.6718645,2.3508475,541.7375,3.4485714,2.0258927,-27.733333333333334,-36.0,259.4,4.0,1e-09,2.156535e-07,-6.666482
2016-01-12 02:00:00,3.208305,1.9425424,2.6554236,557.4067,3.4202223,2.1266665,-23.483333333333334,-32.0,115.1,4.0,1e-09,2.1086626e-07,-6.6761527
2016-01-12 03:00:00,4.2040815,-3.2591836,2.9710205,557.1721,3.016279,1.8718604,-19.016666666666666,-28.0,82.4,2.0,1e-09,2.2095536e-07,-6.655893
2016-01-12 04:00:00,2.225,-2.0623333,3.2591667,573.1064,2.7795744,1.8251064,-15.8,-25.0,60.95,2.0,1e-09,2.2055227e-07,-6.656528
2016-01-12 05:00:00,4.778,-0.8186667,-1.2276667,577.5318,3.2865908,2.1897726,-14.166666666666666,-22.0,66.08333333333333,2.0,1e-09,2.2626513e-07,-6.6456957
2016-01-12 06:00:00,4.642204,1.9677966,0.24983051,600.29,2.3636,1.6989999,-20.516666666666666,-28.0,145.35,2.6666666666666665,1e-09,2.162605e-07,-6.665141
2016-01-12 07:00:00,4.3588886,-1.0015556,3.978889,609.0695,2.2669566,1.6830435,-18.933333333333334,-28.0,288.73333333333335,2.6666666666666665,1.001361e-09,2.3794897e-07,-6.623869
2016-01-12 08:00:00,4.825333,-0.39900002,3.5695,607.1341,2.3677273,1.7463635,-15.883333333333333,-22.0,123.6,2.6666666666666665,1e-09,2.3694767e-07,-6.6259303
2016-01-12 09:00:00,5.0734,1.1976,4.334,603.51483,2.2933333,1.6696297,-18.233333333333334,-23.0,50.05,2.3333333333333335,3.9111243e-09,2.822603e-07,-6.574961
2016-01-12 10:00:00,6.627291,-0.64500004,2.958125,588.83215,2.6439285,1.8314285,-16.95,-22.0,64.05,2.3333333333333335,1e-09,2.0352e-07,-6.691444
2016-01-12 11:00:00,6.717627,-2.8045764,-0.52050847,574.8674,3.0971427,2.0455103,-13.216666666666667,-19.0,113.61666666666666,2.3333333333333335,1e-09,2.1347108e-07,-6.6711
2016-01-12 12:00:00,4.4123216,0.56785715,4.823929,538.6951,3.540488,2.0539024,-12.883333333333333,-18.0,219.88333333333333,2.3333333333333335,1.3355443e-09,2.5210068e-07,-6.598535
2016-01-12 13:00:00,2.9707842,-4.3341174,5.6184316,528.1651,3.9613953,2.2067442,-5.65,-12.0,99.88333333333334,2.3333333333333335,3.7441095e-09,2.9459036e-07,-6.549901
2016-01-12 14:00:00,2.1716363,-3.6185455,2.9412727,527.9089,4.479111,2.4984446,-4.416666666666667,-9.0,41.2,2.3333333333333335,1.4557767e-09,3.0004682e-07,-6.533448
2016-01-12 15:00:00,2.6351724,-2.7294827,4.4634485,521.47345,4.7240815,2.5718367,-6.8,-10.0,94.81666666666666,2.0,1e-09,2.2419081e-07,-6.649745
2016-01-12 16:00:00,4.352449,-2.1567347,3.8330615,530.4515,4.7305717,2.6617143,-6.75,-11.0,130.98333333333332,2.0,1.000346e-09,2.0114098e-07,-6.6966076
2016-01-12 17:00:00,4.4928336,-3.721,3.6366665,544.3958,4.7102084,2.7941666,-5.083333333333333,-10.0,63.36666666666667,2.0,1.0006919e-09,1.9782854e-07,-6.7038097
2016-01-12 18:00:00,6.6088333,-1.8419999,2.499,536.14886,3.700222,2.133111,-9.7,-13.0,204.41666666666666,3.0,1e-09,1.9888557e-07,-6.7015734
2016-01-12 19:00:00,4.0665517,-2.8286207,-0.38000003,550.7087,3.421739,2.086739,-13.366666666666667,-18.0,413.1166666666667,3.0,1.0339186e-09,2.6495528e-07,-6.583213
2016-01-12 20:00:00,2.484074,0.85907406,0.7355556,557.50995,3.4873335,2.1713333,-14.766666666666667,-20.0,476.56666666666666,3.0,1.0006919e-09,2.2902532e-07,-6.640688
2016-01-12 21:00:00,4.027544,-0.6003509,1.8201754,537.5326,3.6669767,2.123721,-23.25,-27.0,398.3333333333333,3.0,1.0047925e-09,2.5974614e-07,-6.5875096
2016-01-12 22:00:00,2.812,-1.8202001,1.2722,548.17664,3.929149,2.3640425,-15.366666666666667,-17.0,145.0,3.0,1.4356031e-09,3.6635177e-07,-6.4382277
2016-01-12 23:00:00,3.82551,-4.1910205,-1.3922449,546.02,4.3725,2.6065001,-13.4,-15.0,265.95,3.0,1e-09,2.289999e-07,-6.642857
2016-01-13 00:00:00,3.5311112,-5.0266666,-0.24203704,541.9478,4.568478,2.688913,-16.6,-19.0,618.15,4.0,1e-09,2.1698058e-07,-6.6643567
2016-01-13 01:00:00,2.6881666,-6.2191668,-0.59300005,549.6667,4.125625,2.49625,-18.983333333333334,-24.0,571.1,4.0,1e-09,1.9387271e-07,-6.7126703
2016-01-13 02:00:00,-0.78983057,-4.7374578,0.089661,579.3826,4.368913,2.9306521,-18.133333333333333,-23.0,230.65,4.0,1e-09,1.8848154e-07,-6.724782
2016-01-13 03:00:00,0.88456136,-5.0689473,0.4245614,563.8723,3.709149,2.3697872,-19.5,-26.0,294.95,4.0,1e-09,1.8693801e-07,-6.7284207
2016-01-13 04:00:00,1.6291667,-6.212167,2.1175,561.77356,3.2230191,2.0303774,-17.55,-25.0,124.08333333333333,4.0,1e-09,1.8634728e-07,-6.729721
2016-01-13 05:00:00,1.2367797,-5.3530507,2.192034,561.4152,3.0415218,1.9219567,-15.216666666666667,-21.0,87.16666666666667,4.0,1e-09,1.9610744e-07,-6.707614
2016-01-13 06:00:00,2.9738889,-1.9733332,1.5333334,545.31177,3.015,1.7920588,-16.3,-22.0,47.28333333333333,2.0,1e-09,2.0300816e-07,-6.692552
2016-01-13 07:00:00,1.0485965,-4.7098246,-1.7770176,571.7889,2.7002778,1.7641667,-15.35,-21.0,49.93333333333333,2.0,1.2779785e-09,2.951659e-07,-6.539008
2016-01-13 08:00:00,1.0746429,-4.7067857,0.06250001,565.0404,2.5831914,1.6487234,-16.683333333333334,-22.0,194.71666666666667,2.0,1.0236039e-09,2.0912051e-07,-6.6803446
2016-01-13 09:00:00,0.7068333,-2.8486667,1.3330001,572.3615,2.6830769,1.7556411,-16.55,-22.0,159.0,1.6666666666666665,1.0060219e-09,1.9530786e-07,-6.7093153
2016-01-13 10:00:00,4.106154,-2.2240386,-0.43557692,543.0167,2.6707141,1.575,-19.1,-27.0,58.78333333333333,1.6666666666666665,1e-09,1.9364985e-07,-6.713059
2016-01-13 11:00:00,5.073833,-0.5941667,-0.5771667,537.04224,2.504889,1.4462223,-19.333333333333332,-28.0,41.9,1.6666666666666665,1e-09,1.992018e-07,-6.702268
2016-01-13 12:00:00,4.9426665,-0.41433334,-1.2216667,541.4945,2.6032727,1.5310909,-18.266666666666666,-27.0,114.2,2.3333333333333335,1e-09,1.911521e-07,-6.718705
2016-01-13 13:00:00,4.8436956,0.6102174,-2.25,541.075,2.8171875,1.653125,-20.416666666666668,-28.0,250.1,2.3333333333333335,1.0451143e-09,1.9786827e-07,-6.7054906
2016-01-13 14:00:00,5.038983,-0.9176271,-0.8898305,530.55554,2.8905554,1.6283333,-14.15,-21.0,261.8,2.3333333333333335,2.670361e-09,2.0082261e-07,-6.697577
2016-01-13 15:00:00,3.6423333,-2.9968333,-0.64500004,537.5518,2.8142858,1.6292857,-13.066666666666666,-18.0,241.83333333333334,2.3333333333333335,1.2868856e-09,2.007147e-07,-6.6991563
2016-01-13 16:00:00,3.5618517,-0.52166665,-4.014815,539.95557,2.7130556,1.5836111,-11.35,-17.0,123.86666666666666,2.3333333333333335,1e-09,1.9536097e-07,-6.709376
2016-01-13 17:00:00,4.170909,-1.015091,-1.3983637,529.94666,2.7653334,1.5555556,-6.55,-14.0,219.68333333333334,2.3333333333333335,1.0010379e-09,1.9818417e-07,-6.7036567
2016-01-13 18:00:00,3.907627,-1.4608475,2.4284747,529.1047,2.7018604,1.5179069,-9.7,-14.0,439.8833333333333,3.0,2.4006337e-09,2.5837855e-07,-6.6036863
2016-01-13 19:00:00,4.740357,-0.98732144,1.9310714,519.7972,2.656,1.4357142,-10.466666666666667,-16.0,170.56666666666666,3.0,1.2682422e-09,2.0785646e-07,-6.6833696
2016-01-13 20:00:00,5.160333,0.49166667,-0.56483334,516.58636,2.7854545,1.4877273,-7.616666666666666,-14.0,54.88333333333333,3.0,1.0185796e-09,1.9596466e-07,-6.70808
2016-01-13 21:00:00,4.340408,-0.7812245,-0.36346936,518.32855,3.1414285,1.6874286,-7.883333333333334,-14.0,41.983333333333334,1.0,1.0039255e-09,1.896438e-07,-6.722135
2016-01-13 22:00:00,4.7656665,1.0966667,0.050666668,508.86957,2.799565,1.4480435,-9.166666666666666,-13.0,32.18333333333333,1.0,1e-09,1.82727e-07,-6.7382407
2016-01-13 23:00:00,5.2304997,-0.56983334,-0.5728333,499.06317,2.8555264,1.4226316,-8.533333333333333,-12.0,30.1,1.0,1.0010033e-09,1.9674935e-07,-6.706894
2016-01-14 00:00:00,5.0693336,-1.0888333,-0.2035,504.63864,2.9209092,1.488409,-5.0,-12.0,34.166666666666664,1.3333333333333333,1e-09,1.9553194e-07,-6.711398
2016-01-14 01:00:00,4.2984614,-1.4367307,2.0378847,511.96826,2.8782928,1.5097561,-5.616666666666666,-13.0,34.766666666666666,1.3333333333333333,1e-09,2.0199683e-07,-6.696114
2016-01-14 02:00:00,2.0995,-3.3286667,-2.4411666,533.8951,2.7529268,1.5653659,-6.5,-13.0,62.45,1.3333333333333333,1e-09,2.1928872e-07,-6.6593432
2016-01-14 03:00:00,3.0618517,-2.3816667,-1.5412964,516.2222,2.778889,1.4794444,-5.916666666666667,-12.0,44.9,2.0,1e-09,2.042916e-07,-6.6899385
2016-01-14 04:00:00,2.5014584,-0.8458333,1.808125,521.55524,2.9189472,1.5921053,-5.783333333333333,-11.0,36.916666666666664,2.0,1e-09,2.0779864e-07,-6.6827106
2016-01-14 05:00:00,5.169833,-0.825,-0.03083334,487.40585,2.8892157,1.3727452,-9.4,-11.0,54.46666666666667,2.0,1e-09,2.0027042e-07,-6.6989903
2016-01-14 06:00:00,3.5944827,-2.663276,0.7124138,498.9907,2.7976744,1.3946512,-7.166666666666667,-10.0,68.2,2.3333333333333335,1e-09,1.9184061e-07,-6.717279
2016-01-14 07:00:00,1.740566,-4.1662264,-2.2084906,515.06665,2.5211112,1.3352778,-8.75,-13.0,57.233333333333334,2.3333333333333335,1e-09,1.8668499e-07,-6.7289286
2016-01-14 08:00:00,-0.38509092,-4.1163635,-2.7110908,538.04004,2.4622223,1.4268888,-10.283333333333333,-13.0,237.21666666666667,2.3333333333333335,4.9850315e-09,1.8280863e-07,-6.738223
2016-01-14 09:00:00,2.1274545,0.057818163,1.4045454,508.57693,2.7323077,1.4097435,-10.683333333333334,-14.0,240.2,2.0,5.725963e-09,1.8872271e-07,-6.7243137
2016-01-14 10:00:00,2.7452543,0.7598305,2.0405085,492.43045,3.1197824,1.51,-10.683333333333334,-17.0,56.88333333333333,2.0,1.7883283e-09,2.2898095e-07,-6.6499734
2016-01-14 11:00:00,0.36166668,-2.9968333,-1.591,513.21277,2.8838296,1.5165957,-10.133333333333333,-17.0,46.56666666666667,2.0,1e-09,1.9199621e-07,-6.7168784
2016-01-14 12:00:00,2.8268628,-1.8703922,-1.7352941,485.13437,2.9390626,1.3815625,-14.416666666666666,-21.0,96.55,1.6666666666666665,1e-09,1.8254856e-07,-6.7388105
2016-01-14 13:00:00,3.8915255,-0.7755932,0.9198305,461.5458,3.20875,1.3683333,-15.866666666666667,-20.0,311.93333333333334,1.6666666666666665,2.4764257e-09,2.0527736e-07,-6.6878223
2016-01-14 14:00:00,2.3931665,-2.387,-2.3230002,475.975,2.5968182,1.1743182,-18.0,-22.0,288.0,1.6666666666666665,1.5430653e-09,2.0732436e-07,-6.683697
2016-01-14 15:00:00,0.16304348,-2.5976086,-2.5373914,482.8125,2.6216667,1.2204167,-15.566666666666666,-21.0,291.56666666666666,1.6666666666666665,1.1488496e-09,1.9024785e-07,-6.7207932
2016-01-14 16:00:00,2.2849123,-2.1019297,-2.12807,466.3628,2.9388373,1.2751163,-13.516666666666667,-22.0,311.56666666666666,1.6666666666666665,1.1511129e-09,1.9645134e-07,-6.70688
2016-01-14 17:00:00,0.69369566,-2.2341304,-1.7726088,478.14737,2.8810527,1.3165789,-12.583333333333334,-23.0,394.2,1.6666666666666665,1.0197504e-09,2.0640424e-07,-6.685657
2016-01-14 18:00:00,-2.1562712,-1.8188136,2.3898306,496.77448,2.7387235,1.3504256,-12.483333333333333,-21.0,229.76666666666668,1.6666666666666665,1.0051554e-09,2.0594557e-07,-6.6869802
2016-01-14 19:00:00,-2.6511364,-3.2022727,-0.16409092,496.55237,2.5988095,1.2821429,-10.566666666666666,-20.0,87.35,1.6666666666666665,1.0012879e-09,2.0470321e-07,-6.6895843
2016-01-14 20:00:00,0.7968966,-3.7918966,-1.4984484,463.53275,2.65,1.1396364,-13.4,-22.0,114.06666666666666,1.6666666666666665,-14999.85,-14999.85,-6.6530156
2016-01-14 21:00:00,0.982,-3.3078334,0.10033333,459.15097,2.642941,1.1143137,-19.616666666666667,-25.0,194.83333333333334,2.6666666666666665,1.0010379e-09,2.7335824e-07,-6.5641828
2016-01-14 22:00:00,1.2833334,-1.7027777,-0.2611111,458.46225,2.6864445,1.1293334,-19.1,-22.0,176.03333333333333,2.6666666666666665,1.5586517e-09,3.0586065e-07,-6.5179825
2016-01-14 23:00:00,0.34754717,-3.1875472,1.0730188,458.4089,2.6095555,1.0953333,-14.933333333333334,-20.0,67.36666666666666,2.6666666666666665,1.7820319e-09,3.44778e-07,-6.4671955
2016-01-15 00:00:00,1.1707019,-2.5942104,0.7436842,452.44348,2.5552175,1.045,-11.35,-20.0,63.86666666666667,2.0,1.0006919e-09,2.6087372e-07,-6.584451
2016-01-15 01:00:00,0.92288136,-2.1179662,-2.0422034,448.99228,2.5312822,1.0215385,-13.616666666666667,-22.0,83.08333333333333,2.0,1.000346e-09,2.392758e-07,-6.6216044
2016-01-15 02:00:00,0.82383335,-0.0705,2.0131667,446.15872,2.535,1.0084783,-17.316666666666666,-25.0,103.3,2.0,1.7307553e-08,4.2011885e-07,-6.502126
2016-01-15 03:00:00,1.9166666,-0.63416666,2.2461667,428.86087,2.647174,0.9732609,-16.216666666666665,-23.0,72.23333333333333,2.0,1.002076e-09,3.0027908e-07,-6.5236797
2016-01-15 04:00:00,3.4217243,-0.2553448,1.2325861,410.3745,3.187647,1.0721569,-9.183333333333334,-17.0,40.583333333333336,2.0,1e-09,2.599451e-07,-6.585298
2016-01-15 05:00:00,3.5718646,0.08932203,1.6655931,411.41,2.6365,0.89250004,-7.666666666666667,-15.0,27.233333333333334,2.0,1e-09,2.6285161e-07,-6.5804305
2016-01-15 06:00:00,3.6462224,0.248,0.032888886,400.75,2.3809524,0.7676191,-9.433333333333334,-17.0,32.766666666666666,1.0,1e-09,2.472996e-07,-6.6072407
2016-01-15 07:00:00,3.7795238,1.0280952,0.99285716,394.5167,2.2616665,0.70250005,-10.333333333333334,-18.0,77.56666666666666,1.0,1e-09,2.2561345e-07,-6.646951
2016-01-15 08:00:00,3.527174,-0.40913042,-0.02804348,401.0722,2.9,0.93722224,-13.583333333333334,-20.0,121.76666666666667,1.0,1e-09,2.3798457e-07,-6.6248174
2016-01-15 09:00:00,2.7040677,-1.8730509,-0.6861017,408.1771,2.8904169,0.96416664,-13.783333333333333,-21.0,112.21666666666667,0.6666666666666666,1e-09,2.1984091e-07,-6.6580048
2016-01-15 10:00:00,1.3757143,-2.443393,-1.7121428,416.45752,2.8630002,0.99125004,-15.583333333333334,-23.0,65.65,0.6666666666666666,1e-09,2.1704075e-07,-6.663545
2016-01-15 11:00:00,2.0775437,-2.4945614,-1.3719298,406.98447,3.206889,1.0624444,-15.7,-24.0,103.63333333333334,0.6666666666666666,1.2025432e-09,2.4575274e-07,-6.616216
2016-01-15 12:00:00,1.6450001,-3.4355,-0.7055,402.69284,2.3357143,0.76071423,-16.05,-23.0,137.28333333333333,0.6666666666666666,5.327018e-09,2.817073e-07,-6.5893936
2016-01-15 13:00:00,2.24,-2.8267274,-0.22999999,401.91498,2.449,0.7935,-15.233333333333333,-21.0,120.05,0.6666666666666666,1.4918822e-09,2.42053e-07,-6.622409
2016-01-15 14:00:00,1.4033333,-3.6426191,-0.7595238,402.57498,2.5175,0.8164286,-11.316666666666666,-19.0,137.25,0.6666666666666666,1.0057275e-09,2.3615024e-07,-6.628664
2016-01-15 15:00:00,,,,,,,-8.35,-19.0,110.2,1.0,1.7598103e-08,5.4927636e-07,-6.3567615
2016-01-15 16:00:00,2.4956,-2.623,0.3318,385.15152,2.3160605,0.6890909,-5.333333333333333,-17.0,61.88333333333333,1.0,1e-09,2.3671971e-07,-6.6281447
2016-01-15 17:00:00,1.8972727,-3.0476363,-1.3225454,390.25128,2.3753846,0.725641,-2.466666666666667,-13.0,123.56666666666666,1.0,1.3528642e-09,2.6034397e-07,-6.5933456
2016-01-15 18:00:00,3.2755356,-0.92589283,0.038571425,374.9902,3.340392,0.9386274,-8.683333333333334,-14.0,108.53333333333333,1.0,1.0003345e-09,2.2061565e-07,-6.65721
2016-01-15 19:00:00,3.736889,0.13377778,-0.95755553,368.45792,3.05,0.8305263,-12.416666666666666,-15.0,54.35,1.0,1.3338467e-09,2.5873655e-07,-6.593572
2016-01-15 20:00:00,3.6331034,-0.7403448,-0.7894828,369.0104,3.4433334,0.9377083,-14.6,-18.0,45.71666666666667,1.0,1.20638415e-08,6.0489964e-07,-6.2358427
2016-01-15 21:00:00,3.5024562,-0.62701756,-1.2821053,370.48,3.6195,0.995,-14.2,-19.0,34.166666666666664,1.0,1.0020299e-09,3.4108692e-07,-6.469374
2016-01-15 22:00:00,2.1128302,-1.8294339,-1.0479245,379.37073,3.554878,1.0253658,-14.333333333333334,-19.0,35.85,1.0,5.0818088e-09,3.4226787e-07,-6.4926763
2016-01-15 23:00:00,3.42,-0.16232143,0.49285716,369.2818,4.0042424,1.0921212,-13.016666666666667,-19.0,33.916666666666664,1.0,1e-09,2.5632906e-07,-6.5916643
2016-01-16 00:00:00,2.564,-1.3939999,0.081250004,369.34998,4.2316666,1.1561111,-9.133333333333333,-18.0,33.11666666666667,0.0,1.4275771e-09,2.6650278e-07,-6.5847797
2016-01-16 01:00:00,3.3815,-1.0895001,1.613,370.78888,4.503333,1.2385185,-9.466666666666667,-18.0,26.933333333333334,0.0,1e-09,2.4326553e-07,-6.6156588
2016-01-16 02:00:00,3.6478333,0.7148333,1.8718333,371.39807,4.6465383,1.2813461,-8.316666666666666,-14.0,24.116666666666667,0.0,1e-09,2.2504086e-07,-6.6481323
2016-01-16 03:00:00,4.166207,0.5313793,2.3927586,368.77426,4.8931427,1.3297143,-4.766666666666667,-11.0,33.15,1.0,3.9218424e-09,2.573129e-07,-6.61984
2016-01-16 04:00:00,3.5035594,-2.01,2.0188136,369.4196,5.1404347,1.4017392,-2.35,-9.0,32.06666666666667,1.0,1e-09,2.3894728e-07,-6.623037
2016-01-16 05:00:00,0.9545,-4.389833,0.29666665,385.3707,5.022759,1.492069,-0.6166666666666667,-7.0,43.31666666666667,1.0,1.000346e-09,3.203186e-07,-6.495722
2016-01-16 06:00:00,0.84083337,-5.114,-0.14050001,381.09833,4.9538984,1.4381356,-1.0,-7.0,66.6,0.6666666666666666,2.1104825e-09,4.1625543e-07,-6.390582
2016-01-16 07:00:00,0.22533335,-5.0551667,-0.8706667,382.8375,5.4692855,1.6032143,-0.43333333333333335,-6.0,86.16666666666667,0.6666666666666666,1.0732282e-09,3.8633797e-07,-6.418452
2016-01-16 08:00:00,0.38783333,-4.3975,0.5936667,378.15964,6.08,1.7398077,-2.65,-7.0,68.6,0.6666666666666666,1.0006919e-09,3.06138e-07,-6.5177097
2016-01-16 09:00:00,-0.44733334,-3.8996665,1.1273333,379.6341,7.3538637,2.1204545,-2.8666666666666667,-7.0,44.8,1.3333333333333333,1e-09,2.386294e-07,-6.6229143
2016-01-16 10:00:00,-1.569091,-4.2543635,1.1390909,383.27957,9.4422455,2.7763264,0.13333333333333333,-7.0,104.73333333333333,1.3333333333333333,1.0026703e-09,2.2398491e-07,-6.6502056
2016-01-16 11:00:00,-1.3984616,-3.9898076,1.8651923,380.51923,10.194808,2.9519231,5.75,-3.0,125.86666666666666,1.3333333333333333,2.316993e-09,2.3220676e-07,-6.6416483
2016-01-16 12:00:00,-1.4868518,1.38,3.5964813,369.55112,11.757777,3.212889,7.466666666666667,1.0,34.8,1.0,1e-09,2.0338918e-07,-6.6917453
2016-01-16 13:00:00,-0.32333332,3.2223332,1.8673333,366.94153,13.846226,3.7315094,11.016666666666667,6.0,27.5,1.0,1.041014e-09,2.2448148e-07,-6.6519923
2016-01-16 14:00:00,-2.0942373,4.7172885,1.9288136,360.8093,8.304186,2.1699998,3.65,1.0,31.066666666666666,1.0,1.0003345e-09,2.483347e-07,-6.6051965
2016-01-16 15:00:00,-4.0911665,4.7086663,2.5391667,358.73865,5.7665906,1.4838637,2.933333333333333,-1.0,30.883333333333333,0.3333333333333333,1e-09,2.1844014e-07,-6.661077
2016-01-16 16:00:00,-4.0496664,5.1441665,1.2043334,354.47592,6.142593,1.5411111,3.8666666666666667,-1.0,33.46666666666667,0.3333333333333333,1e-09,2.0217185e-07,-6.695295
2016-01-16 17:00:00,-2.9191666,5.536667,0.82883334,353.18134,4.995424,1.2464406,4.45,-2.0,30.35,0.3333333333333333,1e-09,1.999405e-07,-6.6992264
2016-01-16 18:00:00,-3.2107694,5.2673078,0.99903846,350.23553,5.097778,1.2504444,3.85,-2.0,30.683333333333334,0.3333333333333333,1e-09,1.9450096e-07,-6.711185
2016-01-16 19:00:00,-3.582143,4.7741075,1.1860714,345.4628,6.223256,1.4832557,3.2333333333333334,-2.0,21.55,0.3333333333333333,1e-09,1.9334662e-07,-6.7137036
2016-01-16 20:00:00,-2.9696667,-2.3816667,4.2796664,338.79373,6.8025,1.5629166,5.8,0.0,16.516666666666666,0.3333333333333333,1.3390451e-09,2.1243879e-07,-6.678086
2016-01-16 21:00:00,-2.5901668,-4.152167,4.1313334,336.6037,5.355556,1.2127777,2.7,-2.0,15.3,0.3333333333333333,1e-09,2.2990729e-07,-6.639189
2016-01-16 22:00:00,-3.0548275,-4.5412073,4.3710346,339.67316,3.9036586,0.9004878,-2.0,-5.0,16.116666666666667,0.3333333333333333,1e-09,2.1482832e-07,-6.6682134
2016-01-16 23:00:00,-3.2007692,-4.230577,4.5944233,337.93335,4.2200003,0.9637037,-3.1,-6.0,16.15,0.3333333333333333,1e-09,1.9692642e-07,-6.70584
2016-01-17 00:00:00,-3.3861666,-3.8251665,4.2711663,337.46304,5.9447823,1.3536956,2.35,-5.0,15.666666666666666,0.3333333333333333,1e-09,1.8425686e-07,-6.7346177
2016-01-17 01:00:00,-3.6528332,-3.8535,4.1535,339.98846,5.2634616,1.2167308,3.183333333333333,-5.0,16.833333333333332,0.3333333333333333,1e-09,1.7774501e-07,-6.7503047
2016-01-17 02:00:00,-3.1856098,-4.157317,4.126342,346.86,5.322,1.2793334,4.166666666666667,-4.0,15.183333333333334,0.3333333333333333,1e-09,1.7295652e-07,-6.7621474
2016-01-17 03:00:00,-3.5518,-3.9506,4.0360003,340.29556,5.2164445,1.2102222,5.5,-2.0,15.766666666666667,0.0,1e-09,1.7513308e-07,-6.75692
2016-01-17 04:00:00,-4.496909,-1.9423636,3.825818,336.74545,5.7302275,1.2997727,5.633333333333334,-3.0,18.783333333333335,0.0,1e-09,1.7812441e-07,-6.749328
2016-01-17 05:00:00,-3.8627589,3.8293104,0.054482765,320.8175,6.6487503,1.371,5.05,-2.0,22.916666666666668,0.0,1e-09,1.7872716e-07,-6.7478485
2016-01-17 06:00:00,-0.4886207,4.8618965,-2.359138,332.95,6.0084615,1.3288461,3.25,-3.0,27.133333333333333,1.3333333333333333,1.000346e-09,1.8495429e-07,-6.73303
2016-01-17 07:00:00,1.4622222,3.8140743,-3.7777777,351.07895,6.2042103,1.5252632,-0.55,-5.0,50.65,1.3333333333333333,1e-09,1.8180802e-07,-6.740465
2016-01-17 08:00:00,-1.0713333,-3.7643332,0.7485,335.29825,4.715263,1.0536842,-4.433333333333334,-9.0,165.58333333333334,1.3333333333333333,1e-09,1.8079682e-07,-6.743097
2016-01-17 09:00:00,-2.228,-5.8735,1.887,334.25333,4.788,1.0661666,-1.3,-6.0,95.21666666666667,0.6666666666666666,1e-09,1.7730704e-07,-6.7513013
2016-01-17 10:00:00,-2.3083334,-5.2658334,1.7441667,325.47018,6.5200005,1.3819298,1.6166666666666667,-5.0,28.15,0.6666666666666666,1.0019802e-09,2.3351167e-07,-6.654094
2016-01-17 11:00:00,-2.398,-0.8230909,-3.204,321.464,6.9947996,1.4452001,0.48333333333333334,-7.0,36.46666666666667,0.6666666666666666,1.0009537e-09,2.2867489e-07,-6.646768
2016-01-17 12:00:00,-2.1161666,1.549,-3.9508333,323.3706,6.556863,1.372157,-5.783333333333333,-12.0,61.68333333333333,1.0,1e-09,1.8097768e-07,-6.742445
2016-01-17 13:00:00,-2.9386668,0.9776667,-3.0345001,318.57874,7.030638,1.4291489,-9.0,-16.0,238.65,1.0,1e-09,1.7653798e-07,-6.753217
2016-01-17 14:00:00,-1.9654349,0.8515217,-3.6491303,325.42725,7.125757,1.5075758,-4.866666666666666,-13.0,180.05,1.0,1e-09,1.7914826e-07,-6.747173
2016-01-17 15:00:00,-2.377,2.205,-3.1935,316.75128,7.193077,1.4441025,-3.6,-10.0,143.95,1.0,1e-09,1.8517738e-07,-6.732573
2016-01-17 16:00:00,-2.0661666,2.0770001,-3.4973333,316.25,6.9872727,1.3986363,-3.4833333333333334,-9.0,203.81666666666666,1.0,1e-09,1.8889445e-07,-6.723854
2016-01-17 17:00:00,-1.73,2.7480001,-3.314,319.09573,6.979149,1.4210639,-2.85,-10.0,272.21666666666664,1.0,1e-09,1.8392457e-07,-6.7356067
2016-01-17 18:00:00,-2.285,0.46916667,-3.245,318.517,6.688868,1.3567926,-4.866666666666666,-12.0,185.26666666666668,0.6666666666666666,1e-09,1.803158e-07,-6.744018
2016-01-17 19:00:00,-2.5986207,-0.682069,-1.3212068,317.15802,6.5176,1.3111999,-6.116666666666666,-11.0,117.86666666666666,0.6666666666666666,1e-09,1.9829982e-07,-6.7032003
2016-01-17 20:00:00,-2.8906667,-0.5426667,1.7475,319.48065,6.5332255,1.3335484,-5.433333333333334,-11.0,69.05,0.6666666666666666,1e-09,1.9838e-07,-6.7028604
2016-01-17 21:00:00,-2.9430509,0.104406774,1.7835592,317.7,6.579722,1.3297222,-6.083333333333333,-11.0,51.416666666666664,0.3333333333333333,1e-09,2.0092503e-07,-6.697112
2016-01-17 22:00:00,-3.1168332,-0.7471667,1.8448334,318.616,6.5997996,1.3394,-7.433333333333334,-10.0,30.983333333333334,0.3333333333333333,1e-09,1.9627753e-07,-6.707175
2016-01-17 23:00:00,-3.8081667,0.010333333,1.3086666,318.34802,6.5940003,1.3372,-5.516666666666667,-8.0,17.6,0.3333333333333333,1.0003345e-09,1.9173378e-07,-6.7173567
2016-01-18 00:00:00,-3.392069,0.9508621,-0.7612069,317.47406,6.7266665,1.3551852,-1.8333333333333333,-8.0,15.833333333333334,0.0,1e-09,1.9298786e-07,-6.714558
2016-01-18 01:00:00,-3.2596612,1.6701695,-0.7957627,314.7184,6.588158,1.3060527,-2.5,-8.0,17.016666666666666,0.0,1e-09,1.9617625e-07,-6.7075534
2016-01-18 02:00:00,-2.9246666,1.6111666,-0.6035,310.45612,6.411951,1.2358537,-3.1166666666666667,-10.0,20.433333333333334,0.0,1e-09,2.058407e-07,-6.686916
2016-01-18 03:00:00,-3.1098332,1.0918334,0.49783334,308.1772,6.2101755,1.1782455,-2.3,-10.0,22.716666666666665,0.0,1e-09,2.1315995e-07,-6.6716433
2016-01-18 04:00:00,-3.4247825,1.2032608,1.7495652,307.45294,6.0750003,1.1482353,-1.6333333333333333,-8.0,24.3,0.0,1e-09,2.1762973e-07,-6.66244
2016-01-18 05:00:00,-3.4323406,0.63276595,2.3974469,308.41498,6.2165003,1.1819999,-0.95,-5.0,28.783333333333335,0.0,1e-09,2.2893326e-07,-6.641733
2016-01-18 06:00:00,-2.9696493,0.21017542,2.901228,308.7551,6.465102,1.2324489,0.7833333333333333,-3.0,31.8,0.0,1e-09,2.2077329e-07,-6.6565857
2016-01-18 07:00:00,-1.6864151,-1.3784906,4.1926413,309.44525,6.957381,1.3326191,4.15,-1.0,33.1,0.0,1e-09,2.1666217e-07,-6.6648273
2016-01-18 08:00:00,-1.3371699,-1.2601887,4.2394342,307.8686,7.292,1.3828572,6.583333333333333,2.0,32.85,0.0,1e-09,1.9542037e-07,-6.709231
2016-01-18 09:00:00,-2.467,1.9398333,0.5391667,303.0347,7.227143,1.3277551,4.483333333333333,0.0,32.06666666666667,0.3333333333333333,1e-09,2.0299358e-07,-6.6929975
2016-01-18 10:00:00,-2.298644,4.0815253,-3.0288136,304.41837,5.828367,1.0799999,1.85,-4.0,34.766666666666666,0.3333333333333333,1e-09,2.1731346e-07,-6.664237
2016-01-18 11:00:00,-2.1132205,3.3232205,-3.937966,305.68704,6.0229626,1.1248149,-2.6,-8.0,69.81666666666666,0.3333333333333333,1e-09,2.1759122e-07,-6.662667
2016-01-18 12:00:00,-1.8446667,3.8014998,-3.7256665,305.90454,6.109772,1.1445454,-4.666666666666667,-10.0,243.43333333333334,1.0,1e-09,1.9719805e-07,-6.70543
2016-01-18 13:00:00,-1.3121667,4.723833,-2.7875,305.6102,6.28102,1.1728572,-3.433333333333333,-11.0,184.86666666666667,1.0,1e-09,2.0409409e-07,-6.6909738
2016-01-18 14:00:00,-2.1040816,4.7144895,-2.3287754,302.93863,6.577046,1.2079545,-0.2,-8.0,90.33333333333333,1.0,1e-09,1.9534698e-07,-6.709271
2016-01-18 15:00:00,-2.1613042,3.6756523,-4.470652,304.77777,6.7966666,1.2616667,2.3666666666666667,-9.0,94.38333333333334,1.6666666666666665,1e-09,1.9471524e-07,-6.7107553
2016-01-18 16:00:00,-1.4112728,2.525818,-5.259091,305.43335,6.83,1.2735897,-0.6,-11.0,233.4,1.6666666666666665,1.0054845e-09,2.9281327e-07,-6.541071
2016-01-18 17:00:00,-2.8319297,4.295088,-1.9589474,297.69565,6.3904347,1.1334783,-0.8333333333333334,-11.0,264.3666666666667,1.6666666666666665,1e-09,1.959626e-07,-6.708038
2016-01-18 18:00:00,-2.7185454,4.7745457,-0.9743636,296.76328,6.292245,1.1093878,1.2,-10.0,89.08333333333333,0.6666666666666666,1e-09,1.9950468e-07,-6.700316
2016-01-18 19:00:00,-1.7276666,5.3146667,-0.78583336,301.30344,6.581552,1.1944827,2.7333333333333334,-9.0,88.2,0.6666666666666666,1e-09,1.9911612e-07,-6.70209
2016-01-18 20:00:00,-1.2543104,5.423104,-0.7851724,303.80945,6.748679,1.245849,2.7,-8.0,94.71666666666667,0.6666666666666666,1e-09,1.858966e-07,-6.7311034
2016-01-18 21:00:00,0.39666668,10.099999,1.625,366.3,11.23,3.01,2.183333333333333,-4.0,64.9,3.0,1e-09,1.7820763e-07,-6.7491574
2016-01-18 22:00:00,1.4655,8.868,-3.8431666,371.48364,12.161091,3.3590908,16.366666666666667,12.0,109.4,3.0,1e-09,1.7529649e-07,-6.7563715
2016-01-18 23:00:00,-3.3784904,6.725283,-6.2845287,359.24704,11.298432,2.92,8.6,6.0,203.51666666666668,3.0,1e-09,1.8124861e-07,-6.741889
2016-01-19 00:00:00,-3.790577,-6.8859615,-6.396731,353.6651,20.22814,5.0586047,0.06666666666666667,-3.0,567.4833333333333,4.333333333333333,1e-09,2.0020836e-07,-6.6996713
2016-01-19 01:00:00,-0.10333335,-2.7691665,-4.8085003,359.82587,20.058794,5.1951723,-7.133333333333334,-10.0,447.3666666666667,4.333333333333333,1e-09,1.9783775e-07,-6.7044683
2016-01-19 02:00:00,1.8843333,-4.863667,-3.1876667,368.26666,21.702143,5.8861904,-8.266666666666667,-13.0,348.0833333333333,4.333333333333333,1e-09,1.8560361e-07,-6.7316833
2016-01-19 03:00:00,-1.2083334,-5.5323334,-3.2003334,353.817,21.973019,5.516415,-12.15,-16.0,309.71666666666664,2.6666666666666665,1e-09,1.8973039e-07,-6.724267
2016-01-19 04:00:00,-5.0041666,-5.661667,-0.25066668,344.84286,20.108164,4.7940817,-12.016666666666667,-17.0,222.61666666666667,2.6666666666666665,1e-09,1.7383051e-07,-6.7599206
2016-01-19 05:00:00,-6.2294445,-5.108889,-2.4357407,334.26843,20.442896,4.568684,-10.266666666666667,-16.0,161.35,2.6666666666666665,1e-09,1.8593441e-07,-6.730973
2016-01-19 06:00:00,-7.177143,-2.8675,0.16339286,332.15,20.155,4.447941,-12.333333333333334,-18.0,140.2,2.3333333333333335,1e-09,1.8801246e-07,-6.72681
2016-01-19 07:00:00,-8.347166,-0.916,0.19983333,326.08627,20.62,4.38451,-11.933333333333334,-17.0,176.45,2.3333333333333335,1e-09,1.8220523e-07,-6.739699
2016-01-19 08:00:00,-2.8958333,1.0065,-0.041833345,349.61777,19.990889,4.9040003,-16.3,-21.0,391.75,2.3333333333333335,1.1260812e-09,1.9503935e-07,-6.7118483
2016-01-19 09:00:00,0.41578948,5.473509,7.0629826,381.99472,17.709475,5.1684213,-10.55,-17.0,227.06666666666666,2.6666666666666665,1.0240296e-09,2.115189e-07,-6.67649
2016-01-19 10:00:00,2.6296666,8.882833,2.092,379.50198,14.9906,4.3216,-7.166666666666667,-14.0,146.93333333333334,2.6666666666666665,1.0074055e-09,2.0526669e-07,-6.6927114
2016-01-19 11:00:00,-1.4108334,1.3478334,9.985667,377.41562,24.5925,6.99875,-5.533333333333333,-13.0,178.51666666666668,2.6666666666666665,1e-09,1.9651216e-07,-6.7068496
2016-01-19 12:00:00,-4.0756664,1.6115,13.153833,378.77222,9.4075,2.6983333,-9.9,-14.0,61.96666666666667,1.3333333333333333,1e-09,1.9714608e-07,-6.705299
2016-01-19 13:00:00,-4.0618,5.1836,11.9278,380.21918,9.37149,2.7102127,-4.616666666666666,-7.0,40.45,1.3333333333333333,1e-09,2.1905413e-07,-6.661298
2016-01-19 14:00:00,,,,,,,3.433333333333333,0.0,32.53333333333333,1.3333333333333333,1e-09,2.0308174e-07,-6.692862
2016-01-19 15:00:00,-2.2921875,5.976875,10.881875,368.5129,11.025161,2.99,4.766666666666667,-2.0,29.55,1.3333333333333333,-23333.1,-23333.1,-6.718701
2016-01-19 16:00:00,-1.7028333,9.266333,7.786667,371.9463,10.697038,2.9581482,8.083333333333334,-1.0,33.666666666666664,1.3333333333333333,-81665.85,-81665.85,-6.702602
2016-01-19 17:00:00,-2.384091,8.938182,8.400909,370.05475,10.755953,2.9459522,10.116666666666667,3.0,32.28333333333333,1.3333333333333333,1e-09,1.8863255e-07,-6.7250543
2016-01-19 18:00:00,-0.23017241,9.651896,7.4500003,368.5375,10.497708,2.823125,10.583333333333334,7.0,35.4,0.3333333333333333,1e-09,2.2459257e-07,-6.6516633
2016-01-19 19:00:00,7.0191665,7.0338335,4.3438334,345.55493,16.635687,3.9686272,7.483333333333333,7.0,29.983333333333334,0.3333333333333333,1e-09,2.2402561e-07,-6.6502905
2016-01-19 20:00:00,5.146441,9.039661,5.5498304,355.4591,14.355681,3.6120453,8.283333333333333,5.0,27.816666666666666,0.3333333333333333,1.2647876e-09,2.5997053e-07,-6.594246
2016-01-19 21:00:00,7.904074,9.838148,4.772037,351.84332,10.878333,2.6923332,8.033333333333333,4.0,26.666666666666668,1.0,4.8815014e-09,4.7241687e-07,-6.331945
2016-01-19 22:00:00,7.504667,9.597834,4.972,348.83603,14.806801,3.6011999,7.066666666666666,6.0,30.95,1.0,1e-09,2.7250027e-07,-6.5668015
2016-01-19 23:00:00,9.200417,8.91125,4.915,347.5,15.305333,3.693,2.533333333333333,0.0,26.966666666666665,1.0,1e-09,2.421857e-07,-6.6171346
2016-01-20 00:00:00,9.7395,8.852833,5.2766666,344.4375,14.814,3.515,10.45,4.0,30.183333333333334,0.3333333333333333,1e-09,2.190033e-07,-6.6603346
2016-01-20 01:00:00,9.492203,9.647458,6.608305,352.27734,13.086604,3.2445285,11.883333333333333,5.0,27.966666666666665,0.3333333333333333,1.100502e-09,2.8181026e-07,-6.553279
2016-01-20 02:00:00,11.128475,8.598983,5.6703386,359.95963,14.663269,3.8136537,11.516666666666667,4.0,23.666666666666668,0.3333333333333333,1e-09,2.193147e-07,-6.6595902
2016-01-20 03:00:00,13.507959,8.546531,1.2655102,362.07025,14.749729,3.864324,9.816666666666666,3.0,23.133333333333333,2.0,1e-09,2.2028937e-07,-6.6581736
2016-01-20 04:00:00,14.206207,8.368104,-2.4001725,358.6708,14.922084,3.8429167,6.183333333333334,1.0,29.283333333333335,2.0,3.3967713e-09,3.08914e-07,-6.532911
2016-01-20 05:00:00,12.952051,7.3351283,-7.318718,360.77036,16.269258,4.235185,0.35,-4.0,108.35,2.0,1.001627e-09,3.2289412e-07,-6.492396
2016-01-20 06:00:00,12.055861,8.259138,-7.549138,365.7093,15.466744,4.1365113,-8.55,-10.0,253.88333333333333,3.3333333333333335,1.0026375e-09,3.1801403e-07,-6.4993577
2016-01-20 07:00:00,10.412281,7.9526315,-9.171754,368.14563,17.43087,4.722609,-16.45,-18.0,369.0833333333333,3.3333333333333335,7.121115e-09,4.8386386e-07,-6.33687
2016-01-20 08:00:00,8.464893,4.911064,-11.847447,365.69333,18.791666,5.036667,-30.266666666666666,-31.0,626.2,3.3333333333333335,2.7564326e-09,3.7185157e-07,-6.43902
2016-01-20 09:00:00,7.7191668,6.887167,-11.447499,370.542,19.4152,5.3297997,-43.483333333333334,-46.0,445.76666666666665,4.333333333333333,4.673549e-09,3.7390473e-07,-6.446164
2016-01-20 10:00:00,9.742666,4.0928335,-10.064166,359.995,21.108334,5.4808335,-58.13333333333333,-62.0,516.1,4.333333333333333,1.0262703e-09,2.7431403e-07,-6.563041
2016-01-20 11:00:00,11.957358,5.4320755,-5.459434,352.43103,21.918621,5.444483,-66.88333333333334,-73.0,404.2,4.333333333333333,6.6640284e-09,3.920266e-07,-6.428056
2016-01-20 12:00:00,9.036042,3.2910416,-11.290208,357.26453,20.780323,5.3090324,-67.2,-72.0,432.8333333333333,4.666666666666667,4.2383865e-09,3.7466907e-07,-6.435358
2016-01-20 13:00:00,8.235862,1.8772415,-13.546206,361.1143,19.297144,5.035714,-75.45,-81.0,354.78333333333336,4.666666666666667,1.3283359e-09,3.5555138e-07,-6.452795
2016-01-20 14:00:00,7.865897,-1.2174358,-11.584103,355.46286,20.063143,5.0680003,-84.96666666666667,-91.0,699.55,4.666666666666667,7.5868e-09,3.5717662e-07,-6.4807644
2016-01-20 15:00:00,8.334333,-2.9378333,-11.000334,344.6544,17.110527,4.0657897,-86.88333333333334,-95.0,1244.9666666666667,4.666666666666667,7.491706e-09,2.5827998e-07,-6.5891466
2016-01-20 16:00:00,7.977,-3.1122,-10.9238,340.5,16.449165,3.8194444,-90.13333333333334,-101.0,764.7666666666667,4.666666666666667,3.509455e-09,2.792187e-07,-6.5583324
2016-01-20 17:00:00,6.198333,-5.0957146,-10.920714,346.1077,16.85577,4.038846,-90.18333333333334,-99.0,485.0833333333333,4.666666666666667,1.9723292e-09,3.0636267e-07,-6.520543
2016-01-20 18:00:00,7.415926,-7.4522223,-7.0114813,338.70425,17.564466,4.036383,-82.0,-90.0,547.9166666666666,4.666666666666667,1.0043106e-09,2.636471e-07,-6.581749
2016-01-20 19:00:00,4.577544,-8.344913,-6.666316,351.474,19.0748,4.7242002,-84.51666666666667,-91.0,712.0666666666667,4.666666666666667,1.0104464e-09,2.7045522e-07,-6.5682783
2016-01-20 20:00:00,2.972034,-7.7801695,-6.6222034,356.175,20.053463,5.0938463,-87.85,-94.0,689.15,4.666666666666667,1.0024105e-09,2.6227045e-07,-6.5821347
2016-01-20 21:00:00,4.253276,-8.5103445,-3.096207,355.6,23.721628,6.00186,-86.25,-94.0,627.3,4.333333333333333,1.0046335e-09,2.6486435e-07,-6.5784655
2016-01-20 22:00:00,5.9535713,-9.130178,-0.13750002,353.2425,23.85425,5.969,-80.91666666666667,-89.0,411.85,4.333333333333333,1.0045245e-09,2.7867443e-07,-6.557291
2016-01-20 23:00:00,4.8469234,-8.319615,2.9988463,355.8611,26.403055,6.6997223,-68.06666666666666,-74.0,311.51666666666665,4.333333333333333,1.0267025e-09,3.4951458e-07,-6.458661
2016-01-21 00:00:00,4.9822035,-10.821694,5.27339,358.2366,27.72756,7.1243906,-57.43333333333333,-64.0,263.93333333333334,3.6666666666666665,1.0022674e-09,2.6991955e-07,-6.5694747
2016-01-21 01:00:00,0.7625424,-13.62339,-3.082712,377.88626,21.770979,6.221961,-52.483333333333334,-59.0,419.15,3.6666666666666665,4.1239318e-08,9.1263547e-07,-6.175354
2016-01-21 02:00:00,4.123898,-9.110509,6.775085,377.03256,24.72,7.0390697,-55.3,-58.0,332.31666666666666,3.6666666666666665,1.1004724e-09,3.8317435e-07,-6.4363317
2016-01-21 03:00:00,5.638793,-14.221035,4.1289654,379.24548,25.734545,7.394546,-41.63333333333333,-47.0,209.05,5.666666666666667,1e-09,2.6414799e-07,-6.57929
2016-01-21 04:00:00,1.3423333,-10.973666,-9.6025,390.398,26.65,8.1174,-42.55,-45.0,315.6,5.666666666666667,1e-09,2.57146e-07,-6.5903907
2016-01-21 05:00:00,3.8337736,-14.2711315,5.192264,394.07236,30.331915,9.423404,-66.18333333333334,-64.0,555.0833333333334,5.666666666666667,1.3083826e-08,5.295237e-07,-6.3581767
2016-01-21 06:00:00,4.0279307,-15.201034,0.5255173,409.95746,19.338299,6.4810643,-54.93333333333333,-60.0,472.73333333333335,5.333333333333333,1.0114001e-09,2.97685e-07,-6.52846
2016-01-21 07:00:00,2.7970002,-11.663333,5.246333,439.1926,17.328333,6.676111,-46.516666666666666,-54.0,286.9166666666667,5.333333333333333,1.015731e-09,3.117931e-07,-6.506829
2016-01-21 08:00:00,4.610357,-10.979286,5.3032146,448.81763,16.82,6.7744117,-43.78333333333333,-51.0,176.1,5.333333333333333,1.5090825e-08,6.9306856e-07,-6.1789756
2016-01-21 09:00:00,2.0438597,-13.112105,2.4194736,442.7163,14.255918,5.5795918,-46.31666666666667,-52.0,272.01666666666665,3.3333333333333335,1e-09,3.5109963e-07,-6.458963
2016-01-21 10:00:00,3.2803447,-8.616207,8.928793,442.3639,11.6455555,4.5291667,-49.96666666666667,-58.0,389.98333333333335,3.3333333333333335,2.1423803e-09,3.074671e-07,-6.514425
2016-01-21 11:00:00,4.24,-4.5978847,1.5511539,500.54526,6.486191,3.2014287,-50.21666666666667,-58.0,368.5833333333333,3.3333333333333335,1.0895562e-09,2.9398515e-07,-6.5330973
2016-01-21 12:00:00,4.847719,-4.2350874,0.30649123,494.11627,5.774419,2.8153489,-52.65,-58.0,147.95,2.6666666666666665,1.0046636e-09,2.942992e-07,-6.5318346
2016-01-21 13:00:00,4.489833,-3.5471666,-0.9771667,494.47958,5.917143,2.8914285,-43.1,-47.0,225.75,2.6666666666666665,4.0177255e-08,8.75443e-07,-6.144394
2016-01-21 14:00:00,3.5064151,-3.9960377,-0.7703774,497.49023,5.9170732,2.9263415,-37.78333333333333,-42.0,161.43333333333334,2.6666666666666665,1.7202764e-08,8.612557e-07,-6.080852
2016-01-21 15:00:00,4.3051667,-4.961667,-1.8768333,489.58447,5.5806665,2.6786666,-39.06666666666667,-46.0,305.98333333333335,3.6666666666666665,-9999.9,-9999.9,-6.2046456
2016-01-21 16:00:00,3.9056897,-2.444655,-1.5348275,496.24664,6.0324445,2.9773333,-34.166666666666664,-46.0,568.55,3.6666666666666665,-73332.6,-73332.6,-6.388131
2016-01-21 17:00:00,3.4757142,-3.692041,-1.292449,506.93158,6.345263,3.259737,-29.45,-38.0,443.68333333333334,3.6666666666666665,1.6185162e-09,3.7955866e-07,-6.422065
2016-01-21 18:00:00,3.4958334,-4.612167,1.016,512.53467,6.5728574,3.4520407,-36.06666666666667,-43.0,450.98333333333335,4.0,1.0768264e-09,3.3713732e-07,-6.4730253
2016-01-21 19:00:00,5.2078333,-1.3293334,1.4491667,498.08655,6.7180767,3.3323076,-37.53333333333333,-42.0,296.1,4.0,1.0234236e-09,3.3024398e-07,-6.481428
2016-01-21 20:00:00,4.701667,0.15516666,2.7076669,504.14447,6.8914814,3.4996295,-39.13333333333333,-42.0,503.9166666666667,4.0,-14999.85,-14999.85,-6.5728827
2016-01-21 21:00:00,3.1908333,-0.50166667,-0.61183333,513.1214,6.6461906,3.4933333,-43.21666666666667,-41.0,682.3333333333334,4.666666666666667,1.0077278e-09,2.5581852e-07,-6.59243
2016-01-21 22:00:00,0.079649135,-1.5701754,-3.2877192,524.18854,6.1340003,3.3654287,-42.86666666666667,-43.0,590.2166666666667,4.666666666666667,1.027764e-09,2.5825418e-07,-6.5887914
2016-01-21 23:00:00,1.3795918,-2.9191835,-3.690204,528.8973,6.0602703,3.388108,-36.25,-39.0,273.3666666666667,4.666666666666667,1.0214766e-09,2.467357e-07,-6.6078568
2016-01-22 00:00:00,2.7795653,-1.851087,0.059782594,516.50323,5.829032,3.1125805,-33.233333333333334,-38.0,276.55,3.3333333333333335,1.0006804e-09,2.4378386e-07,-6.6132126
2016-01-22 01:00:00,1.2238333,-2.2323334,-1.5243334,536.4851,5.7370214,3.3012767,-37.11666666666667,-39.0,350.8833333333333,3.3333333333333335,1e-09,2.478469e-07,-6.606208
2016-01-22 02:00:00,2.402857,-1.3323214,0.42285714,527.76746,5.5851164,3.1076746,-33.266666666666666,-37.0,130.45,3.3333333333333335,1.0576698e-09,3.1858045e-07,-6.5007434
2016-01-22 03:00:00,2.0641072,-0.4144643,1.4360714,536.34753,4.9767504,2.8617501,-30.933333333333334,-34.0,73.86666666666666,3.3333333333333335,1.0003345e-09,2.5265842e-07,-6.5990877
2016-01-22 04:00:00,0.67300004,-2.8171666,3.1345,540.014,5.355,3.1146,-38.5,-39.0,302.7,3.3333333333333335,1e-09,2.3009676e-07,-6.6381984
2016-01-22 05:00:00,-0.5085,-5.3441668,-1.3471667,546.7811,4.686981,2.8011322,-31.283333333333335,-36.0,272.85,3.3333333333333335,1e-09,2.2701742e-07,-6.6443133
2016-01-22 06:00:00,-0.17639999,-2.5124002,1.4296001,538.00476,4.418095,2.5585713,-32.333333333333336,-37.0,263.81666666666666,3.3333333333333335,1.0003345e-09,2.1080751e-07,-6.676335
2016-01-22 07:00:00,1.5715001,-4.1767497,0.80725,517.8419,3.9335485,2.1080644,-30.216666666666665,-35.0,149.91666666666666,3.3333333333333335,1e-09,2.0574255e-07,-6.6867547
2016-01-22 08:00:00,-0.8593103,-5.2220693,-1.9794828,528.9281,3.4578125,1.9340625,-28.2,-34.0,130.76666666666668,3.3333333333333335,1e-09,2.208472e-07,-6.6561365
2016-01-22 09:00:00,4.4282756,-2.231207,2.3777587,494.25107,4.0448937,1.9793617,-31.35,-39.0,192.13333333333333,3.0,3.4640986e-09,2.4678945e-07,-6.6092105
2016-01-22 10:00:00,2.0750847,-1.787966,0.9705085,511.8089,3.5197778,1.8393333,-29.133333333333333,-40.0,136.5,3.0,1.5382082e-09,2.2085042e-07,-6.656262
2016-01-22 11:00:00,3.6841667,-4.3381667,-1.5755,515.5208,3.405625,1.8102083,-31.233333333333334,-41.0,186.58333333333334,3.0,1.0031953e-09,2.0516178e-07,-6.688029
2016-01-22 12:00:00,4.625263,-3.8192983,-0.23631579,512.9588,3.1047058,1.635098,-32.85,-39.0,318.21666666666664,2.3333333333333335,2.8948577e-09,2.1228401e-07,-6.673157
2016-01-22 13:00:00,2.2970173,-4.350702,0.6859649,517.5213,3.2542553,1.749149,-27.45,-32.0,256.8666666666667,2.3333333333333335,2.0588464e-09,2.1099775e-07,-6.675773
2016-01-22 14:00:00,1.7908621,-5.6896553,-0.19172414,521.9778,3.3055556,1.8008889,-22.283333333333335,-27.0,125.46666666666667,2.3333333333333335,1.1763183e-09,2.2693813e-07,-6.6449947
2016-01-22 15:00:00,3.0161667,-5.346833,0.111833334,505.7413,3.6293478,1.8586956,-21.666666666666668,-28.0,159.26666666666668,1.6666666666666665,1.0530964e-09,2.4315653e-07,-6.61567
2016-01-22 16:00:00,6.538333,-1.6065,1.8076667,500.6469,2.6942859,1.3467346,-22.05,-30.0,90.86666666666666,1.6666666666666665,1.1301081e-09,2.6718632e-07,-6.5737414
2016-01-22 17:00:00,5.980727,-2.261091,1.9350909,513.6022,2.3765957,1.2548937,-15.766666666666667,-26.0,48.06666666666667,1.6666666666666665,4.5784305e-09,3.95025e-07,-6.409788
2016-01-22 18:00:00,5.7612195,-2.8668294,1.8792684,501.0,2.4356,1.2244,-16.766666666666666,-27.0,107.91666666666667,2.6666666666666665,2.249365e-09,4.53723e-07,-6.343886
2016-01-22 19:00:00,4.9743104,-1.9024138,-0.059655175,506.08362,2.9065454,1.4841818,-21.283333333333335,-30.0,160.06666666666666,2.6666666666666665,1.1808784e-09,3.872415e-07,-6.412357
2016-01-22 20:00:00,5.861964,-0.53660715,1.3214285,493.68,3.1207998,1.5204,-30.116666666666667,-35.0,236.56666666666666,2.6666666666666665,1.8064953e-09,4.134645e-07,-6.387107
2016-01-22 21:00:00,1.9818333,-5.1605,1.7345,529.3521,3.37625,1.894375,-25.083333333333332,-30.0,219.4,2.3333333333333335,1.5578459e-09,3.9250963e-07,-6.4063253
2016-01-22 22:00:00,3.9891527,-4.322034,1.9105085,501.87555,3.7753334,1.8944445,-27.866666666666667,-30.0,123.38333333333334,2.3333333333333335,2.5795053e-09,4.248868e-07,-6.3727694
2016-01-22 23:00:00,4.0705,-2.4894998,3.076,502.94183,3.8723636,1.959091,-24.566666666666666,-28.0,59.05,2.3333333333333335,3.8371475e-09,4.428421e-07,-6.361755
2016-01-23 00:00:00,5.556981,-1.7764151,2.5156605,484.09998,4.3816667,2.058889,-18.583333333333332,-26.0,39.71666666666667,1.3333333333333333,1.3891059e-09,3.0886443e-07,-6.5124483
2016-01-23 01:00:00,5.9578333,-1.9178333,2.5945,481.68573,4.3735714,2.029286,-16.133333333333333,-25.0,70.6,1.3333333333333333,1.0866474e-09,2.8063727e-07,-6.5557446
2016-01-23 02:00:00,6.2471156,-1.2148076,2.5784616,481.90002,6.0738096,2.8228571,-14.466666666666667,-22.0,60.06666666666667,1.3333333333333333,1.000346e-09,2.4013815e-07,-6.619658
2016-01-23 03:00:00,4.1411667,-2.1611667,0.023999993,486.99615,6.1890383,2.9376922,-14.4,-21.0,134.4,3.3333333333333335,1.000346e-09,2.4251446e-07,-6.615348
2016-01-23 04:00:00,-0.13883331,-3.2298334,-1.9703333,504.89047,6.2714286,3.2035716,-23.433333333333334,-25.0,246.43333333333334,3.3333333333333335,1.0034252e-09,2.2655871e-07,-6.6451344
2016-01-23 05:00:00,3.5845616,-1.7542105,1.4464911,493.39026,7.2985363,3.5468292,-25.75,-28.0,217.38333333333333,3.3333333333333335,1e-09,2.0980202e-07,-6.678254
2016-01-23 06:00:00,1.5325927,-1.9255556,1.2288889,507.19592,6.918775,3.5081632,-22.016666666666666,-26.0,136.11666666666667,3.6666666666666665,1.0023873e-09,2.3596421e-07,-6.6289396
2016-01-23 07:00:00,0.32206896,-5.4436207,-1.7543104,550.1773,4.596591,2.7845454,-23.766666666666666,-30.0,329.68333333333334,3.6666666666666665,1.3588912e-09,2.404212e-07,-6.619456
2016-01-23 08:00:00,4.6528335,0.5705,1.9836667,558.16125,4.939796,3.0795918,-18.916666666666668,-28.0,419.5,3.6666666666666665,2.155803e-09,2.3458414e-07,-6.629785
2016-01-23 09:00:00,4.937288,-1.1283051,1.3237288,543.4447,4.595532,2.7155318,-17.05,-24.0,134.33333333333334,2.0,1.1015103e-09,2.557368e-07,-6.592843
2016-01-23 10:00:00,2.1035714,-1.75875,0.121071436,555.7731,4.246346,2.6196153,-15.716666666666667,-21.0,37.016666666666666,2.0,1e-09,2.480261e-07,-6.606047
2016-01-23 11:00:00,0.24620001,-1.6636,-1.0704,566.3143,3.7374284,2.396,-16.783333333333335,-22.0,86.46666666666667,2.0,1e-09,2.361265e-07,-6.6282597
2016-01-23 12:00:00,2.6426666,-1.3321667,-0.32183334,556.2735,3.604898,2.2338774,-21.816666666666666,-26.0,236.13333333333333,3.0,1.6217288e-09,2.4379312e-07,-6.6130986
2016-01-23 13:00:00,2.7067797,-1.4988135,-0.57830507,554.10565,2.8220754,1.7349056,-23.666666666666668,-28.0,411.4,3.0,6.578835e-09,2.2699687e-07,-6.6440644
2016-01-23 14:00:00,2.3634999,-0.8021667,-1.8996667,548.6575,2.3995745,1.4451064,-22.933333333333334,-29.0,225.51666666666668,3.0,2.351754e-09,2.485087e-07,-6.607631
2016-01-23 15:00:00,1.8711865,-1.5357627,-1.7272882,539.62354,2.2019608,1.2817647,-17.616666666666667,-27.0,154.81666666666666,2.6666666666666665,1.1924158e-09,2.4823558e-07,-6.6054187
2016-01-23 16:00:00,2.1386955,-2.211087,-1.0169564,538.5945,2.1825,1.2669444,-17.966666666666665,-29.0,347.68333333333334,2.6666666666666665,1.4800892e-09,2.5774528e-07,-6.5888944
2016-01-23 17:00:00,2.3151667,-2.4268334,-1.3593333,514.6034,2.28,1.2091525,-15.75,-28.0,410.3333333333333,2.6666666666666665,3.876562e-09,2.644817e-07,-6.57781
2016-01-23 18:00:00,2.4722807,-2.2892983,-0.97,499.06842,2.8531578,1.4202632,-16.9,-27.0,124.68333333333334,1.6666666666666665,1.9935174e-09,2.711119e-07,-6.5683427
2016-01-23 19:00:00,2.9155002,-2.293,-0.0455,481.97644,3.0861764,1.4338236,-21.066666666666666,-29.0,116.21666666666667,1.6666666666666665,1.1281549e-09,2.9098652e-07,-6.5364685
2016-01-23 20:00:00,3.2552543,-2.2642372,-0.22762713,470.9392,3.1817648,1.4109803,-22.383333333333333,-31.0,95.58333333333333,1.6666666666666665,1.2571917e-09,3.0540394e-07,-6.517758
2016-01-23 21:00:00,3.6318333,-1.5696666,-0.2015,452.3647,3.3356862,1.3639215,-21.116666666666667,-29.0,58.31666666666667,1.3333333333333333,2.2968012e-09,3.254435e-07,-6.500151
2016-01-23 22:00:00,2.6121154,-1.295,-1.2125,445.78387,4.498709,1.7845161,-18.866666666666667,-23.0,65.23333333333333,1.3333333333333333,1.0252335e-09,3.249609e-07,-6.490118
2016-01-23 23:00:00,2.7339656,-1.7634482,-1.7034483,441.4878,5.03878,1.9629269,-15.9,-20.0,70.23333333333333,1.3333333333333333,1.0373876e-09,3.0437852e-07,-6.517016
2016-01-24 00:00:00,2.4286666,-3.9166667,-1.2653333,430.51874,4.4987497,1.668125,-12.95,-19.0,223.68333333333334,2.6666666666666665,3.584457e-09,4.257445e-07,-6.381675
2016-01-24 01:00:00,1.939074,-4.4540744,-1.2324075,433.82944,4.994902,1.8833334,-12.85,-19.0,173.18333333333334,2.6666666666666665,2.8083667e-09,4.3854982e-07,-6.366041
2016-01-24 02:00:00,1.7803448,-4.956897,-0.9463793,435.35416,5.2045836,1.9766666,-15.6,-21.0,193.85,2.6666666666666665,1.007383e-09,3.4729976e-07,-6.4596133
2016-01-24 03:00:00,1.7724999,-2.3288636,0.1015909,436.54443,6.0564446,2.3033333,-13.433333333333334,-19.0,192.55,2.3333333333333335,1.0313801e-09,3.459062e-07,-6.461854
2016-01-24 04:00:00,-0.38877192,-3.7200003,-0.5598246,436.3408,5.6761227,2.162041,-16.466666666666665,-21.0,101.11666666666666,2.3333333333333335,2.6262587e-08,7.690816e-07,-6.1861324
2016-01-24 05:00:00,1.0123729,-3.6964407,-0.10305084,422.73334,5.5677776,1.9891112,-17.083333333333332,-22.0,33.016666666666666,2.3333333333333335,2.4766594e-08,1.054365e-06,-5.9859853
2016-01-24 06:00:00,-0.1525862,-3.232069,0.47913796,434.58,4.8405,1.827,-15.333333333333334,-21.0,79.46666666666667,1.6666666666666665,3.579579e-09,6.190252e-07,-6.2130337
2016-01-24 07:00:00,1.2488333,-5.4795,0.68633336,428.53558,4.918305,1.8083051,-15.383333333333333,-21.0,52.083333333333336,1.6666666666666665,1.116387e-09,4.4795837e-07,-6.3502517
2016-01-24 08:00:00,1.58125,-5.6525,1.52125,425.22223,4.84,1.75,-14.516666666666667,-19.0,46.35,1.6666666666666665,1.8808395e-09,4.0587759e-07,-6.3960576
2016-01-24 09:00:00,4.6784744,-2.4555933,3.4799998,457.80536,6.2533927,2.6210713,-11.9,-18.0,81.31666666666666,1.0,1e-09,2.9539711e-07,-6.530327
2016-01-24 10:00:00,6.2550983,-0.0035294085,3.0050979,451.58517,6.441852,2.625926,-10.033333333333333,-18.0,89.38333333333334,1.0,3.1996767e-09,3.8445202e-07,-6.4373875
2016-01-24 11:00:00,4.700714,-1.8764286,1.6121428,463.7022,6.1753335,2.6568887,-9.266666666666667,-17.0,34.31666666666667,1.0,1.4208207e-09,4.5788437e-07,-6.3412323
2016-01-24 12:00:00,2.5145,-6.4171667,0.071166664,461.43274,6.1803446,2.6332757,-8.416666666666666,-14.0,105.73333333333333,1.3333333333333333,1.6400896e-09,4.6535052e-07,-6.3369546
2016-01-24 13:00:00,2.6481667,-6.5725,-0.74,460.18167,6.205333,2.6278334,-10.3,-13.0,212.63333333333333,1.3333333333333333,2.209017e-09,4.073182e-07,-6.3958306
2016-01-24 14:00:00,2.1275,-6.7376666,-0.7418333,469.88422,6.206316,2.7419298,-10.983333333333333,-14.0,260.05,1.3333333333333333,3.5574461e-09,3.611866e-07,-6.4467106
2016-01-24 15:00:00,2.1211667,3.182,0.913,493.66724,9.3922415,4.582069,-6.4,-11.0,193.51666666666668,2.3333333333333335,1.300549e-09,2.9971903e-07,-6.523495
2016-01-24 16:00:00,2.8106668,4.5026665,3.1335554,489.1105,9.083158,4.3478947,-0.2,-9.0,76.15,2.3333333333333335,1.0239528e-09,2.979976e-07,-6.5264173
2016-01-24 17:00:00,0.93266666,4.336667,2.0843332,487.76205,11.7506895,5.582931,7.033333333333333,-1.0,49.8,2.3333333333333335,1.0795281e-09,2.8732433e-07,-6.5427327
2016-01-24 18:00:00,-4.9856663,-1.2186666,-5.1328335,502.46155,9.17282,4.6233335,-2.25,-8.0,487.3666666666667,4.0,1.0350818e-09,2.5952576e-07,-6.5859647
2016-01-24 19:00:00,-0.8481034,5.293793,1.3787931,487.85175,10.426035,4.931724,-13.183333333333334,-15.0,560.4333333333333,4.0,1.641316e-09,2.7943253e-07,-6.555572
2016-01-24 20:00:00,2.3303392,2.3662713,1.7303389,487.06366,19.424318,9.210682,1.2333333333333334,-3.0,128.68333333333334,4.0,1.1357292e-09,2.7122732e-07,-6.5682435
2016-01-24 21:00:00,3.3657897,-0.38491228,2.2552633,489.60974,13.963902,6.6943903,-1.5,-4.0,53.45,1.0,1.0013378e-09,2.502128e-07,-6.602226
2016-01-24 22:00:00,3.8366072,-1.2232143,3.2607143,491.48636,8.804545,4.247273,-7.166666666666667,-8.0,25.283333333333335,1.0,4.078691e-09,3.3795146e-07,-6.4920425
2016-01-24 23:00:00,3.202373,-1.1376271,3.6522033,479.20612,7.8614283,3.6136737,-9.7,-13.0,48.85,1.0,1.0020245e-09,2.463626e-07,-6.6094875
2016-01-25 00:00:00,3.3894916,-1.349661,3.55661,474.05264,7.24,3.2526314,-8.25,-16.0,37.233333333333334,0.3333333333333333,1.001667e-09,2.5599488e-07,-6.5927854
2016-01-25 01:00:00,4.0784783,-3.1515217,0.29173914,475.30646,6.1545157,2.7841935,-8.75,-16.0,30.833333333333332,0.3333333333333333,1e-09,2.5770566e-07,-6.5892696
2016-01-25 02:00:00,,,,,,,-9.55,-17.0,27.883333333333333,0.3333333333333333,1e-09,2.531436e-07,-6.5967684
2016-01-25 03:00:00,,,,,,,-11.25,-18.0,23.1,0.3333333333333333,1e-09,2.5762603e-07,-6.589071
2016-01-25 04:00:00,,,,,,,-13.766666666666667,-19.0,23.75,0.3333333333333333,1.0009537e-09,2.842029e-07,-6.5468826
2016-01-25 05:00:00,,,,,,,-13.883333333333333,-18.0,38.483333333333334,0.3333333333333333,1e-09,2.637727e-07,-6.5792065
2016-01-25 06:00:00,,,,,,,-12.0,-16.0,51.93333333333333,0.6666666666666666,4.7032955e-09,3.3734412e-07,-6.4937153
2016-01-25 07:00:00,,,,,,,-10.25,-13.0,52.96666666666667,0.6666666666666666,4.3915223e-09,4.3251782e-07,-6.3727865
2016-01-25 08:00:00,,,,,,,-8.15,-10.0,66.88333333333334,0.6666666666666666,1.2709497e-09,3.204465e-07,-6.4968667
2016-01-25 09:00:00,,,,,,,-7.016666666666667,-9.0,34.45,0.3333333333333333,1.2003617e-08,4.3420548e-07,-6.4054346
2016-01-25 10:00:00,3.883125,0.34875,4.60125,422.7,3.205,1.145,-5.683333333333334,-10.0,27.933333333333334,0.3333333333333333,3.8204155e-09,3.8247947e-07,-6.429459
2016-01-25 11:00:00,,,,,,,-3.816666666666667,-9.0,34.1,0.3333333333333333,1.1137281e-09,3.974878e-07,-6.4041233
2016-01-25 12:00:00,,,,,,,-4.0,-9.0,22.45,0.3333333333333333,2.457765e-09,5.762275e-07,-6.240352
2016-01-25 13:00:00,,,,,,,-3.25,-9.0,23.1,0.3333333333333333,4.5612194e-09,6.4328435e-07,-6.197631
2016-01-25 14:00:00,,,,,,,-2.9833333333333334,-6.0,23.683333333333334,0.3333333333333333,4.048816e-09,5.858986e-07,-6.2351804
2016-01-25 15:00:00,,,,,,,-3.033333333333333,-9.0,23.533333333333335,0.3333333333333333,1.1901463e-09,4.1502452e-07,-6.3831935
2016-01-25 16:00:00,,,,,,,-4.466666666666667,-11.0,24.05,0.3333333333333333,5.077626e-09,5.050075e-07,-6.307945
2016-01-25 17:00:00,,,,,,,-5.083333333333333,-12.0,27.066666666666666,0.3333333333333333,1.133807e-09,4.1065212e-07,-6.386923
2016-01-25 18:00:00,,,,,,,-7.35,-14.0,37.03333333333333,0.0,2.5118132e-09,4.776253e-07,-6.3228154
2016-01-25 19:00:00,,,,,,,-8.616666666666667,-14.0,32.233333333333334,0.0,1.0070484e-09,3.36759e-07,-6.4754643
2016-01-25 20:00:00,,,,,,,-9.433333333333334,-14.0,31.35,0.0,1.000346e-09,2.8482768e-07,-6.5458345
2016-01-25 21:00:00,,,,,,,-11.833333333333334,-15.0,22.816666666666666,0.0,1.1830624e-09,2.770856e-07,-6.5611815
2016-01-25 22:00:00,,,,,,,-11.0,-15.0,25.95,0.0,1.001361e-09,3.0870234e-07,-6.511613
2016-01-25 23:00:00,,,,,,,-9.3,-15.0,26.816666666666666,0.0,1e-09,2.924812e-07,-6.5344076
2016-01-26 00:00:00,,,,,,,-6.016666666666667,-14.0,24.233333333333334,0.0,1e-09,3.204054e-07,-6.4951673
2016-01-26 01:00:00,4.674694,0.12469388,2.1569388,386.71555,3.702,1.1062222,-3.25,-11.0,21.033333333333335,0.0,1.1751838e-09,3.5072893e-07,-6.4559608
2016-01-26 02:00:00,4.764833,0.41,1.7823334,388.15457,4.9152274,1.4806819,-1.2333333333333334,-8.0,19.683333333333334,0.0,2.1140205e-09,4.2411e-07,-6.3755064
2016-01-26 03:00:00,4.866316,0.5959649,1.1715789,391.41458,5.1527085,1.5791668,-0.3,-6.0,20.766666666666666,0.0,4.056028e-09,4.4005307e-07,-6.365685
2016-01-26 04:00:00,,,,,,,-0.4666666666666667,-4.0,25.733333333333334,0.0,1.6851059e-09,3.2507495e-07,-6.491479
2016-01-26 05:00:00,,,,,,,-1.7166666666666666,-3.0,30.783333333333335,0.0,1.0389721e-09,3.0921686e-07,-6.511451
2016-01-26 06:00:00,3.4072413,1.5912069,2.1093104,359.5756,12.753659,3.2985368,0.16666666666666666,-2.0,34.68333333333333,0.6666666666666666,1e-09,2.5870006e-07,-6.5875006
2016-01-26 07:00:00,3.4533334,1.5634999,2.4643333,356.60416,12.90375,3.2825,1.9666666666666666,0.0,44.68333333333333,0.6666666666666666,1.001627e-09,3.0812444e-07,-6.5118566
2016-01-26 08:00:00,3.2208333,2.5555,2.215,349.5489,11.214223,2.744,3.65,1.0,34.36666666666667,0.6666666666666666,1e-09,2.944055e-07,-6.531198
2016-01-26 09:00:00,3.5178335,2.1943333,2.1038334,346.9234,10.871064,2.6142554,3.3833333333333333,-1.0,33.416666666666664,1.0,1e-09,2.706688e-07,-6.5679607
2016-01-26 10:00:00,4.261356,2.3540678,2.3201694,346.4625,9.987321,2.398393,4.516666666666667,-2.0,77.36666666666666,1.0,1e-09,2.459018e-07,-6.6095853
2016-01-26 11:00:00,2.7066665,2.6598332,2.9291666,345.75998,11.682571,2.7894285,7.566666666666666,1.0,36.6,1.0,1e-09,2.61548e-07,-6.582938
2016-01-26 12:00:00,5.3469234,1.2511538,1.25,359.8147,7.7182355,1.9982353,5.416666666666667,-1.0,68.01666666666667,1.0,1e-09,2.673056e-07,-6.573265
2016-01-26 13:00:00,4.6228333,0.5485,0.34433332,362.17502,11.680833,3.070625,6.466666666666667,1.0,32.55,1.0,1e-09,2.9200177e-07,-6.5357194
2016-01-26 14:00:00,4.2795,0.6685,2.064,357.92105,11.069299,2.845614,6.7,-1.0,50.81666666666667,1.0,1.0098336e-09,3.950419e-07,-6.4043036
2016-01-26 15:00:00,4.5618334,1.4646666,1.8361666,355.0732,10.959464,2.7630355,10.633333333333333,0.0,57.266666666666666,1.3333333333333333,1.1779184e-09,4.8491455e-07,-6.3148484
2016-01-26 16:00:00,4.2999997,1.7816668,1.695,353.68573,11.014285,2.7571428,10.166666666666666,-1.0,35.2,1.3333333333333333,1.0260076e-09,4.793907e-07,-6.3195896
2016-01-26 17:00:00,,,,,,,8.916666666666666,-3.0,32.666666666666664,1.3333333333333333,2.1078483e-08,9.510771e-07,-6.0412807
2016-01-26 18:00:00,2.6820688,0.44810346,4.190345,337.49524,11.474285,2.6416667,8.066666666666666,-1.0,31.133333333333333,1.6666666666666665,2.2864441e-08,1.144559e-06,-5.942459
2016-01-26 19:00:00,2.4127777,0.11574074,0.95351857,369.7641,7.1810255,1.9323077,6.083333333333333,-1.0,32.8,1.6666666666666665,1.0560061e-08,9.206707e-07,-6.03763
2016-01-26 20:00:00,0.37039214,-1.8703922,2.6231372,367.71353,5.4608107,1.4791892,3.75,-3.0,28.883333333333333,1.6666666666666665,3.89168e-09,7.07342e-07,-6.152306
2016-01-26 21:00:00,-2.083,-3.2041667,0.44399998,371.72458,4.3857894,1.2126316,2.1666666666666665,-3.0,28.85,1.0,1.0643031e-09,5.51541e-07,-6.2588816
2016-01-26 22:00:00,-2.0976667,-3.4886668,1.1278332,369.4745,4.4580393,1.2180392,0.5833333333333334,-1.0,46.13333333333333,1.0,1.0068171e-09,5.004576e-07,-6.301004
2016-01-26 23:00:00,-1.8071429,-2.9011428,1.77,369.72574,5.008,1.3705715,1.8166666666666667,-1.0,63.36666666666667,1.0,1.002665e-09,4.3440716e-07,-6.3628244
2016-01-27 00:00:00,,,,,,,6.4,0.0,40.55,1.0,2.6796347e-09,5.6742647e-07,-6.2519097
2016-01-27 01:00:00,3.5094442,-2.4244444,0.22500001,353.85294,13.142941,3.2917647,5.083333333333333,0.0,27.3,1.0,1.6618096e-09,6.0291063e-07,-6.2223196
2016-01-27 02:00:00,3.3416667,-1.503,0.9826667,352.21033,19.04293,4.725345,8.85,3.0,28.433333333333334,1.0,1e-09,4.1155604e-07,-6.3873053
2016-01-27 03:00:00,2.736,-1.3986666,2.4036667,347.3654,25.965,6.2551923,14.05,8.0,35.0,2.0,1.006162e-09,3.701654e-07,-6.4328885
2016-01-27 04:00:00,3.7456896,1.5912069,4.8882756,340.9591,21.071363,4.9222727,9.483333333333333,5.0,31.016666666666666,2.0,1.0569771e-09,3.3551117e-07,-6.474989
2016-01-27 05:00:00,3.7065,-1.3293334,5.3451667,339.77414,17.602932,4.0708623,10.883333333333333,5.0,28.1,2.0,1.0606283e-08,5.2796884e-07,-6.317718
2016-01-27 06:00:00,4.8440003,-1.645,4.513833,336.51785,12.487857,2.83125,10.05,4.0,26.583333333333332,1.0,1.0100266e-09,4.7432124e-07,-6.324745
2016-01-27 07:00:00,5.6321664,-2.8768334,1.8743333,334.97058,15.3970585,3.4658825,13.95,7.0,27.05,1.0,1.1441053e-09,4.031161e-07,-6.3985596
2016-01-27 08:00:00,3.561207,-4.1444826,2.2315516,334.6625,12.608928,2.8317857,13.116666666666667,7.0,36.8,1.0,1.014244e-09,3.6115551e-07,-6.4427123
2016-01-27 09:00:00,-2.8790002,2.0191667,7.0495,352.6109,8.606545,2.122909,6.85,2.0,25.4,1.3333333333333333,1e-09,3.3759912e-07,-6.472545
2016-01-27 10:00:00,-3.831,5.0778337,5.0806665,356.52,3.4686003,0.8808,2.45,-3.0,22.016666666666666,1.3333333333333333,1e-09,3.2268062e-07,-6.4916277
2016-01-27 11:00:00,-3.486949,6.649322,2.9206781,361.34445,3.7275925,0.97481483,3.4166666666666665,-2.0,22.75,1.3333333333333333,1e-09,3.1208089e-07,-6.5058184
2016-01-27 12:00:00,-3.9578333,5.1075,3.7483332,361.4575,3.5740001,0.934,4.583333333333333,1.0,70.31666666666666,1.0,1.0022674e-09,3.3576143e-07,-6.475306
2016-01-27 13:00:00,-2.674,6.749167,-0.698,362.804,4.0172,1.0586,7.95,4.0,96.48333333333333,1.0,8.244269e-09,4.6360086e-07,-6.354949
2016-01-27 14:00:00,-1.6151668,6.6924996,-1.6176666,362.48077,4.043077,1.0638461,7.45,2.0,125.18333333333334,1.0,1.0246031e-09,4.348873e-07,-6.3634357
2016-01-27 15:00:00,-2.8608332,6.203,0.15183333,367.15,4.292037,1.1577778,5.983333333333333,-3.0,109.25,0.6666666666666666,1.1466007e-09,4.945369e-07,-6.306215
2016-01-27 16:00:00,-3.6253333,5.773167,1.6211666,368.75537,4.0389285,1.0991071,7.15,-6.0,84.41666666666667,0.6666666666666666,3.3468115e-09,5.7147895e-07,-6.2457414
2016-01-27 17:00:00,-4.406087,5.0426087,1.4334784,370.17273,3.7613637,1.0313636,9.0,-4.0,32.46666666666667,0.6666666666666666,5.669408e-09,6.1130845e-07,-6.2175627
2016-01-27 18:00:00,-4.698889,4.414722,1.3558334,366.60477,5.5619044,1.4947618,8.366666666666667,-2.0,37.25,0.0,1.0593977e-09,4.299565e-07,-6.3717337
2016-01-27 19:00:00,-3.5464408,5.178983,0.34118643,366.2845,5.611552,1.5062069,7.183333333333334,-3.0,26.05,0.0,1.5584962e-09,3.761016e-07,-6.428856
2016-01-27 20:00:00,-4.6865,4.3440003,0.09566667,355.87323,5.453214,1.3814286,4.283333333333333,-5.0,23.116666666666667,0.0,1.0583442e-09,3.5935813e-07,-6.4481606
2016-01-27 21:00:00,-4.3931665,4.4475,-0.96,357.90384,5.133654,1.3153846,1.0166666666666666,-6.0,42.75,0.3333333333333333,1.005202e-09,3.394924e-07,-6.4703918
2016-01-27 22:00:00,-3.6769643,3.4144645,-3.1251786,356.00204,5.7400002,1.4544897,-1.2166666666666666,-4.0,46.25,0.3333333333333333,1.133332e-09,4.0266016e-07,-6.397243
2016-01-27 23:00:00,-2.7608473,4.0425425,-2.7254238,353.904,6.4242,1.6076,-1.8666666666666667,-5.0,34.36666666666667,0.3333333333333333,1e-09,3.5222652e-07,-6.4532437
2016-01-28 00:00:00,-4.8140426,4.828936,0.37212765,337.9788,5.9790907,1.3715152,2.0833333333333335,-7.0,23.316666666666666,0.3333333333333333,1e-09,3.4290682e-07,-6.4650183
2016-01-28 01:00:00,-4.7071667,5.187,1.9848332,343.47952,6.9661365,1.645,4.9,-6.0,21.233333333333334,0.3333333333333333,1.0010379e-09,4.0041732e-07,-6.4013553
2016-01-28 02:00:00,-4.349091,6.2425456,2.6387274,344.3932,8.0525,1.9113636,6.566666666666666,-2.0,18.716666666666665,0.3333333333333333,1.0020245e-09,3.8261422e-07,-6.417421
2016-01-28 03:00:00,-3.4906666,7.5425,1.2808334,342.46664,8.734524,2.0504763,6.9,0.0,16.916666666666668,0.0,1.8965518e-09,4.050825e-07,-6.3961806
2016-01-28 04:00:00,-3.3521667,7.3343334,1.2696667,340.01154,9.515769,2.1984615,5.15,1.0,21.666666666666668,0.0,1e-09,3.5418535e-07,-6.4510565
2016-01-28 05:00:00,-3.0328069,7.85614,-0.69877195,336.30002,10.287547,2.3292453,4.85,2.0,34.5,0.0,6.2721504e-08,1.1017005e-06,-6.1344156
2016-01-28 06:00:00,-1.4573333,5.6028337,-0.99766666,343.43585,10.600188,2.4947171,5.666666666666667,3.0,23.416666666666668,2.3333333333333335,1.3370689e-08,4.8600214e-07,-6.349832
2016-01-28 07:00:00,3.521724,2.622069,-6.1772413,363.15106,9.185319,2.4223404,3.6333333333333333,1.0,98.55,2.3333333333333335,4.813033e-08,9.2989046e-07,-6.15275
2016-01-28 08:00:00,4.1231666,2.3491666,-6.9100003,360.90982,6.861765,1.7915686,-7.25,-9.0,319.03333333333336,2.3333333333333335,3.524036e-09,3.8095598e-07,-6.420218
2016-01-28 09:00:00,2.675862,4.462586,-5.8767242,364.04242,6.8012123,1.8078787,-14.066666666666666,-16.0,424.05,2.3333333333333335,6.5540835e-09,4.0642828e-07,-6.3980093
2016-01-28 10:00:00,1.1935294,4.5443134,-3.9960785,357.57693,7.552051,1.9284616,-20.883333333333333,-26.0,447.55,2.3333333333333335,1.5750607e-09,3.1916844e-07,-6.497026
2016-01-28 11:00:00,1.3611666,4.495333,-2.6139998,350.18887,7.753055,1.898889,-21.783333333333335,-30.0,321.53333333333336,2.3333333333333335,4.8631144e-08,6.376637e-07,-6.397118
2016-01-28 12:00:00,-3.467414,2.890862,3.137586,337.56863,7.762549,1.7678432,-16.316666666666666,-23.0,166.96666666666667,1.0,2.388219e-07,3.16098e-06,-5.689934
2016-01-28 13:00:00,-1.5946667,3.6313334,1.6496665,347.04904,7.6832075,1.8456603,-8.1,-14.0,62.083333333333336,1.0,1.005919e-09,4.2104364e-07,-6.3832483
2016-01-28 14:00:00,-1.7963333,4.132167,1.753,346.9961,7.1688232,1.7276471,-5.65,-10.0,47.016666666666666,1.0,1e-09,2.7321443e-07,-6.5658
2016-01-28 15:00:00,-3.2485,3.0108333,1.6963333,340.278,6.4582,1.495,-4.883333333333334,-10.0,56.11666666666667,1.0,1e-09,2.5026014e-07,-6.6016765
2016-01-28 16:00:00,1.9933333,3.9908772,-3.9282458,360.03674,5.6263266,1.4602041,-4.45,-12.0,50.13333333333333,1.0,1.0592112e-09,2.9471207e-07,-6.536642
2016-01-28 17:00:00,0.8058333,5.2285,-1.9265,350.23773,5.305849,1.3016981,-6.683333333333334,-16.0,164.88333333333333,1.0,1e-09,2.643172e-07,-6.5781
2016-01-28 18:00:00,-0.48949155,5.1559324,-1.4579662,342.21863,5.0111628,1.1755813,-8.983333333333333,-18.0,214.13333333333333,0.6666666666666666,1.006471e-09,2.5800276e-07,-6.5908747
2016-01-28 19:00:00,-0.06780488,4.3492684,-2.8939025,344.73846,4.5446157,1.0796154,-10.766666666666667,-19.0,96.21666666666667,0.6666666666666666,1e-09,2.4610569e-07,-6.609435
2016-01-28 20:00:00,-1.3935,5.0691667,-0.77533334,337.48868,4.496981,1.0256604,-12.633333333333333,-20.0,45.18333333333333,0.6666666666666666,-14999.85,-14999.85,-6.6056843
2016-01-28 21:00:00,-2.149149,3.0921278,-2.8046806,333.02414,4.5793104,1.0148276,-13.916666666666666,-19.0,44.55,0.6666666666666666,3.5157242e-08,5.960793e-07,-6.388651
2016-01-28 22:00:00,-2.5774577,4.069492,-0.5515254,325.91873,4.3145833,0.91770834,-12.983333333333333,-16.0,35.43333333333333,0.6666666666666666,1.0278476e-08,5.2306615e-07,-6.3665237
2016-01-28 23:00:00,-2.0882456,1.7549123,-3.0466666,324.88666,4.2026668,0.8896667,-9.983333333333333,-13.0,22.85,0.6666666666666666,1e-09,3.0012936e-07,-6.5230346
2016-01-29 00:00:00,-1.7163333,4.6373334,0.15733334,329.87872,3.5357444,0.7676596,-5.1,-11.0,24.9,0.3333333333333333,1e-09,2.7686735e-07,-6.5578437
2016-01-29 01:00:00,2.0201724,3.9213793,-2.065,354.8093,2.9765115,0.74697673,-4.283333333333333,-12.0,27.133333333333333,0.3333333333333333,1e-09,2.8920059e-07,-6.538832
2016-01-29 02:00:00,-0.94200003,5.552727,-0.682,335.76904,2.0659523,0.46738094,-5.133333333333334,-13.0,24.15,0.3333333333333333,1e-09,2.9696233e-07,-6.5273886
2016-01-29 03:00:00,-2.9260714,4.605,-1.14625,327.01578,2.2613158,0.48157892,-4.4,-13.0,24.133333333333333,0.6666666666666666,5.6004024e-09,5.4505733e-07,-6.3046746
2016-01-29 04:00:00,-1.1541667,5.5065002,-0.5733334,328.60742,1.7590741,0.38037038,-6.95,-16.0,15.683333333333334,0.6666666666666666,3.1320134e-08,9.1186536e-07,-6.0946026
2016-01-29 05:00:00,-1.1116666,5.465667,-0.2775,327.6415,1.9164151,0.41075474,-7.166666666666667,-15.0,17.4,0.6666666666666666,1e-09,4.0343227e-07,-6.395677
2016-01-29 06:00:00,-0.7851667,4.691167,-0.9425,326.03656,2.0667307,0.4384615,-7.6,-14.0,17.166666666666668,0.6666666666666666,1.001384e-09,3.6850943e-07,-6.433855
2016-01-29 07:00:00,-1.8828334,3.8448334,-1.7021667,313.45557,3.1944444,0.62222224,-6.633333333333334,-13.0,46.233333333333334,0.6666666666666666,1.1946378e-09,4.1395305e-07,-6.3842525
2016-01-29 08:00:00,-1.6113793,3.820862,-2.0255172,306.55582,3.8669767,0.72744185,-6.25,-12.0,95.71666666666667,0.6666666666666666,7.411692e-08,1.1087309e-06,-6.100018
2016-01-29 09:00:00,1.3603333,4.374167,0.18650001,318.15356,3.380893,0.68303573,-6.533333333333333,-12.0,142.63333333333333,0.6666666666666666,1.2370024e-09,3.414794e-07,-6.469078
2016-01-29 10:00:00,2.1616666,4.1301665,-0.3015,321.80002,3.0658824,0.63470584,-6.4,-12.0,35.3,0.6666666666666666,1e-09,3.045007e-07,-6.5167418
2016-01-29 11:00:00,1.1620001,4.226667,-0.39733332,318.4579,4.3112283,0.87508774,-3.6333333333333333,-8.0,37.9,0.6666666666666666,1e-09,2.8744205e-07,-6.541495
2016-01-29 12:00:00,1.8038889,3.6842592,-1.5427778,315.93076,4.6946154,0.9376923,-3.45,-7.0,31.783333333333335,0.6666666666666666,1e-09,3.27754e-07,-6.486231
2016-01-29 13:00:00,1.8406667,3.667,-1.8759999,311.27222,4.66,0.9031482,-3.8666666666666667,-6.0,100.08333333333333,0.6666666666666666,1.0303614e-09,3.6553266e-07,-6.4385157
2016-01-29 14:00:00,2.4403389,3.5055933,-1.9971187,309.9302,4.0724525,0.78339624,-5.983333333333333,-8.0,109.56666666666666,0.6666666666666666,3.3481176e-09,4.3205927e-07,-6.3728414
2016-01-29 15:00:00,1.8588333,3.5985,-2.6083333,309.0268,4.098214,0.78375,-8.583333333333334,-8.0,93.16666666666667,0.6666666666666666,4.2727324e-09,4.876801e-07,-6.3329806
2016-01-29 16:00:00,1.6722413,3.122931,-3.0891378,305.05188,4.1083336,0.7644444,-9.166666666666666,-10.0,106.88333333333334,0.6666666666666666,1.2393616e-08,5.314602e-07,-6.3332806
2016-01-29 17:00:00,1.1754,2.3588,-3.475,303.45,5.0671873,0.9325,-8.333333333333334,-11.0,120.9,0.6666666666666666,1.1432749e-09,3.2983434e-07,-6.4895926
2016-01-29 18:00:00,0.7504,2.3052,-3.427,302.50833,5.5786114,1.0216666,-9.566666666666666,-12.0,75.31666666666666,0.3333333333333333,1e-09,2.829098e-07,-6.548724
2016-01-29 19:00:00,0.058947366,2.9101756,-2.9317544,302.03262,5.83587,1.063913,-10.2,-12.0,72.4,0.3333333333333333,1e-09,2.758432e-07,-6.5595064
2016-01-29 20:00:00,-0.8833333,2.9566665,-2.686,301.47095,5.9819355,1.087742,-9.283333333333333,-13.0,45.15,0.3333333333333333,1.0051385e-09,3.0841974e-07,-6.514791
2016-01-29 21:00:00,-1.3008474,2.7844067,-1.4845762,294.75958,7.0485106,1.2240425,-7.916666666666667,-11.0,39.11666666666667,0.6666666666666666,4.7471794e-08,1.4959835e-06,-5.859755
2016-01-29 22:00:00,-1.7105172,1.5903448,-1.4824139,291.49533,7.89907,1.3418605,-6.716666666666667,-9.0,47.86666666666667,0.6666666666666666,3.1722628e-08,1.5538703e-06,-5.8137755
2016-01-29 23:00:00,-1.4954717,2.1179245,-0.2854717,289.9441,8.400001,1.4120588,-2.3333333333333335,-8.0,28.683333333333334,0.6666666666666666,5.50807e-09,8.59185e-07,-6.0715394
2016-01-30 00:00:00,-1.8089285,1.499643,-0.24553572,290.13333,8.851212,1.4906061,2.9166666666666665,-8.0,22.283333333333335,0.3333333333333333,1.1063672e-09,6.128521e-07,-6.2134423
2016-01-30 01:00:00,-2.2421668,0.68666667,-1.1229999,287.51633,9.038775,1.4938775,4.35,-6.0,21.916666666666668,0.3333333333333333,1.0056086e-09,5.0411995e-07,-6.2978897
2016-01-30 02:00:00,-1.9201666,1.5525,-0.32516667,287.648,9.2862,1.5378,3.566666666666667,-6.0,20.3,0.3333333333333333,1.1000348e-09,4.847542e-07,-6.3163166
2016-01-30 03:00:00,-2.4038332,1.7551666,0.047,284.4814,8.851627,1.431628,3.1166666666666667,-5.0,21.933333333333334,0.0,1.7567415e-09,5.0052483e-07,-6.3035192
2016-01-30 04:00:00,-1.9584,1.0876,-0.77940005,283.5889,9.494816,1.5281482,-0.8833333333333333,-6.0,27.266666666666666,0.0,1e-09,3.5600135e-07,-6.4499235
2016-01-30 05:00:00,-1.8363793,1.192931,-2.0837932,282.9896,9.47875,1.5179167,-1.3833333333333333,-5.0,42.38333333333333,0.0,1e-09,3.0392474e-07,-6.5175605
2016-01-30 06:00:00,-0.65183336,2.1956668,-1.3826667,284.38846,10.733846,1.7353846,-0.3333333333333333,-2.0,40.483333333333334,0.3333333333333333,1e-09,3.0403237e-07,-6.5175233
2016-01-30 07:00:00,-0.0023728812,1.559322,-1.7225423,283.57498,12.749167,2.0508335,-0.8833333333333333,-4.0,78.46666666666667,0.3333333333333333,1e-09,3.1282363e-07,-6.5067906
2016-01-30 08:00:00,-0.9395745,0.21553192,-1.7912767,275.12592,12.671111,1.9177778,-2.2333333333333334,-7.0,75.38333333333334,0.3333333333333333,1.0006919e-09,3.2751333e-07,-6.4859257
2016-01-30 09:00:00,-0.9235556,0.9013334,-1.7246667,275.84167,12.868751,1.9570833,-3.5166666666666666,-9.0,60.43333333333333,0.3333333333333333,1.0024219e-09,3.2357295e-07,-6.4929614
2016-01-30 10:00:00,-0.89416665,0.95666665,-1.7491666,277.34,12.632,1.944,-3.933333333333333,-11.0,86.15,0.3333333333333333,1e-09,2.836109e-07,-6.5474854
2016-01-30 11:00:00,,,,,,,-4.466666666666667,-12.0,97.06666666666666,0.3333333333333333,1.1219093e-09,2.8821694e-07,-6.542945
2016-01-30 12:00:00,,,,,,,-3.05,-11.0,96.1,0.3333333333333333,1.0039974e-09,3.0179893e-07,-6.5242057
2016-01-30 13:00:00,-3.01,1.248125,-0.25875002,265.31427,12.899285,1.8164285,-0.85,-7.0,45.75,0.3333333333333333,1e-09,2.9325895e-07,-6.5343947
2016-01-30 14:00:00,-3.138,1.1005,-0.4645,264.35452,12.785455,1.7872727,-1.2,-4.0,44.85,0.3333333333333333,1e-09,2.7158916e-07,-6.5665283
2016-01-30 15:00:00,,,,,,,-2.4,-5.0,59.93333333333333,0.6666666666666666,1e-09,2.8180438e-07,-6.550206
2016-01-30 16:00:00,-4.1666665,1.9066666,-0.87999994,263.1,12.55,1.7400001,-1.5166666666666666,-5.0,116.48333333333333,0.6666666666666666,1e-09,2.880017e-07,-6.541349
2016-01-30 17:00:00,-4.3876743,1.9558139,-0.48581395,262.01944,11.656111,1.6013889,1.8666666666666667,-4.0,51.13333333333333,0.6666666666666666,1e-09,3.314732e-07,-6.4801693
2016-01-30 18:00:00,-3.3643634,1.8872728,-0.1889091,267.7396,13.696458,1.9683332,3.7333333333333334,-2.0,27.8,0.0,1e-09,3.048018e-07,-6.516049
2016-01-30 19:00:00,-0.8563334,4.4605002,-1.575,280.18948,14.594737,2.2935088,5.483333333333333,-1.0,19.533333333333335,0.0,1.017791e-09,3.694644e-07,-6.434671
2016-01-30 20:00:00,-0.53172415,4.3448277,-2.0110345,285.08078,16.416924,2.6676924,6.15,0.0,20.183333333333334,0.0,1e-09,3.025713e-07,-6.5201597
2016-01-30 21:00:00,0.4137288,3.7457628,-2.9955933,281.37082,18.725208,2.9647915,7.3,2.0,24.633333333333333,0.6666666666666666,2.8279779e-09,3.645584e-07,-6.457635
2016-01-30 22:00:00,1.4365001,2.6896667,-3.2903333,278.48572,21.685953,3.362619,7.05,3.0,33.63333333333333,0.6666666666666666,1e-09,2.8995137e-07,-6.538282
2016-01-30 23:00:00,-0.76516664,4.1068335,-3.6095,278.97202,17.9822,2.7972,5.816666666666666,0.0,56.233333333333334,0.6666666666666666,1e-09,2.74556e-07,-6.561541
2016-01-31 00:00:00,-0.84966666,3.9736667,-4.9381666,277.775,18.599821,2.8717859,7.6,-3.0,149.55,1.0,1e-09,2.7330404e-07,-6.563401
2016-01-31 01:00:00,-0.15214285,3.8328571,-4.7364283,280.54288,21.428572,3.3728573,4.416666666666667,-6.0,117.95,1.0,1e-09,2.7661795e-07,-6.5583034
2016-01-31 02:00:00,0.05,4.348235,-5.2213726,280.56906,21.649048,3.4078572,3.6166666666666667,-5.0,109.88333333333334,1.0,1e-09,2.9056335e-07,-6.536989
2016-01-31 03:00:00,1.6025001,4.7585,-4.9603333,280.66046,20.77628,3.2730234,3.0833333333333335,-5.0,91.3,1.6666666666666665,1e-09,2.9222585e-07,-6.5346
2016-01-31 04:00:00,2.8723333,4.436167,-4.927333,281.87637,19.18,3.0438182,-0.7333333333333333,-7.0,113.55,1.6666666666666665,1e-09,2.7194253e-07,-6.565867
2016-01-31 05:00:00,3.5094597,3.947838,-5.998108,284.92917,15.262917,2.4766667,-4.85,-9.0,203.51666666666668,1.6666666666666665,1e-09,2.6649124e-07,-6.5744824
2016-01-31 06:00:00,4.193846,3.4666667,-5.730769,283.45712,15.990714,2.5707142,-13.033333333333333,-16.0,214.71666666666667,2.3333333333333335,1.0006919e-09,3.5021725e-07,-6.456487
2016-01-31 07:00:00,2.5305173,3.707931,-5.859655,284.60416,16.044584,2.5945833,-15.133333333333333,-19.0,203.65,2.3333333333333335,1e-09,3.065899e-07,-6.5142183
2016-01-31 08:00:00,1.8979311,2.7394826,-4.9681034,284.18335,21.828096,3.5242858,-15.483333333333333,-22.0,360.65,2.3333333333333335,1.152436e-09,3.1974372e-07,-6.5008807
2016-01-31 09:00:00,1.8913559,1.8952543,-5.881017,284.2525,15.52125,2.50275,-21.2,-24.0,385.73333333333335,2.3333333333333335,1.0023413e-09,2.992257e-07,-6.52536
2016-01-31 10:00:00,1.5665,3.7615001,-7.320833,281.09247,10.8122635,1.7083019,-22.816666666666666,-27.0,386.96666666666664,2.3333333333333335,1.3647387e-09,3.4083075e-07,-6.476907
2016-01-31 11:00:00,0.9468,3.26,-6.6488,278.2786,10.942857,1.6921428,-26.966666666666665,-31.0,327.55,2.3333333333333335,1.00173e-09,3.051599e-07,-6.5162215
2016-01-31 12:00:00,1.5708001,3.5726001,-5.1494,268.07742,14.321936,2.0612903,-25.066666666666666,-27.0,384.75,2.0,1.3024244e-09,3.0210177e-07,-6.520078
2016-01-31 13:00:00,2.4625862,3.006207,-3.9875863,269.02,18.7492,2.7148001,-17.983333333333334,-20.0,271.1666666666667,2.0,1.0501384e-09,2.8751123e-07,-6.5423374
2016-01-31 14:00:00,2.4265518,2.58,-4.9270687,272.72964,17.91926,2.6657407,-13.983333333333333,-15.0,187.48333333333332,2.0,1.0967884e-09,3.5598762e-07,-6.4501824
2016-01-31 15:00:00,1.8385185,1.912037,-6.550185,282.18723,15.682767,2.4838297,-16.133333333333333,-20.0,253.76666666666668,2.0,1.053893e-09,3.3535787e-07,-6.475554
2016-01-31 16:00:00,1.4125,4.0045,-6.9311666,288.6,11.0643635,1.8418182,-20.433333333333334,-27.0,356.2,2.0,1.176144e-09,3.3580898e-07,-6.476533
2016-01-31 17:00:00,2.8631666,3.3003335,-7.384333,287.51163,10.100232,1.6693023,-21.8,-32.0,336.6333333333333,2.0,1e-09,2.7668656e-07,-6.558127
2016-01-31 18:00:00,3.4155002,3.5379999,-7.4215,288.87555,10.163111,1.6957778,-22.366666666666667,-32.0,397.25,1.6666666666666665,1e-09,2.5551375e-07,-6.5928288
2016-01-31 19:00:00,3.4581668,3.233,-8.058001,290.74313,10.257255,1.734902,-24.983333333333334,-34.0,414.46666666666664,1.6666666666666665,3.6389813e-09,3.115476e-07,-6.5332007
2016-01-31 20:00:00,3.1209998,2.6091666,-8.904166,292.64084,10.525102,1.8046939,-30.5,-39.0,618.7166666666667,1.6666666666666665,1e-09,2.418301e-07,-6.616567
2016-01-31 21:00:00,3.1636539,2.0425,-8.195001,302.93784,12.981351,2.3975675,-34.983333333333334,-44.0,619.9166666666666,3.6666666666666665,1e-09,2.3976867e-07,-6.6202874
2016-01-31 22:00:00,5.025167,-0.73183334,-6.5703335,312.35416,12.805,2.4933333,-36.266666666666666,-43.0,567.3666666666667,3.6666666666666665,1e-09,2.626563e-07,-6.5813003
2016-01-31 23:00:00,4.8969493,1.747966,-7.631017,312.41788,14.174286,2.7655356,-39.766666666666666,-46.0,409.43333333333334,3.6666666666666665,2.1823823e-09,2.988951e-07,-6.536578
2016-02-01 00:00:00,2.3237932,2.9077585,-7.4556894,306.36002,20.05889,3.7675557,-36.78333333333333,-44.0,404.35,2.6666666666666665,1e-09,2.554214e-07,-6.5934734
2016-02-01 01:00:00,2.1567798,2.2032204,-7.8064404,306.898,20.3524,3.8323998,-41.15,-46.0,402.4,2.6666666666666665,1.3635597e-08,4.083127e-07,-6.457789
2016-02-01 02:00:00,2.553,3.3433335,-6.751,307.26315,24.06421,4.5442104,-43.18333333333333,-48.0,387.9166666666667,2.6666666666666665,1e-09,2.5645528e-07,-6.591143
2016-02-01 03:00:00,3.5203447,2.315,-6.6474137,308.27676,19.810698,3.7725582,-36.9,-44.0,294.4,3.6666666666666665,4.1964068e-09,3.3723003e-07,-6.499761
2016-02-01 04:00:00,5.777719,1.3564912,-6.4594736,304.3409,17.864317,3.31,-31.466666666666665,-38.0,473.3333333333333,3.6666666666666665,1.0805228e-09,3.3717632e-07,-6.4749618
2016-02-01 05:00:00,5.6701884,1.6032076,-6.8543396,301.59738,17.108685,3.1128948,-33.96666666666667,-41.0,309.96666666666664,3.6666666666666665,1.0010379e-09,3.495632e-07,-6.4567943
2016-02-01 06:00:00,5.628772,1.3812281,-6.3199997,300.8511,16.886223,3.0557775,-37.8,-45.0,451.5833333333333,2.3333333333333335,1e-09,3.4048395e-07,-6.4684114
2016-02-01 07:00:00,6.795714,-2.492245,-4.8897963,303.09705,14.552353,2.675,-45.15,-51.0,461.4,2.3333333333333335,1.0003345e-09,3.126979e-07,-6.5052996
2016-02-01 08:00:00,5.398966,-2.4772415,-3.5360343,305.3375,18.238499,3.44325,-48.3,-53.0,507.6333333333333,2.3333333333333335,1.000346e-09,3.3377702e-07,-6.4769163
2016-02-01 09:00:00,-0.75,1.732034,1.1038983,307.35,15.888541,3.0645835,-43.56666666666667,-49.0,406.85,2.3333333333333335,1e-09,3.0867122e-07,-6.51056
2016-02-01 10:00:00,-6.7139287,6.852679,3.527143,295.9207,7.308965,1.2789655,-31.7,-41.0,86.95,2.3333333333333335,1e-09,2.9818392e-07,-6.5258045
2016-02-01 11:00:00,-6.3913336,7.1971664,2.7635,297.97827,7.388913,1.3117391,-23.583333333333332,-34.0,55.53333333333333,2.3333333333333335,1e-09,2.800071e-07,-6.5530934
2016-02-01 12:00:00,-5.8476663,8.049167,0.9353333,301.68518,7.6566663,1.3944445,-20.583333333333332,-29.0,39.31666666666667,0.3333333333333333,1e-09,2.6525265e-07,-6.5763845
2016-02-01 13:00:00,-5.517586,8.157586,0.75844824,303.65634,7.9639997,1.4694545,-18.45,-26.0,62.016666666666666,0.3333333333333333,1e-09,2.644871e-07,-6.5778413
2016-02-01 14:00:00,-5.4938335,8.012667,0.7028333,300.88147,7.8561115,1.4188889,-16.416666666666668,-24.0,74.9,0.3333333333333333,1e-09,2.4385972e-07,-6.612942
2016-02-01 15:00:00,-4.713,7.3381667,0.45666665,292.24576,11.094914,1.8933898,-13.05,-21.0,70.9,0.3333333333333333,1.0266178e-09,2.8249963e-07,-6.5535183
2016-02-01 16:00:00,-4.811017,7.0940676,-0.7208474,293.78113,10.905472,1.8818867,-12.933333333333334,-21.0,81.28333333333333,0.3333333333333333,1.0216278e-09,2.7086736e-07,-6.5694194
2016-02-01 17:00:00,-3.4708,5.0896,2.0080001,285.7,16.645405,2.711892,-9.116666666666667,-16.0,50.65,0.3333333333333333,1e-09,2.8342797e-07,-6.54847
2016-02-01 18:00:00,-3.4184213,4.6249123,1.6740351,284.52618,17.04619,2.76,-7.85,-15.0,22.366666666666667,0.0,1.0003345e-09,3.2247993e-07,-6.4915404
2016-02-01 19:00:00,-3.4708333,4.9168334,0.75049996,280.02747,17.232744,2.7009804,-7.166666666666667,-14.0,17.35,0.0,1e-09,2.9516497e-07,-6.530151
2016-02-01 20:00:00,-3.6568334,4.237,0.21133332,275.28946,18.300701,2.7742107,-8.633333333333333,-14.0,16.883333333333333,0.0,1e-09,2.7941692e-07,-6.5539975
2016-02-01 21:00:00,-3.6001666,4.365667,-0.1815,270.57858,17.243572,2.5258927,-10.133333333333333,-14.0,19.716666666666665,0.0,1e-09,2.6790025e-07,-6.5720563
2016-02-01 22:00:00,-3.5333927,4.0258927,-0.6280357,269.32977,17.950426,2.6040425,-8.85,-11.0,16.233333333333334,0.0,1e-09,2.5041962e-07,-6.6015005
2016-02-01 23:00:00,-3.33125,3.461875,-1.3418751,270.8125,17.71125,2.60125,-5.55,-9.0,14.366666666666667,0.0,1e-09,2.581081e-07,-6.5904202
2016-02-02 00:00:00,-3.25,2.5421739,-1.391739,272.6355,19.590645,2.9112904,-3.3666666666666667,-10.0,17.2,0.0,1e-09,2.2941423e-07,-6.640242
2016-02-02 01:00:00,-3.4942594,2.1287036,-1.6411111,269.19473,20.314737,2.9452631,-2.216666666666667,-11.0,20.6,0.0,1e-09,2.298223e-07,-6.6407986
2016-02-02 02:00:00,-0.18716666,-2.0218332,-0.04583333,268.51016,18.061865,2.604237,-2.8333333333333335,-12.0,28.483333333333334,0.0,1e-09,2.3010047e-07,-6.6382914
2016-02-02 03:00:00,1.1494827,-5.165,0.782931,264.40222,17.587334,2.46,-1.5833333333333333,-11.0,34.65,0.0,1e-09,2.3342893e-07,-6.6321497
2016-02-02 04:00:00,0.31666666,-5.5966663,0.8025,273.5,21.773125,3.26375,1.2,-9.0,44.35,0.0,1.0707664e-09,2.6782442e-07,-6.577852
2016-02-02 05:00:00,-2.2596612,-5.004746,0.9861017,278.50626,24.702707,3.8329165,0.9833333333333333,-9.0,57.2,0.0,1.0500741e-09,2.966405e-07,-6.539033
2016-02-02 06:00:00,-1.732,-5.5355,1.413,276.5468,25.995108,3.9770212,0.16666666666666666,-9.0,148.21666666666667,1.0,1e-09,2.401797e-07,-6.620687
2016-02-02 07:00:00,-0.14272729,-6.144909,2.4047272,276.37442,28.49535,4.354651,3.466666666666667,-3.0,95.33333333333333,1.0,1e-09,2.3626082e-07,-6.631034
2016-02-02 08:00:00,-0.35745764,-6.041017,1.3233899,279.01086,31.309565,4.874565,5.766666666666667,1.0,43.733333333333334,1.0,1e-09,2.2326225e-07,-6.651891
2016-02-02 09:00:00,-0.745,-3.7955172,-2.3944829,278.92746,34.597645,5.3829412,7.133333333333334,3.0,39.483333333333334,0.6666666666666666,1e-09,2.2513723e-07,-6.6478
2016-02-02 10:00:00,-0.089333326,-4.313333,3.2313335,276.6143,37.260406,5.703265,6.983333333333333,1.0,32.63333333333333,0.6666666666666666,1e-09,2.3594e-07,-6.628178
2016-02-02 11:00:00,-0.25526315,-4.3624563,1.3614035,276.93784,39.968376,6.1278377,11.383333333333333,5.0,42.21666666666667,0.6666666666666666,1.0314297e-09,2.6465187e-07,-6.581859
2016-02-02 12:00:00,0.7303333,-5.4276667,-0.57,275.99124,39.83439,6.065965,14.0,9.0,36.25,1.3333333333333333,1.000669e-09,2.654709e-07,-6.5789247
2016-02-02 13:00:00,1.2858928,-0.37214285,5.2423215,278.70392,40.429214,6.2811766,14.366666666666667,10.0,62.25,1.3333333333333333,1e-09,2.500146e-07,-6.603546
2016-02-02 14:00:00,-0.55039215,1.3711765,-4.4858823,277.09567,42.55174,6.532174,12.833333333333334,9.0,118.56666666666666,1.3333333333333333,4.1469097e-08,7.261232e-07,-6.2255325
2016-02-02 15:00:00,-2.8096364,3.3905454,-3.377091,286.7625,32.31719,5.2075,7.033333333333333,4.0,255.96666666666667,2.0,2.471929e-08,9.4677574e-07,-6.028156
2016-02-02 16:00:00,-4.1288137,3.348983,-3.1632204,297.19183,23.003675,4.0142856,6.45,4.0,195.2,2.0,4.4079784e-09,6.376254e-07,-6.19696
2016-02-02 17:00:00,-5.7060347,3.4467242,-4.199655,329.20407,22.946735,4.988163,6.166666666666667,5.0,223.73333333333332,2.0,1.2510262e-09,5.495894e-07,-6.260294
2016-02-02 18:00:00,6.3838334,-3.7961667,4.698833,329.66342,23.683414,5.1502438,-1.3333333333333333,-1.0,282.35,2.0,1.4334327e-09,5.5001834e-07,-6.260988
2016-02-02 19:00:00,5.6849093,-3.1430907,3.5376365,332.03217,25.366787,5.607143,1.7,-1.0,138.4,2.0,1.255129e-09,4.8065107e-07,-6.3262396
2016-02-02 20:00:00,3.0416667,-5.840667,-0.11983331,326.58276,26.451035,5.6549997,3.5,1.0,100.4,2.0,1e-09,3.6206836e-07,-6.442363
2016-02-02 21:00:00,-0.97803575,-6.2014284,-0.85571426,331.186,20.796001,4.512,-7.05,-11.0,314.0,2.6666666666666665,1e-09,3.0808482e-07,-6.512074
2016-02-02 22:00:00,-6.445283,-2.036415,-7.712453,347.07574,9.5881815,2.3084848,-14.9,-18.0,195.1,2.6666666666666665,1.000346e-09,3.636563e-07,-6.440916
2016-02-02 23:00:00,-5.9841666,-1.3514999,-7.6098332,353.4643,10.437142,2.6082141,-24.666666666666668,-28.0,291.1166666666667,2.6666666666666665,1.0070098e-09,4.582871e-07,-6.339744
2016-02-03 00:00:00,-5.550833,-1.8725,-7.6126666,354.8436,9.632051,2.423846,-35.81666666666667,-41.0,566.6,4.0,1e-09,3.8803086e-07,-6.4115953
2016-02-03 01:00:00,-4.899167,-2.4805,-7.487,354.68387,9.927096,2.4951613,-51.0,-54.0,584.1166666666667,4.0,1e-09,3.695325e-07,-6.433192
2016-02-03 02:00:00,-4.428889,-2.3848147,-7.5483336,357.9784,10.829459,2.78,-56.166666666666664,-57.0,663.1333333333333,4.0,4.5484216e-09,5.4426556e-07,-6.2792745
2016-02-03 03:00:00,-4.6245284,-2.4237738,-6.769434,360.41516,11.460303,2.9715152,-50.333333333333336,-55.0,583.85,4.666666666666667,1.1062973e-09,4.6193998e-07,-6.3420405
2016-02-03 04:00:00,-4.6084785,-1.1506522,-6.7315216,360.41714,11.509143,2.9874284,-45.46666666666667,-54.0,538.2333333333333,4.666666666666667,1.9693331e-09,4.29603e-07,-6.373965
2016-02-03 05:00:00,-5.2752633,3.5573685,-3.2321053,358.91666,15.855238,4.087381,-40.083333333333336,-52.0,308.06666666666666,4.666666666666667,1.6189895e-09,5.479673e-07,-6.263434
2016-02-03 06:00:00,-1.9276363,3.942,-0.18345453,364.3822,14.815999,3.9251113,-34.9,-45.0,136.06666666666666,2.6666666666666665,1.4873855e-09,5.3951413e-07,-6.2702684
2016-02-03 07:00:00,-1.6808333,4.3341665,1.4526668,367.4289,15.665334,4.219556,-29.733333333333334,-40.0,241.51666666666668,2.6666666666666665,1.000669e-09,4.3581076e-07,-6.361026
2016-02-03 08:00:00,-0.8558491,3.989434,2.8230188,371.24872,15.426154,4.2510257,-28.283333333333335,-36.0,218.08333333333334,2.6666666666666665,1.0457231e-09,5.297801e-07,-6.277511
2016-02-03 09:00:00,-0.83000004,2.757966,5.4772882,367.5911,14.922222,4.0322223,-25.566666666666666,-32.0,165.15,1.0,1e-09,4.5539076e-07,-6.34272
2016-02-03 10:00:00,-0.23157895,-0.9654386,6.744737,366.12195,14.560245,3.9053657,-19.483333333333334,-27.0,49.38333333333333,1.0,1.0010033e-09,4.32851e-07,-6.363789
2016-02-03 11:00:00,-2.1063793,2.1084483,5.5646553,357.16,14.41775,3.67825,-14.666666666666666,-24.0,26.2,1.0,2.6828855e-09,5.4651315e-07,-6.2756085
2016-02-03 12:00:00,-2.5054238,3.3128815,5.898644,353.56177,14.482647,3.6211765,-11.966666666666667,-20.0,33.583333333333336,0.6666666666666666,1.0015912e-08,8.8668105e-07,-6.054172
2016-02-03 13:00:00,-0.92137927,2.193793,6.5034485,361.92856,14.440816,3.7906125,-9.9,-16.0,35.78333333333333,0.6666666666666666,1.8436387e-09,6.310987e-07,-6.201655
2016-02-03 14:00:00,-3.571207,3.487069,6.9706893,360.5643,12.126429,3.145476,-8.116666666666667,-14.0,40.7,0.6666666666666666,6.2900454e-09,6.567343e-07,-6.1915708
2016-02-03 15:00:00,-4.316167,6.1748333,4.2285,374.29794,8.7606125,2.447347,-8.816666666666666,-17.0,37.666666666666664,1.0,2.6225429e-08,9.962672e-07,-6.033992
2016-02-03 16:00:00,-3.2338984,8.104576,1.0357627,383.6234,7.422979,2.1870213,-9.216666666666667,-19.0,32.15,1.0,8.549675e-09,6.4949467e-07,-6.2051597
2016-02-03 17:00:00,-4.0122414,9.436034,1.480862,396.02692,4.935769,1.5496154,-10.3,-20.0,36.96666666666667,1.0,1.0643968e-09,4.899179e-07,-6.311115
2016-02-03 18:00:00,-2.794386,8.113859,4.9124565,383.61176,5.4294114,1.5952941,-10.333333333333334,-19.0,43.53333333333333,0.6666666666666666,3.1939176e-09,5.024975e-07,-6.306742
2016-02-03 19:00:00,-5.8335004,8.968333,0.69733334,382.31876,5.8464584,1.7114583,-13.366666666666667,-23.0,31.1,0.6666666666666666,1.001384e-09,4.1569783e-07,-6.382174
2016-02-03 20:00:00,-2.723962,6.286981,4.5088677,404.293,7.0204654,2.2967443,-13.233333333333333,-22.0,24.333333333333332,0.6666666666666666,1.0006919e-09,4.0679086e-07,-6.3918486
2016-02-03 21:00:00,-2.9778948,5.1357894,5.549474,396.39026,7.1334147,2.242439,-12.483333333333333,-19.0,20.316666666666666,0.3333333333333333,1.9554476e-09,4.720308e-07,-6.3321
2016-02-03 22:00:00,-4.765763,6.66339,2.671017,388.71487,6.608298,1.9929787,-10.533333333333333,-15.0,21.3,0.3333333333333333,6.6731185e-09,6.3206704e-07,-6.210169
2016-02-03 23:00:00,-3.2357628,7.621356,2.38661,404.00558,5.667963,1.8522222,-5.85,-11.0,19.633333333333333,0.3333333333333333,1.000346e-09,4.830353e-07,-6.316933
2016-02-04 00:00:00,-3.140862,7.6925864,2.732931,396.07883,5.1326923,1.6096153,-3.95,-10.0,15.133333333333333,0.3333333333333333,1.0040028e-09,4.7824227e-07,-6.3212743
2016-02-04 01:00:00,-3.9961667,7.5691667,0.7441667,391.85358,4.716786,1.4483929,-3.7,-10.0,15.566666666666666,0.3333333333333333,1e-09,4.2026116e-07,-6.3768215
2016-02-04 02:00:00,-3.0175862,5.3506894,3.5322413,400.9904,5.7565384,1.8538462,-2.316666666666667,-11.0,16.25,0.3333333333333333,3.2431657e-09,4.6305288e-07,-6.342057
2016-02-04 03:00:00,-0.62633336,5.811667,2.2236667,402.60242,5.784634,1.8758538,-1.3,-10.0,11.983333333333333,0.3333333333333333,6.4486394e-09,5.9837873e-07,-6.2411084
2016-02-04 04:00:00,-0.7866667,6.059,3.9103332,401.9857,5.9350004,1.9171429,-1.6833333333333333,-10.0,12.816666666666666,0.3333333333333333,3.9193995e-09,6.45264e-07,-6.2028227
2016-02-04 05:00:00,0.8201695,3.9528813,3.9147458,410.5691,6.890546,2.3276365,0.4666666666666667,-7.0,13.783333333333333,0.3333333333333333,1.0006804e-09,4.741044e-07,-6.3246026
2016-02-04 06:00:00,1.371356,1.7754238,3.3154237,414.58777,7.5512247,2.5940816,0.4166666666666667,-5.0,19.4,1.3333333333333333,2.6190456e-09,5.622882e-07,-6.256419
2016-02-04 07:00:00,-0.08145454,4.746182,1.0909091,408.19354,7.3003225,2.43,1.6166666666666667,-2.0,80.33333333333333,1.3333333333333333,4.7261812e-09,5.8329414e-07,-6.2433853
2016-02-04 08:00:00,-1.9874074,4.798333,0.83962965,411.34616,7.9697437,2.6953847,4.333333333333333,1.0,135.53333333333333,1.3333333333333333,4.0962767e-09,6.7812346e-07,-6.1702313
2016-02-04 09:00:00,-3.608305,6.56,-0.3213559,413.53018,7.4537735,2.5503774,5.05,3.0,64.75,1.6666666666666665,4.8102944e-09,6.7805684e-07,-6.17164
2016-02-04 10:00:00,-5.1260715,1.1082143,-0.51142853,413.4694,7.847347,2.6820407,4.45,2.0,69.43333333333334,1.6666666666666665,9.870417e-09,8.6898393e-07,-6.061746
2016-02-04 11:00:00,-5.5309525,-0.30190474,-2.8080952,415.53333,7.8633337,2.7144444,1.3666666666666667,-2.0,134.38333333333333,1.6666666666666665,6.833431e-09,8.2486065e-07,-6.0839133
2016-02-04 12:00:00,-2.6185107,6.4506383,1.8610638,458.36,6.3882856,2.6714287,2.1166666666666667,1.0,434.7,2.3333333333333335,4.698773e-08,1.2036695e-06,-5.9408793
2016-02-04 13:00:00,-6.124915,6.9022036,1.0969492,435.15314,5.9834375,2.266875,4.683333333333334,2.0,245.31666666666666,2.3333333333333335,2.265455e-08,1.025474e-06,-5.9924874
2016-02-04 14:00:00,-7.04339,6.419661,-1.0294915,422.55096,5.662941,2.0227451,2.716666666666667,0.0,52.56666666666667,2.3333333333333335,3.724823e-08,1.1033807e-06,-5.9772487
2016-02-04 15:00:00,-5.487797,6.559661,-0.9477966,441.20978,7.1888237,2.841961,4.4,1.0,103.86666666666666,1.6666666666666665,1.33169245e-08,9.103563e-07,-6.041537
2016-02-04 16:00:00,-2.3480701,8.917719,3.3970177,467.14682,7.678298,3.3480852,6.0,0.0,166.01666666666668,1.6666666666666665,4.1091276e-08,1.1902968e-06,-5.964742
2016-02-04 17:00:00,-3.621017,9.792203,1.7115254,458.4077,8.044615,3.3833332,5.483333333333333,-1.0,53.15,1.6666666666666665,2.3589589e-08,1.0935979e-06,-5.971215
2016-02-04 18:00:00,-6.0633335,6.732407,-1.4107407,447.52502,7.645,3.0680554,4.366666666666666,-1.0,43.61666666666667,1.3333333333333333,1.1346823e-07,1.6778502e-06,-5.8580694
2016-02-04 19:00:00,-3.8718333,8.227167,2.9766667,446.24316,6.946591,2.7679546,2.5833333333333335,-3.0,141.61666666666667,1.3333333333333333,8.241942e-09,8.4558576e-07,-6.075734
2016-02-04 20:00:00,-3.8698115,8.270944,1.4843396,436.8125,6.886875,2.6254165,0.6833333333333333,-3.0,59.81666666666667,1.3333333333333333,-14999.85,-14999.85,-6.177909
2016-02-04 21:00:00,-4.2634997,7.1735,1.1946666,426.21863,7.2467437,2.630465,-0.38333333333333336,-3.0,32.083333333333336,0.6666666666666666,1.4861008e-09,5.6870533e-07,-6.245979
2016-02-04 22:00:00,-5.2874575,7.6181355,1.2728814,411.77884,7.241923,2.458846,2.9833333333333334,1.0,18.15,0.6666666666666666,3.1018936e-09,5.423851e-07,-6.270796
2016-02-04 23:00:00,-1.6706122,4.3581634,0.93510205,425.54144,7.8439026,2.859512,9.833333333333334,5.0,17.683333333333334,0.6666666666666666,1.0303552e-09,4.86124e-07,-6.3136206
2016-02-05 00:00:00,-6.1625533,3.1489363,-1.9968085,407.91156,8.015385,2.6696155,10.466666666666667,5.0,84.1,2.6666666666666665,4.7817707e-08,9.4572135e-07,-6.107184
2016-02-05 01:00:00,-5.0016665,6.57875,-0.624375,421.59247,7.35,2.60175,0.9,-4.0,227.78333333333333,2.6666666666666665,2.5433708e-08,9.883158e-07,-6.0396914
2016-02-05 02:00:00,-6.941964,4.5335717,-4.417321,439.3791,6.323488,2.4416277,0.38333333333333336,-8.0,138.38333333333333,2.6666666666666665,1.1173233e-09,5.2555623e-07,-6.2806354
2016-02-05 03:00:00,-2.5716949,6.8033895,0.071694925,464.35214,7.0945654,3.0645652,-1.95,-12.0,129.41666666666666,3.3333333333333335,4.346394e-09,5.4559206e-07,-6.26755
2016-02-05 04:00:00,-1.6747826,1.1191304,-6.6426086,473.22574,7.343428,3.290857,2.6,-9.0,134.31666666666666,3.3333333333333335,1.0075261e-09,5.2779626e-07,-6.2778172
2016-02-05 05:00:00,-4.680741,2.8548148,-3.6183333,453.80667,6.946223,2.8626668,-3.3,-14.0,467.1666666666667,3.3333333333333335,1.1893003e-09,4.6534336e-07,-6.3329315
2016-02-05 06:00:00,-3.8774998,4.9081664,1.2463334,461.5439,6.5717072,2.7992682,-7.8,-16.0,195.33333333333334,2.3333333333333335,1.0093781e-09,4.3578612e-07,-6.3613896
2016-02-05 07:00:00,-3.5973332,1.3805001,-0.368,469.17358,6.688113,2.9383018,-7.016666666666667,-13.0,61.166666666666664,2.3333333333333335,4.0079556e-08,9.805233e-07,-6.1030307
2016-02-05 08:00:00,-3.9053571,-1.2301786,-1.6230357,468.97562,6.7219515,2.945122,-7.05,-12.0,82.15,2.3333333333333335,4.763715e-09,5.55911e-07,-6.266507
2016-02-05 09:00:00,-2.1621666,-3.5993335,-0.6021667,483.19574,5.4738297,2.555319,-10.75,-14.0,291.21666666666664,2.3333333333333335,2.0125592e-09,4.7214928e-07,-6.33147
2016-02-05 10:00:00,-3.521695,-0.46491525,-2.5954237,476.14,5.6606665,2.5617778,-7.983333333333333,-14.0,358.4,2.3333333333333335,7.941971e-09,4.123786e-07,-6.3858113
2016-02-05 11:00:00,-4.1598215,-1.1210715,0.07857143,469.05115,5.6,2.459535,-6.75,-15.0,162.76666666666668,2.3333333333333335,2.5960758e-09,4.2636051e-07,-6.3737803
2016-02-05 12:00:00,-3.5111866,-0.9377966,-0.56288135,471.63657,5.217561,2.3187804,-3.1333333333333333,-12.0,73.98333333333333,2.0,1.0257568e-09,4.0735665e-07,-6.3910046
2016-02-05 13:00:00,-3.337414,-0.27155173,-0.77775866,474.34888,4.8933334,2.2008889,-4.983333333333333,-13.0,116.33333333333333,2.0,8.34491e-09,5.772874e-07,-6.25624
2016-02-05 14:00:00,-3.484375,2.4541667,-1.9499999,469.775,4.870625,2.1453125,-4.366666666666666,-10.0,272.06666666666666,2.0,2.7867861e-09,3.997888e-07,-6.398331
2016-02-05 15:00:00,-3.4505455,1.036,-2.2830908,470.45715,5.0553064,2.232041,-3.8333333333333335,-10.0,148.65,2.0,1.9953923e-09,4.423956e-07,-6.354752
2016-02-05 16:00:00,-2.964035,-0.79052633,-0.37052634,474.40488,4.8236585,2.166829,-5.416666666666667,-15.0,241.01666666666668,2.0,1.6673958e-09,4.4655624e-07,-6.3521576
2016-02-05 17:00:00,-3.2437289,-1.0196611,-2.528983,466.92917,4.3120832,1.88,-5.75,-18.0,223.98333333333332,2.0,1.273298e-09,4.4661417e-07,-6.3514953
2016-02-05 18:00:00,-1.7614,0.24460001,-3.6164002,476.3393,4.05,1.8360714,-9.466666666666667,-20.0,273.46666666666664,2.3333333333333335,3.3739167e-09,4.9173e-07,-6.3156643
2016-02-05 19:00:00,-2.9492857,1.03125,-2.9385715,466.2884,4.3781395,1.8990699,-12.466666666666667,-20.0,258.85,2.3333333333333335,1.165825e-08,6.413718e-07,-6.2027817
2016-02-05 20:00:00,-2.6803389,2.0054238,-2.0962713,468.17023,4.688298,2.05,-12.5,-18.0,156.51666666666668,2.3333333333333335,1.2576654e-08,7.3905943e-07,-6.1315413
2016-02-05 21:00:00,-2.0766666,2.1326666,-2.5977778,470.4276,4.6527586,2.0582757,-15.05,-18.0,124.7,2.0,1.5471374e-08,8.90638e-07,-6.05184
2016-02-05 22:00:00,-2.6246874,2.069375,-1.4440625,467.295,4.773,2.0805001,-10.833333333333334,-14.0,165.03333333333333,2.0,1.26153e-08,9.5277625e-07,-6.021102
2016-02-05 23:00:00,-2.1474001,3.4104002,0.31320003,467.17178,4.3510256,1.8976923,-2.533333333333333,-8.0,84.01666666666667,2.0,6.2601133e-09,8.0908114e-07,-6.093125
2016-02-06 00:00:00,-1.6389655,0.91810346,2.3510344,468.41962,4.2445097,1.86,2.1,-4.0,47.36666666666667,1.6666666666666665,1.637461e-09,6.826442e-07,-6.1665144
2016-02-06 01:00:00,-0.41349998,0.33816668,2.5835,472.85953,3.9616666,1.7697619,3.6166666666666667,-3.0,55.4,1.6666666666666665,1.0908335e-09,5.659646e-07,-6.248097
2016-02-06 02:00:00,-1.1008162,-1.0175511,2.280204,464.31668,4.188611,1.8083333,0.9833333333333333,-5.0,81.86666666666666,1.6666666666666665,1.3624983e-09,5.0634685e-07,-6.296672
2016-02-06 03:00:00,-2.0308332,0.80983335,2.0544999,455.97708,4.311667,1.7908334,-5.45,-10.0,120.81666666666666,2.3333333333333335,1.7920666e-08,8.094701e-07,-6.1057987
2016-02-06 04:00:00,-3.1385,-0.1655,1.2321666,447.0729,4.448125,1.7785417,-9.533333333333333,-15.0,98.31666666666666,2.3333333333333335,6.3623116e-09,7.021735e-07,-6.158842
2016-02-06 05:00:00,-1.2215,0.024000006,2.2566667,454.17035,4.3514814,1.7933334,-8.2,-16.0,80.93333333333334,2.3333333333333335,1.0310156e-09,5.213332e-07,-6.2833314
2016-02-06 06:00:00,-1.954091,-0.25386363,2.2288637,442.69998,4.1896553,1.6403449,-7.366666666666666,-15.0,91.65,1.3333333333333333,1.0010265e-09,4.6926866e-07,-6.3290815
2016-02-06 07:00:00,-0.38759258,1.5551852,2.9037037,452.93637,3.8484848,1.5793939,-5.383333333333334,-13.0,91.7,1.3333333333333333,1.001384e-09,4.1009977e-07,-6.3872633
2016-02-06 08:00:00,0.27271184,1.6608474,-0.004237289,453.82175,3.9463043,1.6260871,-4.15,-11.0,106.83333333333333,1.3333333333333333,1.0561682e-09,4.297699e-07,-6.368975
2016-02-06 09:00:00,0.27244443,0.11622221,-2.3844445,447.11002,4.0515,1.6205,-4.133333333333334,-10.0,101.41666666666667,1.3333333333333333,1e-09,3.981778e-07,-6.400333
2016-02-06 10:00:00,-1.4214584,-0.108958334,-1.6291666,435.71945,3.9444444,1.4997222,-6.933333333333334,-13.0,268.01666666666665,1.3333333333333333,1.6161401e-09,3.8137748e-07,-6.4187646
2016-02-06 11:00:00,-1.4203334,0.9535,-1.6474999,434.55817,3.891091,1.4694545,-4.883333333333334,-10.0,202.53333333333333,1.3333333333333333,1.7113471e-09,4.0662908e-07,-6.3911114
2016-02-06 12:00:00,-2.2946668,-0.17566666,-1.2273333,428.53,3.8592002,1.4169999,-3.9166666666666665,-7.0,118.7,1.3333333333333333,1.7491028e-09,4.009663e-07,-6.396929
2016-02-06 13:00:00,-2.5688334,0.49466667,-0.541,427.72916,4.059583,1.48375,-1.6666666666666667,-5.0,60.13333333333333,1.3333333333333333,3.1443332e-09,4.627313e-07,-6.3357368
2016-02-06 14:00:00,-2.4291666,0.97033334,-0.27916667,426.8,3.8602383,1.4047619,-1.3166666666666667,-6.0,45.2,1.3333333333333333,3.0133582e-09,5.325093e-07,-6.2796297
2016-02-06 15:00:00,-1.2440678,1.6418644,-1.9491526,431.3389,3.5333333,1.3166666,-0.6666666666666666,-9.0,109.98333333333333,1.6666666666666665,2.4935263e-09,4.649167e-07,-6.336031
2016-02-06 16:00:00,-1.3982759,1.4001724,-1.992069,435.5872,4.4835896,1.7164103,1.15,-11.0,125.3,1.6666666666666665,1.0886395e-09,4.4065885e-07,-6.3570232
2016-02-06 17:00:00,-0.026666675,1.6670175,-1.8736843,444.0442,5.1823254,2.0516279,3.9166666666666665,-8.0,184.7,1.6666666666666665,3.6383567e-09,5.227239e-07,-6.2870207
2016-02-06 18:00:00,0.7723729,0.37406778,-0.97050846,445.09122,5.414912,2.1508772,2.0166666666666666,-5.0,175.5,1.6666666666666665,4.1193773e-09,5.181408e-07,-6.28949
2016-02-06 19:00:00,-0.20083334,2.2856667,-1.135,438.12222,5.5016665,2.1146297,-2.35,-4.0,167.13333333333333,1.6666666666666665,7.1920345e-09,5.6680557e-07,-6.258087
2016-02-06 20:00:00,-2.042034,2.3098304,-3.7854238,425.67917,5.711042,2.068125,-5.35,-5.0,152.33333333333334,1.6666666666666665,2.3410949e-09,4.860827e-07,-6.316611
2016-02-06 21:00:00,-1.2273333,3.437,-2.257,426.74,5.5594544,2.0263636,-6.35,-3.0,203.05,2.3333333333333335,3.1338994e-09,5.022187e-07,-6.3027396
2016-02-06 22:00:00,-2.3325,2.4991667,-2.5566666,420.26666,5.962222,2.1055555,-0.16666666666666666,0.0,198.68333333333334,2.3333333333333335,1.4323109e-08,7.636501e-07,-6.1351867
2016-02-06 23:00:00,,,,,,,-3.2,-6.0,193.15,2.3333333333333335,1.515554e-09,5.3945695e-07,-6.273435
2016-02-07 00:00:00,-3.6152544,3.021017,-1.1640677,404.52036,6.4990745,2.1285186,-2.1,-7.0,206.08333333333334,2.0,1.0562482e-09,4.2515993e-07,-6.372212
2016-02-07 01:00:00,-0.79899997,3.9323335,-1.2261666,411.22745,7.3403916,2.4919608,2.1333333333333333,-4.0,56.9,2.0,2.6230424e-09,4.975763e-07,-6.309304
2016-02-07 02:00:00,-0.40491524,4.2828813,-0.04033898,408.8482,7.7130356,2.5810714,3.8833333333333333,-2.0,36.03333333333333,2.0,1.4624162e-09,4.8714736e-07,-6.316584
2016-02-07 03:00:00,-0.28033897,4.277966,1.0044068,403.88,7.6047997,2.4824,5.583333333333333,-1.0,32.86666666666667,0.3333333333333333,1.0164168e-09,4.6529345e-07,-6.333038
2016-02-07 04:00:00,0.9237255,3.7,2.692353,402.84906,7.3328304,2.3828301,5.566666666666666,-3.0,21.983333333333334,0.3333333333333333,1.9423148e-08,8.314844e-07,-6.105112
2016-02-07 05:00:00,1.6360345,2.531724,3.4063795,398.35403,7.1072974,2.2572973,4.483333333333333,-4.0,19.966666666666665,0.3333333333333333,1.1200997e-09,6.130956e-07,-6.2127275
2016-02-07 06:00:00,2.0553334,-1.4913334,2.414,400.52322,10.276607,3.2969644,9.866666666666667,3.0,36.516666666666666,1.0,2.4312898e-09,5.940185e-07,-6.2289033
2016-02-07 07:00:00,0.51576275,-1.2761017,3.5469491,393.1755,9.466327,2.922041,7.85,1.0,39.85,1.0,1.3082796e-09,5.16905e-07,-6.287283
2016-02-07 08:00:00,1.4398277,-1.8381034,2.255862,395.37677,9.005357,2.8155358,10.55,3.0,36.95,1.0,1.7117154e-09,6.1865063e-07,-6.2113037
2016-02-07 09:00:00,-0.66310346,-4.284655,-0.17000002,392.69348,11.512174,3.5345652,5.516666666666667,-1.0,37.1,1.3333333333333333,1.0006804e-09,4.906202e-07,-6.309893
2016-02-07 10:00:00,-1.3253449,-5.0696554,-2.202069,401.02325,5.495116,1.7667443,-2.55,-8.0,81.7,1.3333333333333333,8.994347e-09,5.973178e-07,-6.242195
2016-02-07 11:00:00,-2.1225424,-4.274915,-3.7774575,401.26382,4.9540424,1.5968086,-5.633333333333334,-12.0,296.96666666666664,1.3333333333333333,1.8769517e-08,6.961329e-07,-6.194035
2016-02-07 12:00:00,-2.6648333,-3.207,-4.426,403.575,5.2009616,1.6942308,-7.883333333333334,-14.0,468.73333333333335,2.0,4.0822346e-08,1.1295266e-06,-6.034417
2016-02-07 13:00:00,-3.0238597,-1.9450878,-4.8324566,402.5927,5.3903637,1.7467272,-13.033333333333333,-15.0,395.5,2.0,3.5818435e-09,3.990029e-07,-6.39982
2016-02-07 14:00:00,-2.2978573,-1.557381,-5.115238,396.28183,5.5454545,1.739091,-19.366666666666667,-17.0,262.93333333333334,2.0,2.0315407e-09,4.6060157e-07,-6.3376527
2016-02-07 15:00:00,-2.2882454,-1.5059649,-4.85386,393.895,6.0950003,1.8915001,-17.35,-19.0,274.0,3.6666666666666665,1.4643724e-09,4.5512152e-07,-6.3421693
2016-02-07 16:00:00,-1.4958181,-1.4318181,-5.0054545,389.49783,6.208478,1.8804348,-5.116666666666666,-20.0,669.4333333333333,3.6666666666666665,7.889205e-09,4.5552204e-07,-6.3424506
2016-02-07 17:00:00,-0.24847457,-0.38305086,-5.007288,382.88095,6.3995237,1.8790476,-22.55,-22.0,628.6333333333333,3.6666666666666665,9.132958e-09,5.3744844e-07,-6.276847
2016-02-07 18:00:00,0.55,0.77474576,-4.4311867,380.08823,5.819216,1.6813725,-26.716666666666665,-25.0,455.9,2.0,1.4623823e-09,4.4601086e-07,-6.351398
2016-02-07 19:00:00,1.6841667,0.62049997,-3.7743335,376.35,5.9992857,1.6988095,-25.016666666666666,-24.0,557.7666666666667,2.0,1.041051e-09,4.0963667e-07,-6.3885484
2016-02-07 20:00:00,1.1994339,-0.14339624,-2.663585,379.81763,6.8811765,1.9894117,-24.466666666666665,-23.0,426.1666666666667,2.0,1.0211588e-09,3.533181e-07,-6.4519205
2016-02-07 21:00:00,0.71716666,-0.90333337,-4.548,380.36667,4.941228,1.4294738,-21.533333333333335,-23.0,400.96666666666664,2.0,1.002665e-09,3.687925e-07,-6.4334803
2016-02-07 22:00:00,1.1675,0.24733332,-5.1165,381.8736,5.7203774,1.6686792,-16.85,-23.0,423.0833333333333,2.0,1.000346e-09,3.6615592e-07,-6.436584
2016-02-07 23:00:00,1.4285965,-0.5549123,-6.4533334,390.59482,8.777413,2.6943104,-7.816666666666666,-24.0,428.0833333333333,2.0,1e-09,3.7373835e-07,-6.428363
2016-02-08 00:00:00,0.3166,-1.6683999,-6.2552004,398.78204,15.116155,4.8146157,-24.35,-30.0,428.8,5.0,1e-09,3.4401143e-07,-6.4639716
2016-02-08 01:00:00,1.9623333,-1.4373333,-7.4018335,392.61017,14.347458,4.418983,-27.566666666666666,-30.0,612.2,5.0,1e-09,3.2075434e-07,-6.493872
2016-02-08 02:00:00,2.4472413,-1.985862,-5.429138,381.925,18.656591,5.4359093,-30.033333333333335,-32.0,631.3666666666667,5.0,1e-09,3.261039e-07,-6.4867997
2016-02-08 03:00:00,3.4066668,-2.9157894,-2.0587718,394.38626,17.779804,5.527255,-25.316666666666666,-32.0,335.3333333333333,4.333333333333333,1.5097181e-09,3.7030136e-07,-6.435152
2016-02-08 04:00:00,4.2118335,-6.1711664,-2.075,393.38248,9.26579,2.87807,-27.516666666666666,-35.0,248.56666666666666,4.333333333333333,1.0127875e-09,3.7896677e-07,-6.4238186
2016-02-08 05:00:00,7.058644,-5.1277966,-0.9432204,385.23215,7.9433928,2.3555357,-33.11666666666667,-40.0,372.85,4.333333333333333,2.359652e-08,9.4779625e-07,-6.0497446
2016-02-08 06:00:00,5.872182,-1.8436364,-6.429273,404.86667,7.20375,2.3595834,-31.483333333333334,-40.0,749.1666666666666,4.333333333333333,1.6603745e-09,5.6758904e-07,-6.2509546
2016-02-08 07:00:00,6.280345,-4.1748276,-1.0453448,424.12692,6.3048077,2.2653847,-44.46666666666667,-45.0,559.0,4.333333333333333,2.0610311e-09,4.145374e-07,-6.382913
2016-02-08 08:00:00,0.16683334,-2.6816666,4.178167,451.58667,5.335111,2.1753333,-35.06666666666667,-39.0,204.08333333333334,4.333333333333333,1.3692577e-09,3.885451e-07,-6.4121857
2016-02-08 09:00:00,4.2833333,-0.08543858,-0.9533333,443.35602,6.5944,2.591,-24.2,-30.0,105.18333333333334,1.6666666666666665,1e-09,3.8218025e-07,-6.417897
2016-02-08 10:00:00,1.0877966,4.6008477,-0.6362712,441.88095,6.045,2.359762,-19.766666666666666,-27.0,156.96666666666667,1.6666666666666665,1e-09,3.8270375e-07,-6.417499
2016-02-08 11:00:00,-3.7486665,3.9115,3.4966667,440.45602,4.231,1.641,-22.75,-29.0,205.6,1.6666666666666665,1.0307039e-09,3.8023322e-07,-6.4200406
2016-02-08 12:00:00,-2.7932758,-2.3701725,4.537069,428.7468,3.8902128,1.4308511,-22.366666666666667,-28.0,68.05,1.3333333333333333,1.003011e-09,3.616096e-07,-6.442226
2016-02-08 13:00:00,-2.8339286,-2.9142857,-0.26857144,430.2615,3.8761537,1.4361539,-21.383333333333333,-27.0,62.0,1.3333333333333333,1.0006919e-09,3.573078e-07,-6.4476337
2016-02-08 14:00:00,-3.6496665,-2.4480002,-1.1138333,426.9544,3.199649,1.1682456,-22.0,-29.0,100.3,1.3333333333333333,1e-09,3.5988344e-07,-6.444202
2016-02-08 15:00:00,1.6705556,1.5288888,0.18462963,404.49722,2.7555554,0.9002778,-20.55,-28.0,78.06666666666666,1.0,1e-09,3.4668668e-07,-6.4602304
2016-02-08 16:00:00,3.7385714,2.3114285,-0.31285715,395.12857,2.9071429,0.9071428,-20.966666666666665,-29.0,38.28333333333333,1.0,3.9708037e-09,4.875068e-07,-6.326627
2016-02-08 17:00:00,,,,,,,-19.25,-27.0,35.9,1.0,1.0019802e-09,3.7375924e-07,-6.4276204
2016-02-08 18:00:00,3.3632205,0.6464407,0.8779661,367.15924,4.8377776,1.3037038,-16.066666666666666,-22.0,33.483333333333334,1.0,1e-09,3.4632473e-07,-6.4606786
2016-02-08 19:00:00,5.1417394,-0.17391305,-1.5393478,365.13333,5.4366665,1.4480556,-14.4,-18.0,24.066666666666666,1.0,1.0072915e-09,3.6966497e-07,-6.4331045
2016-02-08 20:00:00,4.3073583,-2.4979246,0.020377334,366.98096,5.971429,1.6057143,-14.516666666666667,-18.0,50.61666666666667,1.0,1.028321e-09,3.945032e-07,-6.4048586
2016-02-08 21:00:00,4.0101666,-2.314,2.0328333,364.11063,6.2751064,1.6674469,-14.3,-19.0,44.93333333333333,0.3333333333333333,1.0013725e-09,4.0037023e-07,-6.3976345
2016-02-08 22:00:00,2.3898246,-2.3854387,4.1610527,364.1,5.9965,1.59025,-11.683333333333334,-17.0,25.683333333333334,0.3333333333333333,1.0013325e-09,3.878067e-07,-6.411589
2016-02-08 23:00:00,2.945185,-1.2583333,4.032963,360.4684,6.693684,1.7418422,-10.05,-17.0,20.033333333333335,0.3333333333333333,1e-09,3.9917444e-07,-6.3993654
2016-02-09 00:00:00,0.22611111,-6.869445,4.866111,387.97144,7.620408,2.3187757,-3.933333333333333,-11.0,48.65,2.0,3.7357863e-09,5.340489e-07,-6.278311
2016-02-09 01:00:00,-3.4257143,-5.052143,5.601964,410.442,9.3522,3.1434,0.36666666666666664,-6.0,66.88333333333334,2.0,1.905699e-09,5.575921e-07,-6.256257
2016-02-09 02:00:00,-5.81,-3.35,6.948889,420.54443,9.111111,3.2244444,1.8833333333333333,-4.0,65.08333333333333,2.0,3.2153864e-09,5.369735e-07,-6.2744355
2016-02-09 03:00:00,-1.1086667,-4.537833,7.6946664,399.3826,11.766087,3.738261,9.65,0.0,30.633333333333333,1.0,1.3796151e-09,4.9488824e-07,-6.307149
2016-02-09 04:00:00,2.4025,-4.0761538,6.983846,382.75238,12.354286,3.6285713,13.2,3.0,32.88333333333333,1.0,1.0683656e-09,4.2597176e-07,-6.372316
2016-02-09 05:00:00,-0.89900005,-3.9828334,7.6815,402.7396,13.503333,4.4075,15.1,6.0,33.81666666666667,1.0,2.1718138e-09,5.397064e-07,-6.271266
2016-02-09 06:00:00,-0.36827588,-3.7305171,2.9681036,409.34338,16.98,5.686415,13.7,6.0,46.416666666666664,1.3333333333333333,2.2250225e-08,1.0427731e-06,-5.988044
2016-02-09 07:00:00,-2.0154386,-5.1000004,5.5600004,421.0744,18.745348,6.655349,6.516666666666667,0.0,44.166666666666664,1.3333333333333333,8.324952e-09,9.043513e-07,-6.053108
2016-02-09 08:00:00,-1.3554386,-4.7566667,-0.6814035,418.92563,18.928463,6.6610255,2.5833333333333335,-3.0,57.166666666666664,1.3333333333333333,1.0266109e-09,5.353792e-07,-6.2735043
2016-02-09 09:00:00,2.7506666,-9.372833,-1.7666667,413.66925,8.8575,3.0115385,-7.6,-13.0,268.3666666666667,3.0,1.1724168e-09,4.7281372e-07,-6.3254337
2016-02-09 10:00:00,4.538572,-11.204286,-7.5337143,414.88275,2.883793,0.99344826,-19.833333333333332,-24.0,286.45,3.0,1.0003345e-09,4.3929768e-07,-6.3577785
2016-02-09 11:00:00,,,,,,,-16.15,-20.0,561.8833333333333,3.0,5.4562435e-09,4.29649e-07,-6.367272
2016-02-09 12:00:00,1.1649152,-9.895424,-0.64796615,420.22858,5.1669044,1.8399999,-11.0,-15.0,328.68333333333334,2.6666666666666665,7.953443e-09,5.2588797e-07,-6.281128
2016-02-09 13:00:00,2.0672727,-8.993636,-2.4347274,407.2243,5.810811,1.9329729,-9.083333333333334,-13.0,155.3,2.6666666666666665,1.2896053e-09,4.1771756e-07,-6.379568
2016-02-09 14:00:00,1.8041071,-8.666607,1.8889285,396.25336,5.8791113,1.8426666,-5.733333333333333,-14.0,257.18333333333334,2.6666666666666665,1.5457942e-09,3.8224206e-07,-6.417705
2016-02-09 15:00:00,1.3233333,-8.126274,2.1307843,403.54413,6.2058825,2.025294,-3.7666666666666666,-15.0,124.76666666666667,1.3333333333333333,1.5239822e-09,3.912263e-07,-6.407718
2016-02-09 16:00:00,1.7457143,-7.27,3.01875,400.41333,6.539111,2.0973332,-5.8,-18.0,55.916666666666664,1.3333333333333333,1.1311002e-09,4.1906324e-07,-6.3780947
2016-02-09 17:00:00,2.0245001,-6.9673333,2.8198333,399.05478,7.0914283,2.2609525,-4.083333333333333,-17.0,53.38333333333333,1.3333333333333333,1.282403e-09,4.6687944e-07,-6.334267
2016-02-09 18:00:00,-0.22581819,-5.9165454,2.6174548,401.54053,9.236486,2.9735134,2.0166666666666666,-11.0,79.5,1.3333333333333333,1.0317478e-09,4.3974032e-07,-6.357155
2016-02-09 19:00:00,1.2640678,-5.8977966,3.0588136,393.0756,9.498537,2.9317071,4.316666666666666,-8.0,122.86666666666666,1.3333333333333333,9.320162e-09,6.413374e-07,-6.201354
2016-02-09 20:00:00,1.8433899,-5.556271,2.5869493,387.37317,9.929756,2.9758537,2.7666666666666666,-9.0,103.23333333333333,1.3333333333333333,1.594112e-09,4.2448613e-07,-6.380936
2016-02-09 21:00:00,0.12383332,-6.3935003,0.10816667,392.77048,8.755454,2.6904545,-3.8833333333333333,-13.0,173.15,2.6666666666666665,1.0567756e-09,3.6713212e-07,-6.4368205
2016-02-09 22:00:00,0.067000024,-3.3783998,-0.4034,399.175,8.5,2.686875,-8.266666666666667,-15.0,357.45,2.6666666666666665,1.5497732e-09,3.9858708e-07,-6.405462
2016-02-09 23:00:00,3.3668966,-4.1568966,1.0822414,379.32306,8.383846,2.4125643,-7.933333333333334,-14.0,186.2,2.6666666666666665,1.0075476e-09,3.3277422e-07,-6.4785104
2016-02-10 00:00:00,3.887586,-4.0215516,-0.12862068,377.6564,8.002821,2.2841027,-7.983333333333333,-14.0,96.98333333333333,2.6666666666666665,1.0006919e-09,3.4435757e-07,-6.4633346
2016-02-10 01:00:00,3.1461668,-3.9733331,0.41916665,380.38235,7.925098,2.2966666,-9.8,-15.0,121.86666666666666,2.6666666666666665,1.0026703e-09,3.724785e-07,-6.429538
2016-02-10 02:00:00,2.1885,-3.5258334,0.58816665,388.58597,8.713333,2.6357896,-8.883333333333333,-13.0,174.95,2.6666666666666665,7.936371e-09,4.394997e-07,-6.382766
2016-02-10 03:00:00,2.4044068,-3.9947457,-0.3662712,391.77963,7.9770374,2.4487035,-4.9,-11.0,125.76666666666667,1.3333333333333333,1.0020245e-09,3.8135153e-07,-6.4194674
2016-02-10 04:00:00,2.0777965,-3.9315255,-0.97338986,391.6981,7.170769,2.1996152,-3.05,-10.0,121.98333333333333,1.3333333333333333,1.411385e-09,4.314324e-07,-6.366795
2016-02-10 05:00:00,1.965091,-3.6265457,-0.73454547,390.18085,6.915745,2.105319,-6.15,-12.0,125.1,1.3333333333333333,1e-09,3.3851217e-07,-6.4717093
2016-02-10 06:00:00,2.7016668,-2.846,-1.1735,384.67563,6.7185364,1.9875609,-9.55,-15.0,85.98333333333333,1.0,1.00173e-09,3.232598e-07,-6.4908566
2016-02-10 07:00:00,2.8105001,-2.5985,-0.93016666,383.2217,6.3678265,1.8693478,-12.366666666666667,-19.0,193.2,1.0,1.7769469e-09,3.6620506e-07,-6.4445086
2016-02-10 08:00:00,2.5783334,-3.3216667,-0.14833333,388.5167,6.09,1.8383332,-17.4,-25.0,150.13333333333333,1.0,1.900355e-09,4.2375316e-07,-6.3795314
2016-02-10 09:00:00,,,,,,,-19.166666666666668,-27.0,68.78333333333333,0.6666666666666666,1e-09,3.4883521e-07,-6.457809
2016-02-10 10:00:00,4.0152383,0.89666665,-0.79619044,368.74,4.268,1.1559999,-13.716666666666667,-23.0,105.85,0.6666666666666666,1.2838949e-09,3.4495002e-07,-6.4636745
2016-02-10 11:00:00,3.8048277,-0.3025862,-0.96500003,364.04138,4.1648273,1.1041379,-10.416666666666666,-18.0,161.25,0.6666666666666666,1.349346e-09,3.1331302e-07,-6.505274
2016-02-10 12:00:00,3.1935,-2.4608333,-1.136,364.5975,3.9455001,1.04925,-8.933333333333334,-14.0,98.4,0.3333333333333333,1.069663e-09,2.8258088e-07,-6.5510736
2016-02-10 13:00:00,3.5933897,-2.0861018,-1.1561017,366.14166,3.5863888,0.9622222,-7.1,-14.0,58.53333333333333,0.3333333333333333,1.0044865e-09,3.0262657e-07,-6.519829
2016-02-10 14:00:00,3.8833334,-1.7736666,-0.9325,364.5091,3.3639395,0.8939394,-6.383333333333334,-16.0,76.18333333333334,0.3333333333333333,1.1027432e-09,2.8468287e-07,-6.547066
2016-02-10 15:00:00,3.9456668,-1.6193334,-0.81016666,362.92053,3.1566668,0.83102566,-5.683333333333334,-18.0,60.333333333333336,0.3333333333333333,2.8103146e-08,6.907151e-07,-6.2085147
2016-02-10 16:00:00,3.8975,-1.4976667,-0.7273333,362.5,2.9353702,0.77185184,-4.516666666666667,-17.0,49.5,0.3333333333333333,1.1380485e-09,3.6346685e-07,-6.444174
2016-02-10 17:00:00,3.5956666,-2.1356666,-0.7068333,358.84256,2.7034042,0.6957447,-3.85,-15.0,75.13333333333334,0.3333333333333333,1.1064196e-09,3.0196776e-07,-6.5223837
2016-02-10 18:00:00,3.243,-2.3773334,-1.0113333,364.13104,3.0539656,0.81,-0.31666666666666665,-12.0,136.0,0.6666666666666666,1.001384e-09,2.7868322e-07,-6.5555983
2016-02-10 19:00:00,3.5390198,-1.7723529,-1.8766667,361.47058,2.837353,0.7411765,-0.03333333333333333,-11.0,100.3,0.6666666666666666,1.0050125e-09,2.6130024e-07,-6.583017
2016-02-10 20:00:00,3.2196429,-2.3355355,-2.7033927,384.52905,1.6751612,0.48290324,-6.5,-16.0,88.03333333333333,0.6666666666666666,2.6602316e-09,3.5093677e-07,-6.4764404
2016-02-10 21:00:00,3.0653334,-1.6426666,-3.0036666,392.9875,1.51125,0.45125002,-11.983333333333333,-20.0,130.11666666666667,1.0,1e-09,3.1277534e-07,-6.5118504
2016-02-10 22:00:00,3.5926416,-1.5816982,-1.4639622,357.12173,2.8256521,0.7204348,-15.05,-22.0,114.36666666666666,1.0,2.0934972e-09,3.5916293e-07,-6.4582324
2016-02-10 23:00:00,3.1803637,-1.4116364,-2.1152728,354.4111,2.8391666,0.69555557,-16.683333333333334,-25.0,114.75,1.0,1.0033055e-09,3.3870245e-07,-6.4713264
2016-02-11 00:00:00,2.1978333,-0.95883334,-2.8238332,347.9111,3.6087036,0.8592593,-13.633333333333333,-24.0,148.36666666666667,2.0,1e-09,2.8713367e-07,-6.5434537
2016-02-11 01:00:00,1.5678333,-1.187,-3.5411668,335.93674,5.8824487,1.3283672,-14.483333333333333,-23.0,121.03333333333333,2.0,1.000346e-09,2.9405567e-07,-6.532635
2016-02-11 02:00:00,0.88850003,-0.67966664,-4.427,339.3702,5.57617,1.2842554,-13.6,-21.0,143.63333333333333,2.0,1e-09,3.109075e-07,-6.507694
2016-02-11 03:00:00,1.1043636,-0.9467273,-4.544182,340.44864,5.628108,1.3043244,-12.016666666666667,-19.0,233.25,2.0,1e-09,2.887474e-07,-6.540078
2016-02-11 04:00:00,1.4729999,-0.75025,-4.7139997,337.81668,6.935556,1.5833334,-10.516666666666667,-18.0,288.9,2.0,1.1706699e-09,3.5703385e-07,-6.4505405
2016-02-11 05:00:00,2.0563793,-1.9881034,-5.036207,338.48364,6.5977554,1.5108163,-12.95,-20.0,312.55,2.0,1e-09,3.7520846e-07,-6.4259686
2016-02-11 06:00:00,1.6375862,-2.9210343,-5.496724,341.7024,7.034762,1.645238,-19.3,-25.0,222.18333333333334,2.0,1.001321e-09,3.8916386e-07,-6.410833
2016-02-11 07:00:00,1.4071186,-4.59,-4.8566103,341.03244,6.9989185,1.6267567,-24.2,-29.0,299.5833333333333,2.0,1e-09,3.3996795e-07,-6.4706144
2016-02-11 08:00:00,2.08,-5.022353,-4.3792157,334.94724,6.2497225,1.4027778,-27.883333333333333,-33.0,373.7,2.0,1e-09,2.801159e-07,-6.5528708
2016-02-11 09:00:00,1.5755932,-5.8216953,-3.660339,333.88724,6.4346805,1.4346808,-25.9,-32.0,277.5833333333333,1.3333333333333333,1e-09,3.0460714e-07,-6.517857
2016-02-11 10:00:00,0.92195654,-4.5406523,-5.0163045,335.48,6.5940003,1.484,-22.633333333333333,-30.0,411.85,1.3333333333333333,1.1642134e-09,2.8515544e-07,-6.545242
2016-02-11 11:00:00,1.252931,-5.4589653,-3.9098277,330.79233,7.154872,1.5653846,-20.566666666666666,-26.0,358.3,1.3333333333333333,1.1054961e-09,3.205738e-07,-6.4944286
2016-02-11 12:00:00,1.0838182,-5.3990912,-2.7994545,330.6868,9.289057,2.0311322,-17.483333333333334,-20.0,260.45,1.6666666666666665,4.8752042e-09,3.8963077e-07,-6.414145
2016-02-11 13:00:00,1.8388333,-4.566,-4.0998335,329.51318,10.051698,2.1828303,-11.116666666666667,-14.0,379.93333333333334,1.6666666666666665,6.356628e-09,3.3396705e-07,-6.4789104
2016-02-11 14:00:00,2.4377587,-4.374828,-4.7310343,329.27728,9.245228,2.0029545,-14.3,-20.0,240.45,1.6666666666666665,1.2757827e-09,2.9569702e-07,-6.531209
2016-02-11 15:00:00,2.578644,-5.6274576,-2.1359322,327.87924,10.663774,2.2928302,-13.966666666666667,-23.0,279.5,2.3333333333333335,3.847473e-09,3.922859e-07,-6.4100947
2016-02-11 16:00:00,2.641695,-6.3925424,-1.3633898,329.28,7.6134543,1.6403637,-15.05,-28.0,279.28333333333336,2.3333333333333335,8.37095e-08,1.4649617e-06,-5.951128
2016-02-11 17:00:00,2.2893221,-4.354237,6.980509,335.4111,4.662778,1.0480555,-14.7,-29.0,145.85,2.3333333333333335,1.1774986e-08,8.322204e-07,-6.120855
2016-02-11 18:00:00,1.6123333,-5.3424997,6.0653334,340.9604,3.9662266,0.92075473,-10.933333333333334,-22.0,62.31666666666667,1.6666666666666665,1.9622448e-09,4.8893304e-07,-6.3127704
2016-02-11 19:00:00,2.1361666,-6.9846663,2.8976667,340.99243,4.8464155,1.1273584,-8.15,-16.0,69.18333333333334,1.6666666666666665,1.0281872e-09,4.3522377e-07,-6.362555
2016-02-11 20:00:00,3.5511668,-8.393833,0.21716668,341.25217,5.817174,1.3573912,-10.816666666666666,-18.0,94.38333333333334,1.6666666666666665,-14999.85,-14999.85,-5.649587
2016-02-11 21:00:00,3.1985002,-7.8798337,-6.0948334,341.72278,5.4598246,1.2733333,-13.416666666666666,-21.0,288.8333333333333,3.3333333333333335,2.8434826e-07,4.9125915e-06,-5.360028
2016-02-11 22:00:00,3.4701667,-8.677833,-6.1054997,341.46045,5.433023,1.27,-24.75,-33.0,529.4166666666666,3.3333333333333335,2.5715215e-08,1.2591479e-06,-5.913439
2016-02-11 23:00:00,0.6146667,-11.316166,-2.5435,358.47144,6.081964,1.5619643,-35.31666666666667,-44.0,610.5333333333333,3.3333333333333335,5.813584e-09,7.0361835e-07,-6.1564655
2016-02-12 00:00:00,3.9618645,-11.280508,-1.223051,345.64117,6.5672545,1.567647,-33.15,-45.0,526.6333333333333,3.3333333333333335,9.720379e-09,6.785923e-07,-6.180763
2016-02-12 01:00:00,7.2046666,-10.1725,-2.6626666,333.88,6.9115,1.54125,-32.666666666666664,-42.0,290.26666666666665,3.3333333333333335,1.1010592e-08,7.726657e-07,-6.1194425
2016-02-12 02:00:00,5.749833,-11.431,0.7418334,342.47726,7.9143186,1.8572727,-22.233333333333334,-31.0,400.15,3.3333333333333335,2.7518279e-09,5.891234e-07,-6.2333417
2016-02-12 03:00:00,2.862,-13.728667,4.2608333,358.51703,6.8282976,1.7542553,-19.883333333333333,-29.0,199.55,2.3333333333333335,1.0996898e-09,4.863419e-07,-6.3144155
2016-02-12 04:00:00,2.2105,-11.202167,8.96,357.76862,8.477843,2.1707842,-17.233333333333334,-24.0,116.91666666666667,2.3333333333333335,2.1349897e-09,5.5038197e-07,-6.2615786
2016-02-12 05:00:00,1.2979661,-7.21,11.868644,354.80444,11.754889,2.9617777,-13.516666666666667,-17.0,117.46666666666667,2.3333333333333335,4.328116e-09,6.512345e-07,-6.192092
2016-02-12 06:00:00,1.5458333,-7.1693335,11.5815,352.0975,13.84225,3.4305,-7.866666666666666,-13.0,55.75,2.0,3.5059497e-08,1.1413771e-06,-5.994622
2016-02-12 07:00:00,0.3311864,-7.8522034,10.960848,353.41,12.544001,3.1346,-8.65,-12.0,44.36666666666667,2.0,2.4281088e-09,6.957506e-07,-6.165114
2016-02-12 08:00:00,-1.631,-11.017,0.6935,356.99835,15.521334,3.9606667,-5.866666666666666,-11.0,62.43333333333333,2.0,4.4182302e-09,6.2126907e-07,-6.212169
2016-02-12 09:00:00,-3.2116666,-7.5487037,-7.1412964,362.60477,17.813572,4.682143,-14.016666666666667,-17.0,246.5,3.6666666666666665,1.0172851e-09,4.5866966e-07,-6.3402705
2016-02-12 10:00:00,-1.7045763,-9.74661,-2.9116948,356.97778,18.14,4.6275926,-30.3,-36.0,343.71666666666664,3.6666666666666665,2.8720453e-07,2.2783893e-06,-5.973435
2016-02-12 11:00:00,-1.1206666,-11.160666,1.8211666,354.92963,14.558148,3.6853702,-36.78333333333333,-42.0,404.65,3.6666666666666665,2.4671754e-08,1.0591488e-06,-5.9967957
2016-02-12 12:00:00,-1.3693221,-10.911864,6.305932,353.975,14.604108,3.6673214,-25.8,-30.0,265.8666666666667,3.0,1.4401049e-08,7.320942e-07,-6.1507106
2016-02-12 13:00:00,-2.081579,-11.653157,5.8384213,353.50446,19.371777,4.8457775,-12.1,-16.0,201.45,3.0,2.05733e-09,4.6651914e-07,-6.3320312
2016-02-12 14:00:00,-2.580345,-8.94638,9.870862,350.6,17.827333,4.3913336,-9.716666666666667,-13.0,142.2,3.0,4.1887556e-09,5.504705e-07,-6.2647433
2016-02-12 15:00:00,-4.1082854,-8.502285,8.297143,354.9833,19.058332,4.8162503,-6.533333333333333,-14.0,60.06666666666667,2.3333333333333335,-1666.65,-1666.65,-6.184884
2016-02-12 16:00:00,-0.55333334,-11.587018,5.9326315,349.16183,17.430727,4.2509093,-6.583333333333333,-15.0,57.266666666666666,2.3333333333333335,-1666.65,-1666.65,-6.3638587
2016-02-12 17:00:00,1.1267796,-13.838136,4.704915,346.9346,14.744807,3.551346,-10.383333333333333,-19.0,144.16666666666666,2.3333333333333335,1.4779975e-07,1.8269698e-06,-5.902687
2016-02-12 18:00:00,-0.5895,-7.7656665,10.649167,348.78476,23.341303,5.6810865,-5.133333333333334,-15.0,172.9,2.0,2.0542466e-09,6.401271e-07,-6.1961436
2016-02-12 19:00:00,0.5154237,-6.3328815,10.804407,350.138,28.0312,6.8802004,7.25,-3.0,138.5,2.0,1.1155483e-09,5.2565525e-07,-6.2817745
2016-02-12 20:00:00,-1.19,1.504,14.8411665,355.15714,33.40743,8.430572,15.016666666666667,7.0,81.61666666666666,2.0,1.0166304e-09,4.0582657e-07,-6.392245
2016-02-12 21:00:00,0.62233335,3.8865001,13.974,352.286,36.7182,9.1156,17.066666666666666,10.0,49.9,2.0,5.2444933e-09,5.722192e-07,-6.2477746
2016-02-12 22:00:00,0.50711864,4.015932,14.388644,352.73636,32.720364,8.144181,15.083333333333334,9.0,49.63333333333333,2.0,3.447536e-08,8.715347e-07,-6.1363
2016-02-12 23:00:00,-0.4516949,-7.7752542,15.059153,355.05884,30.046078,7.5637255,16.65,11.0,46.03333333333333,2.0,1.0016341e-09,4.0744678e-07,-6.3907566
2016-02-13 00:00:00,-1.470339,-4.2000003,15.15983,357.8694,26.400612,6.769796,17.133333333333333,11.0,40.03333333333333,2.0,5.5063816e-09,4.6213464e-07,-6.351195
2016-02-13 01:00:00,-1.2323334,4.2235003,16.702833,359.6413,15.705217,4.06,13.15,8.0,27.066666666666666,2.0,3.0538214e-09,3.899406e-07,-6.419897
2016-02-13 02:00:00,0.07033334,4.3276668,15.955999,361.5174,14.416956,3.7686956,14.1,7.0,27.55,2.0,1.8231532e-09,3.8890403e-07,-6.4195433
2016-02-13 03:00:00,-1.2215,8.9001665,3.7583334,367.66156,31.182692,8.438461,25.566666666666666,17.0,34.28333333333333,2.6666666666666665,1e-09,3.005327e-07,-6.5225353
2016-02-13 04:00:00,-2.05,10.367288,-2.070678,365.6326,34.945,9.360217,26.3,20.0,44.31666666666667,2.6666666666666665,1e-09,2.9221974e-07,-6.53476
2016-02-13 05:00:00,-3.227091,9.740182,-6.515636,367.06482,22.180555,5.85,16.066666666666666,13.0,39.1,2.6666666666666665,1.0020413e-09,3.1328224e-07,-6.506538
2016-02-13 06:00:00,-2.945769,6.938846,4.751731,390.825,8.914499,2.7395,-5.05,-6.0,279.7,3.0,1.8902422e-09,3.726141e-07,-6.441914
2016-02-13 07:00:00,-0.9650848,9.885593,5.9320335,399.29318,11.137273,3.5602272,-10.183333333333334,-10.0,152.61666666666667,3.0,1.0180958e-09,3.9960543e-07,-6.4013777
2016-02-13 08:00:00,-3.255306,8.90102,2.9742858,393.4853,12.69706,3.9355881,-2.3333333333333335,-4.0,37.6,3.0,1.05678835e-08,5.097435e-07,-6.3247333
2016-02-13 09:00:00,-6.322833,8.030167,0.0068333466,392.20792,13.619737,4.19,-1.5333333333333334,-6.0,51.65,1.6666666666666665,1.3539725e-09,4.4920682e-07,-6.3487544
2016-02-13 10:00:00,-6.4900002,5.9272413,1.612931,398.45908,13.855682,4.3920455,-4.116666666666666,-11.0,120.1,1.6666666666666665,2.7333375e-08,6.94997e-07,-6.2220707
2016-02-13 11:00:00,-0.71466666,8.946333,4.0816665,398.4298,10.801228,3.4270175,-3.283333333333333,-12.0,230.8,1.6666666666666665,8.34309e-09,5.5552744e-07,-6.2652597
2016-02-13 12:00:00,-0.61642855,4.1385713,6.5837502,384.42224,11.145833,3.2941666,-0.35,-8.0,96.91666666666667,1.0,7.134525e-09,5.704252e-07,-6.257547
2016-02-13 13:00:00,-1.0263044,-0.8323913,7.317174,382.9216,12.197568,3.5759459,4.483333333333333,-1.0,53.583333333333336,1.0,3.7125714e-09,4.991854e-07,-6.3096766
2016-02-13 14:00:00,-2.0161817,2.885091,4.051273,377.09534,12.364418,3.5165117,6.383333333333334,2.0,38.61666666666667,1.0,1.0458886e-09,4.631833e-07,-6.334911
2016-02-13 15:00:00,-1.8898113,8.211887,1.7169812,378.9317,8.994146,2.574634,0.9833333333333333,-2.0,35.05,1.0,3.3467424e-07,2.9355554e-06,-5.777642
2016-02-13 16:00:00,-2.8733897,5.488475,0.6754237,411.90576,5.689423,1.9048078,-6.183333333333334,-7.0,34.53333333333333,1.0,1.1754813e-08,9.343641e-07,-6.044279
2016-02-13 17:00:00,-2.6732204,4.198983,1.9762712,417.61145,5.127714,1.7865714,-9.783333333333333,-9.0,27.033333333333335,1.0,1.0044021e-09,4.5943338e-07,-6.34134
2016-02-13 18:00:00,-2.76,3.0855,2.0285,412.536,5.9756,2.0324,-8.933333333333334,-7.0,24.283333333333335,0.6666666666666666,1.010258e-08,5.2444955e-07,-6.3146243
2016-02-13 19:00:00,-1.120851,4.1761703,2.487234,423.20258,5.657436,2.025641,-7.416666666666667,-7.0,21.283333333333335,0.6666666666666666,3.6856795e-09,5.0042826e-07,-6.311639
2016-02-13 20:00:00,-1.1843396,5.1364155,1.0618868,417.99557,5.3602223,1.8742222,-6.733333333333333,-9.0,23.283333333333335,0.6666666666666666,2.6905942e-08,5.675705e-07,-6.3283634
2016-02-13 21:00:00,-1.2901725,4.9446554,0.8351724,412.85193,5.665769,1.9300001,-7.75,-11.0,27.183333333333334,0.6666666666666666,4.4930776e-08,1.066476e-06,-6.0316916
2016-02-13 22:00:00,-1.6609999,4.6853333,0.024166668,404.79184,6.047143,1.9812245,-5.466666666666667,-10.0,39.86666666666667,0.6666666666666666,1.912447e-08,7.4907643e-07,-6.176828
2016-02-13 23:00:00,-1.3559322,2.9786441,2.99,409.6234,6.423617,2.1546807,-2.7666666666666666,-10.0,26.55,0.6666666666666666,4.9007074e-09,4.9526545e-07,-6.3201504
2016-02-14 00:00:00,-2.7958333,4.0738335,-0.3586667,399.22653,6.258163,1.9963266,-3.066666666666667,-10.0,18.9,2.3333333333333335,7.002292e-09,4.8674144e-07,-6.3288655
2016-02-14 01:00:00,-2.2786667,3.0695,-1.3498333,404.2049,6.182195,2.0231707,-3.7,-11.0,35.15,2.3333333333333335,1.3129465e-08,7.0137315e-07,-6.1691585
2016-02-14 02:00:00,-1.5581818,-1.2903637,4.0021815,411.5722,6.471389,2.1930554,-4.45,-8.0,140.08333333333334,2.3333333333333335,1.022744e-09,4.0378737e-07,-6.395941
2016-02-14 03:00:00,-2.5628815,-2.568983,4.0005083,407.58432,6.7917647,2.255098,3.25,-5.0,45.75,2.6666666666666665,1.1093339e-08,6.577245e-07,-6.2029743
2016-02-14 04:00:00,-5.002105,-2.917193,0.057017535,396.14474,6.659737,2.0944736,6.1,-2.0,47.45,2.6666666666666665,8.098936e-08,1.4050895e-06,-5.9771957
2016-02-14 05:00:00,-5.8616667,-0.37516668,-2.2315,387.53262,7.107174,2.1347826,3.85,-4.0,177.05,2.6666666666666665,5.540003e-09,6.721745e-07,-6.1975827
2016-02-14 06:00:00,-5.2965956,2.051702,-1.5674468,387.55264,7.343684,2.2063158,-2.4,-8.0,199.03333333333333,2.0,3.4954142e-09,4.7213922e-07,-6.329283
2016-02-14 07:00:00,-5.9309435,0.5509434,-0.25245282,382.52106,7.3357897,2.1455262,-11.283333333333333,-16.0,223.96666666666667,2.0,7.490047e-09,5.7645417e-07,-6.2462234
2016-02-14 08:00:00,-5.345238,2.1390476,1.132619,381.22964,7.3407407,2.1325927,-14.616666666666667,-20.0,290.51666666666665,2.0,1.733945e-08,6.952983e-07,-6.162213
2016-02-14 09:00:00,-3.5051022,4.0816326,0.24755102,394.355,6.63775,2.063,-15.9,-21.0,397.46666666666664,2.3333333333333335,1.4110774e-08,5.8996085e-07,-6.2363896
2016-02-14 10:00:00,-4.337174,3.959348,1.9976087,388.68573,6.984643,2.1107142,-17.05,-21.0,246.91666666666666,2.3333333333333335,1.8206626e-07,1.915266e-06,-5.873383
2016-02-14 11:00:00,-4.8550982,2.9092157,-1.465294,386.625,7.0747223,2.115,-15.033333333333333,-20.0,134.25,2.3333333333333335,1.6313924e-08,8.5479365e-07,-6.0752177
2016-02-14 12:00:00,-5.4698334,1.2463334,0.23833333,377.5421,6.9254384,1.9749123,-12.1,-19.0,98.55,2.3333333333333335,3.334435e-09,5.5966177e-07,-6.2657866
2016-02-14 13:00:00,-5.5663333,1.3659999,-1.6248333,374.93167,7.092,1.9948334,-7.933333333333334,-14.0,220.2,2.3333333333333335,6.3265597e-09,5.606018e-07,-6.25471
2016-02-14 14:00:00,-5.881282,0.94,-1.5471795,370.5174,7.255217,1.9917392,-9.116666666666667,-13.0,184.66666666666666,2.3333333333333335,3.754113e-09,4.676006e-07,-6.332204
2016-02-14 15:00:00,-0.26216665,5.9433336,-3.3156667,408.22546,5.9689093,2.0065455,-14.85,-17.0,296.06666666666666,3.0,3.0436533e-09,4.8232965e-07,-6.3200555
2016-02-14 16:00:00,-3.6163332,4.3215003,-4.0951667,386.75925,4.5322223,1.3594444,-15.883333333333333,-19.0,469.1333333333333,3.0,3.2908332e-09,4.5483173e-07,-6.346307
2016-02-14 17:00:00,-3.4285002,5.0005,-3.4845002,389.00876,5.29,1.6010526,-9.05,-16.0,602.1166666666667,3.0,6.400284e-09,4.657864e-07,-6.3358684
2016-02-14 18:00:00,-1.4222033,5.9223733,-1.7615254,398.84222,6.278222,2.0024445,-0.8166666666666667,-13.0,110.35,1.6666666666666665,4.9117017e-09,4.5949383e-07,-6.3420014
2016-02-14 19:00:00,-4.2619643,2.5149999,-3.3905356,390.33075,5.77,1.7592307,0.5333333333333333,-12.0,74.9,1.6666666666666665,1.820531e-07,1.7911339e-06,-6.0153356
2016-02-14 20:00:00,-0.15338983,3.298644,-0.7598305,417.22308,7.5394874,2.6384616,-4.083333333333333,-13.0,77.26666666666667,1.6666666666666665,1.9150965e-09,5.2729143e-07,-6.280193
2016-02-14 21:00:00,-3.7332203,4.34322,-1.360339,387.4104,6.429583,1.9360417,-9.45,-16.0,87.6,1.0,3.6145135e-08,1.1720666e-06,-5.968536
2016-02-14 22:00:00,-4.224364,4.084909,-0.014727267,381.70227,6.7429547,1.9663635,-7.766666666666667,-14.0,48.61666666666667,1.0,1.2352698e-09,4.2675595e-07,-6.376588
2016-02-14 23:00:00,-2.0053573,5.988393,-1.7457143,393.15533,7.2776594,2.2740426,-2.6,-10.0,72.75,1.0,3.8081085e-09,4.910651e-07,-6.315127
2016-02-15 00:00:00,-5.524,2.4726667,-2.8075,371.31665,5.9041667,1.6283332,-3.3333333333333335,-11.0,105.3,2.3333333333333335,1.0527702e-09,3.585069e-07,-6.447072
2016-02-15 01:00:00,-4.228654,3.7659616,-2.3653846,377.09677,6.5280643,1.8619355,-4.533333333333333,-11.0,99.08333333333333,2.3333333333333335,1.1750173e-09,3.5409005e-07,-6.454522
2016-02-15 02:00:00,,,,,,,-3.683333333333333,-10.0,131.61666666666667,2.3333333333333335,1.2079393e-09,4.294524e-07,-6.36911
2016-02-15 03:00:00,-5.284,3.056,-3.2619998,371.58002,7.16,1.9760001,2.033333333333333,-8.0,70.21666666666667,2.3333333333333335,1.506104e-09,4.730972e-07,-6.3266735
2016-02-15 04:00:00,-5.4806776,3.1799998,-2.2089832,369.04074,7.3198147,1.9942594,-0.48333333333333334,-11.0,100.48333333333333,2.3333333333333335,7.4498e-08,1.2800695e-06,-5.9907336
2016-02-15 05:00:00,-4.767547,3.3024528,-3.6460378,371.5946,6.7645946,1.8686486,-0.7166666666666667,-11.0,196.38333333333333,2.3333333333333335,1.6356394e-08,7.380179e-07,-6.1532435
2016-02-15 06:00:00,-3.7798276,1.8231034,-3.274655,377.8175,12.197249,3.4854999,1.0166666666666666,-8.0,271.31666666666666,3.0,1.7709795e-09,4.959706e-07,-6.3067956
2016-02-15 07:00:00,1.4176667,-1.6525,-1.3366666,376.25296,16.625097,4.7047057,-2.3666666666666667,-6.0,229.3,3.0,1.4731166e-08,7.0902263e-07,-6.1609755
2016-02-15 08:00:00,3.9996428,-3.443393,1.5616071,386.9694,11.818979,3.4612246,-1.7166666666666666,-5.0,91.23333333333333,3.0,1.1846582e-07,1.8255247e-06,-5.8012214
2016-02-15 09:00:00,5.488,-5.2203336,-0.06466666,396.0,7.418868,2.3262265,-0.6833333333333333,-3.0,94.46666666666667,1.6666666666666665,4.9024052e-08,1.2556787e-06,-5.93743
2016-02-15 10:00:00,5.0383925,-2.2123215,0.5755357,406.4122,8.566586,2.8339026,-0.38333333333333336,-3.0,127.13333333333334,1.6666666666666665,1.6228155e-07,2.1355488e-06,-5.7453303
2016-02-15 11:00:00,4.128269,-0.8775,-2.8690386,411.8822,9.466666,3.211111,-2.5,-5.0,208.41666666666666,1.6666666666666665,1.9551094e-07,2.9184816e-06,-5.6520696
2016-02-15 12:00:00,2.8201668,2.0918334,2.55,415.73016,9.886415,3.4145284,-3.7666666666666666,-7.0,167.46666666666667,1.6666666666666665,3.2142644e-08,1.2474455e-06,-5.909085
2016-02-15 13:00:00,3.627069,3.4467242,1.4093103,410.26,9.914499,3.337,-3.3833333333333333,-8.0,133.5,1.6666666666666665,6.521387e-08,1.6645921e-06,-5.7851715
2016-02-15 14:00:00,3.9785964,3.5529826,1.4385965,408.57956,9.426364,3.1461363,1.6666666666666667,-5.0,163.01666666666668,1.6666666666666665,6.846778e-08,1.4047529e-06,-5.897385
2016-02-15 15:00:00,4.912586,2.957931,1.1756897,398.7088,8.615,2.7391176,1.3,-6.0,87.73333333333333,1.0,6.649627e-08,1.7375659e-06,-5.783922
2016-02-15 16:00:00,1.5403572,2.5528572,2.6716073,425.15674,9.022432,3.2613513,-0.13333333333333333,-7.0,56.68333333333333,1.0,9.529186e-09,7.7528665e-07,-6.1117454
2016-02-15 17:00:00,-1.7061667,2.6938334,2.730333,431.72305,8.736154,3.257436,-0.15,-5.0,40.86666666666667,1.0,1.1513316e-07,1.6124251e-06,-5.870094
2016-02-15 18:00:00,-2.625091,5.1230907,0.454,432.39267,9.830976,3.677561,1.0666666666666667,-2.0,23.916666666666668,1.0,6.7446074e-08,1.4850067e-06,-5.856113
2016-02-15 19:00:00,-5.335167,2.5743332,-0.16766667,438.68408,10.8436365,4.1731815,-0.25,-2.0,60.016666666666666,1.0,2.7493952e-08,8.7559147e-07,-6.0738864
2016-02-15 20:00:00,-1.5548333,4.5445004,-2.5135,428.20383,9.8925,3.6317308,-1.8833333333333333,-3.0,147.61666666666667,1.0,2.548467e-08,9.02313e-07,-6.068738
2016-02-15 21:00:00,0.66999996,3.1942108,-6.378772,421.9941,11.145589,3.9705882,-5.933333333333334,-7.0,167.23333333333332,4.333333333333333,1.275285e-07,2.0734267e-06,-5.759164
2016-02-15 22:00:00,1.2313333,2.479,-6.939,418.53845,11.574423,4.0525,-17.483333333333334,-18.0,540.6,4.333333333333333,1.4743319e-08,9.623407e-07,-6.035805
2016-02-15 23:00:00,-2.9155557,4.218148,-5.1200004,429.53476,12.755218,4.7217393,-19.85,-24.0,638.9166666666666,4.333333333333333,9.132927e-09,7.346523e-07,-6.1404743
2016-02-16 00:00:00,5.5476665,-4.164,-4.8424997,407.67273,13.096727,4.3516364,-25.95,-33.0,448.8,4.0,1.40239935e-08,8.032005e-07,-6.0989976
2016-02-16 01:00:00,1.6939286,-0.36589286,-0.39196426,421.26224,18.162222,6.4579997,-22.416666666666668,-27.0,538.5666666666667,4.0,3.2110034e-08,8.6287633e-07,-6.119051
2016-02-16 02:00:00,1.5408332,-1.0878333,1.4575,420.06897,21.92,7.7374134,-16.333333333333332,-25.0,341.26666666666665,4.0,4.376465e-08,1.1491469e-06,-5.9706507
2016-02-16 03:00:00,6.974667,-9.258333,2.1415,416.895,15.110834,5.2455,-17.666666666666668,-28.0,207.6,2.6666666666666665,8.669712e-09,8.191074e-07,-6.0934877
2016-02-16 04:00:00,8.461,-8.102167,0.3511667,414.22037,16.288889,5.5811114,-16.2,-25.0,220.25,2.6666666666666665,2.5038593e-09,5.6482173e-07,-6.25015
2016-02-16 05:00:00,8.449667,-10.676833,2.1016667,430.05765,13.3738985,4.948136,-19.1,-26.0,179.06666666666666,2.6666666666666665,1.002768e-09,4.1429627e-07,-6.383388
2016-02-16 06:00:00,6.7525,-11.298167,2.4301667,441.77585,13.565863,5.295345,-14.6,-21.0,245.66666666666666,3.3333333333333335,4.143943e-08,8.2456387e-07,-6.1557293
2016-02-16 07:00:00,8.171731,-7.1469235,8.304422,436.0891,13.73913,5.2315216,-14.316666666666666,-21.0,257.73333333333335,3.3333333333333335,1.3466374e-08,7.5694214e-07,-6.129729
2016-02-16 08:00:00,,,,,,,-2.066666666666667,-10.0,395.4,3.3333333333333335,8.741254e-09,6.2971674e-07,-6.205646
2016-02-16 09:00:00,3.5815,-10.996333,-0.20033334,477.25882,22.289215,10.157646,-19.433333333333334,-23.0,745.4666666666667,4.666666666666667,1.6626082e-08,5.279605e-07,-6.279724
2016-02-16 10:00:00,4.981695,-6.5388136,10.53322,485.01666,22.373333,10.481191,-24.766666666666666,-26.0,420.43333333333334,4.666666666666667,1.1763236e-08,4.618836e-07,-6.3434424
2016-02-16 11:00:00,5.2522807,-11.840351,0.5352632,524.02167,15.140541,8.312432,-12.533333333333333,-14.0,322.15,4.666666666666667,1.6889258e-09,3.91079e-07,-6.410874
2016-02-16 12:00:00,6.9174137,-10.052413,-0.7344827,520.4804,15.282549,8.280588,-23.75,-22.0,821.3833333333333,5.333333333333333,5.4422236e-09,4.2536394e-07,-6.3746185
2016-02-16 13:00:00,6.3734484,-6.661724,2.2498276,540.57733,14.107359,8.254528,-26.983333333333334,-32.0,484.15,5.333333333333333,3.4111434e-08,8.430589e-07,-6.1071744
2016-02-16 14:00:00,3.812745,-5.457647,1.5062745,562.5613,15.380322,9.738387,-23.483333333333334,-28.0,678.0333333333333,5.333333333333333,1.0082462e-08,6.128817e-07,-6.2276454
2016-02-16 15:00:00,3.9567273,-7.1019998,-0.9294545,570.541,13.256411,8.635897,-16.566666666666666,-25.0,664.65,5.0,-1666.65,-1666.65,-6.0306334
2016-02-16 16:00:00,5.1098003,-7.7897997,-3.5,576.8317,12.575609,8.340244,-30.716666666666665,-35.0,721.15,5.0,3.043585e-08,9.909269e-07,-6.007484
2016-02-16 17:00:00,4.7623334,-6.127667,-0.30233333,591.80835,10.544167,7.394375,-41.9,-49.0,975.0666666666667,5.0,2.7199436e-08,9.04622e-07,-6.05246
2016-02-16 18:00:00,5.9577966,-2.8518643,-1.569661,601.1609,8.570218,6.1923914,-41.13333333333333,-49.0,913.1833333333333,5.333333333333333,4.2176875e-08,9.269295e-07,-6.0682707
2016-02-16 19:00:00,6.4933896,-2.1235592,-1.7201694,606.7922,8.057255,5.930784,-52.11666666666667,-65.0,660.4,5.333333333333333,1.8234285e-08,8.4654044e-07,-6.077495
2016-02-16 20:00:00,6.1101665,-2.1,-1.459,616.6978,7.09,5.3702173,-47.233333333333334,-57.0,694.7,5.333333333333333,8.204326e-09,6.906997e-07,-6.1667457
2016-02-16 21:00:00,3.74,-5.2875,-0.051874995,638.6281,6.2496877,5.0965624,-44.95,-54.0,410.3333333333333,4.666666666666667,3.582648e-09,5.003647e-07,-6.3067327
2016-02-16 22:00:00,2.227,-2.0606666,2.6311667,636.8551,6.1128573,4.9526534,-46.333333333333336,-53.0,379.46666666666664,4.666666666666667,1.5857506e-08,6.620977e-07,-6.1935477
2016-02-16 23:00:00,5.3472004,-3.7872,-0.732,604.53125,6.263125,4.574375,-49.166666666666664,-52.0,493.21666666666664,4.666666666666667,6.1958327e-09,5.845367e-07,-6.2424755
2016-02-17 00:00:00,4.1764,-5.387,-1.6010001,597.47437,6.124615,4.373846,-36.983333333333334,-47.0,302.1,5.0,9.688265e-09,6.059475e-07,-6.2298694
2016-02-17 01:00:00,3.7132757,-2.794138,0.20482759,590.7891,6.3678265,4.4504347,-44.916666666666664,-49.0,466.43333333333334,5.0,2.5977373e-08,8.489294e-07,-6.0975127
2016-02-17 02:00:00,4.5867243,-3.167931,3.1510344,575.1977,6.4055815,4.2369766,-31.533333333333335,-40.0,384.06666666666666,5.0,4.6813657e-08,1.0245808e-06,-6.030357
2016-02-17 03:00:00,5.8271666,-0.9528333,3.894,554.6468,7.1059575,4.3710637,-28.6,-38.0,199.56666666666666,3.3333333333333335,1.2224632e-08,7.8497385e-07,-6.106927
2016-02-17 04:00:00,2.4441667,2.381,2.7878335,572.8891,7.7727275,5.1189094,-22.533333333333335,-32.0,82.33333333333333,3.3333333333333335,3.2718052e-08,8.841291e-07,-6.081185
2016-02-17 05:00:00,2.0189831,-4.221356,0.54830503,582.0641,7.051282,4.781282,-25.7,-33.0,178.96666666666667,3.3333333333333335,2.323604e-07,2.527514e-06,-5.6888113
2016-02-17 06:00:00,2.0961018,-3.775593,-3.1550846,586.413,7.0495653,4.8428264,-37.733333333333334,-42.0,365.01666666666665,4.333333333333333,2.915304e-08,1.0092989e-06,-6.022402
2016-02-17 07:00:00,2.675,-1.178,-1.1669999,593.9719,6.187544,4.3673687,-37.166666666666664,-46.0,730.95,4.333333333333333,8.577292e-09,6.1805656e-07,-6.213818
2016-02-17 08:00:00,5.2815003,0.38733336,-1.576,577.8963,5.605926,3.7437038,-39.8,-43.0,469.7,4.333333333333333,1.8364597e-08,7.494181e-07,-6.143258
2016-02-17 09:00:00,2.6748335,-3.0644999,-1.5435001,594.175,5.5635414,3.9258335,-28.733333333333334,-34.0,141.16666666666666,3.0,1.1331982e-08,6.657266e-07,-6.188952
2016-02-17 10:00:00,4.6168337,-5.0585003,-1.7896667,556.8291,4.9165454,3.0572727,-32.0,-35.0,402.46666666666664,3.0,1.9018247e-08,8.378411e-07,-6.1215606
2016-02-17 11:00:00,4.924333,-1.3974999,-0.61149997,556.2044,5.6864443,3.5157778,-38.93333333333333,-41.0,314.9,3.0,2.5744976e-08,7.226592e-07,-6.1497426
2016-02-17 12:00:00,5.1670175,-2.1080701,0.027192973,551.7222,6.2622223,3.8111112,-36.983333333333334,-41.0,482.0833333333333,4.0,3.8637758e-08,7.8832835e-07,-6.129509
2016-02-17 13:00:00,3.9281666,-3.9754999,-0.5866667,558.0867,6.3079996,3.9293334,-26.833333333333332,-32.0,667.7333333333333,4.0,2.550601e-08,6.075674e-07,-6.231801
2016-02-17 14:00:00,5.5375,-1.0791667,0.7838333,543.50684,6.4399996,3.7975,-28.466666666666665,-35.0,849.9,4.0,1.5664764e-08,4.3807577e-07,-6.360076
2016-02-17 15:00:00,4.649,-0.70283335,1.4634999,540.46533,6.6622453,3.8842857,-23.366666666666667,-34.0,343.81666666666666,3.6666666666666665,1.3160129e-08,4.3268727e-07,-6.365522
2016-02-17 16:00:00,4.227895,-1.3033334,4.1050878,535.0424,6.627576,3.7878788,-20.266666666666666,-33.0,288.35,3.6666666666666665,8.51161e-09,4.4078925e-07,-6.358463
2016-02-17 17:00:00,3.5731666,-5.273667,0.6396667,547.218,6.1335998,3.6732001,-22.516666666666666,-34.0,183.55,3.6666666666666665,1.6767576e-08,5.8416407e-07,-6.2679415
2016-02-17 18:00:00,3.3022034,-4.9376273,1.1159321,550.8294,6.133921,3.7227452,-23.45,-34.0,556.5166666666667,4.666666666666667,1.6938036e-07,1.8696901e-06,-5.8402333
2016-02-17 19:00:00,4.103729,-5.084068,-4.4449153,553.8019,4.276415,2.624717,-31.0,-40.0,705.6,4.666666666666667,1.1664941e-08,6.1831355e-07,-6.212117
2016-02-17 20:00:00,4.3089657,-4.2401724,-3.2656896,561.6291,4.469818,2.8225455,-41.95,-48.0,908.0,4.666666666666667,2.3536458e-07,3.0417027e-06,-5.5749583
2016-02-17 21:00:00,4.0495,-4.833833,-4.5063334,582.54364,4.266909,2.896,-54.4,-57.0,767.9,5.666666666666667,2.9620628e-08,9.4634237e-07,-6.0702415
2016-02-17 22:00:00,3.969804,-2.1937256,-6.031569,591.5972,4.0425,2.8366668,-54.05,-56.0,636.2,5.666666666666667,1.8522014e-08,6.370198e-07,-6.218033
2016-02-17 23:00:00,3.1184483,-3.0055175,-2.7436209,612.5,4.410425,3.3106384,-51.43333333333333,-58.0,888.1166666666667,5.666666666666667,2.6739833e-09,4.8810745e-07,-6.313107
2016-02-18 00:00:00,1.789091,2.6898181,3.6714544,626.03864,4.0179543,3.1461363,-56.7,-62.0,375.46666666666664,4.333333333333333,1.0155684e-09,3.5573382e-07,-6.451049
2016-02-18 01:00:00,4.4319606,-0.48686275,3.3015687,612.32,4.028,3.017,-48.95,-55.0,125.98333333333333,4.333333333333333,1.3174767e-07,8.489675e-07,-6.353111
2016-02-18 02:00:00,2.4916666,-4.436667,-1.7671666,633.9053,3.2987719,2.6485965,-50.35,-52.0,424.7,4.333333333333333,1.1416874e-07,1.5077421e-06,-5.883092
2016-02-18 03:00:00,0.53385967,-4.9514036,-2.905263,654.9683,3.1136587,2.6741464,-53.483333333333334,-58.0,753.7333333333333,5.0,8.036431e-09,7.17808e-07,-6.1461506
2016-02-18 04:00:00,3.7810345,-2.5882757,0.06000001,627.5775,3.14025,2.47025,-51.13333333333333,-57.0,323.21666666666664,5.0,2.1439885e-08,7.883047e-07,-6.1087103
2016-02-18 05:00:00,1.9694232,-3.919423,-1.0696154,641.5268,2.9995122,2.4714634,-50.86666666666667,-58.0,384.95,5.0,2.6281539e-08,8.231789e-07,-6.0894675
2016-02-18 06:00:00,4.4341073,-3.3228571,1.4267857,616.33746,2.89375,2.2033334,-49.45,-58.0,446.26666666666665,4.0,1.3624002e-08,7.5126485e-07,-6.1285763
2016-02-18 07:00:00,3.4618866,-1.2843397,0.27679247,622.9881,3.5454762,2.7516665,-43.8,-52.0,281.43333333333334,4.0,1.2266927e-08,5.851998e-07,-6.2366343
2016-02-18 08:00:00,3.12375,1.9114584,2.6929166,622.9111,3.5922222,2.7814815,-42.8,-52.0,568.45,4.0,1.2724269e-08,6.064096e-07,-6.21864
2016-02-18 09:00:00,3.3485963,-0.55070174,-0.20666666,619.87933,3.5755174,2.7427588,-40.78333333333333,-47.0,686.0,4.333333333333333,3.0578473e-08,4.6891446e-07,-6.3292236
2016-02-18 10:00:00,2.915283,-2.5596228,2.1626415,616.76337,3.2373335,2.4603333,-42.31666666666667,-48.0,389.2,4.333333333333333,1.0051616e-08,4.873674e-07,-6.3133526
2016-02-18 11:00:00,2.3518333,-3.0388334,-0.108166665,614.8431,3.05,2.2963793,-37.85,-42.0,156.78333333333333,4.333333333333333,6.0377507e-09,5.697551e-07,-6.244943
2016-02-18 12:00:00,1.8187037,-3.512037,0.07833334,620.8795,2.8666668,2.2071795,-34.233333333333334,-39.0,309.9,3.0,7.790983e-09,5.1221565e-07,-6.290921
2016-02-18 13:00:00,1.9334147,-2.0178049,1.195122,599.12726,3.290909,2.359091,-31.433333333333334,-34.0,329.81666666666666,3.0,1.4968887e-08,4.9708297e-07,-6.305109
2016-02-18 14:00:00,3.8338182,-1.717091,0.81109095,590.3195,3.0623913,2.1308694,-28.316666666666666,-32.0,171.43333333333334,3.0,1.0921964e-08,5.1329675e-07,-6.294878
2016-02-18 15:00:00,1.1003448,-4.0855174,-0.32327586,616.75,2.9342308,2.2282693,-26.15,-34.0,293.28333333333336,3.3333333333333335,1.0220011e-08,5.6831084e-07,-6.248442
2016-02-18 16:00:00,3.4407275,-2.4692726,2.347091,609.1905,2.9145238,2.165,-25.7,-36.0,443.1,3.3333333333333335,3.2194784e-08,8.05764e-07,-6.107184
2016-02-18 17:00:00,0.09172415,-2.007931,-3.434138,626.9761,2.9330435,2.3047826,-21.066666666666666,-35.0,205.96666666666667,3.3333333333333335,1.9480252e-08,7.763604e-07,-6.116046
2016-02-18 18:00:00,0.054915268,-2.4098306,-1.5150847,626.1682,3.0168183,2.3688638,-26.883333333333333,-40.0,799.3833333333333,4.666666666666667,1.0107278e-08,5.2791404e-07,-6.277784
2016-02-18 19:00:00,4.0657406,-1.2398148,0.47148147,583.93024,3.1348839,2.1372094,-22.65,-36.0,387.4,4.666666666666667,1.0913482e-08,4.4707113e-07,-6.350169
2016-02-18 20:00:00,2.0364406,-3.0123727,2.0838983,597.6383,2.8153193,2.0117023,-30.116666666666667,-40.0,364.3666666666667,4.666666666666667,-14999.85,-14999.85,-5.9743752
2016-02-18 21:00:00,3.5861666,-1.2411667,2.1821666,571.72095,2.5311627,1.6553489,-31.75,-39.0,141.83333333333334,3.3333333333333335,2.1804178e-08,7.705629e-07,-6.1439633
2016-02-18 22:00:00,-0.13666667,-3.4108331,-0.475,603.582,2.6778,1.954,-26.35,-32.0,381.28333333333336,3.3333333333333335,4.9944e-09,4.538633e-07,-6.3433127
2016-02-18 23:00:00,1.4338334,-2.4313333,0.17966667,584.1383,2.907234,1.9729788,-29.4,-31.0,523.6666666666666,3.3333333333333335,1.1206351e-08,5.701504e-07,-6.2477446
2016-02-19 00:00:00,2.6610343,-1.2827586,1.2989655,575.37714,2.8782856,1.8982857,-26.75,-32.0,318.6166666666667,3.0,6.992523e-08,1.2644873e-06,-5.9141774
2016-02-19 01:00:00,3.0981035,-0.5108621,-1.4017241,563.5615,3.1607692,2.0065384,-28.1,-34.0,211.06666666666666,3.0,3.1840703e-08,1.0375632e-06,-5.989913
2016-02-19 02:00:00,2.700893,-0.84071434,-1.2875,562.92554,3.2740426,2.0695744,-29.616666666666667,-34.0,231.9,3.0,1.0051526e-08,6.9080227e-07,-6.1674824
2016-02-19 03:00:00,2.0301695,-2.0594916,0.1038983,565.3222,2.8880002,1.8457778,-25.716666666666665,-32.0,299.1,3.3333333333333335,6.392746e-08,1.4244764e-06,-5.8793736
2016-02-19 04:00:00,0.91490906,-3.2970908,-1.3100001,573.2659,2.859149,1.8787235,-22.8,-28.0,199.68333333333334,3.3333333333333335,4.968558e-08,1.091213e-06,-5.9863095
2016-02-19 05:00:00,-0.24293104,-3.5834482,-0.49,579.3694,2.9312246,1.9677551,-28.066666666666666,-33.0,182.9,3.3333333333333335,8.5834245e-08,1.7309627e-06,-5.765783
2016-02-19 06:00:00,-2.0653448,-2.8301723,-0.8236207,596.1729,2.8554165,2.025625,-31.483333333333334,-37.0,145.6,2.3333333333333335,2.6440727e-08,1.1510886e-06,-5.9454126
2016-02-19 07:00:00,-0.4919149,-2.5351064,-0.95787233,570.7286,2.9578571,1.9071429,-32.5,-38.0,277.15,2.3333333333333335,3.093658e-08,8.5360455e-07,-6.0855913
2016-02-19 08:00:00,1.122037,-3.047963,-1.3894445,562.48,3.1706665,2.0095556,-28.316666666666666,-34.0,232.3,2.3333333333333335,2.212286e-08,4.985057e-07,-6.3405967
2016-02-19 09:00:00,2.1359322,0.15661015,1.641017,561.4907,3.577222,2.2562962,-25.466666666666665,-31.0,258.4,3.3333333333333335,3.61426e-08,7.774264e-07,-6.1608152
2016-02-19 10:00:00,1.1234546,0.7292727,-0.42672727,565.0395,3.4492106,2.1971052,-22.083333333333332,-26.0,199.95,3.3333333333333335,3.0022635e-09,2.9941177e-07,-6.527356
2016-02-19 11:00:00,0.6616667,0.9866667,-1.9038334,562.4864,3.1022727,1.9606818,-22.566666666666666,-24.0,589.75,3.3333333333333335,1.75431e-08,2.4615252e-07,-6.6092973
2016-02-19 12:00:00,1.1188136,1.6515255,-0.7220339,559.683,3.155532,1.976383,-20.683333333333334,-26.0,250.66666666666666,3.0,1.4688757e-08,2.8670866e-07,-6.5487795
2016-02-19 13:00:00,-1.2654386,-3.4122808,-0.9901755,567.4475,2.6345,1.6985,-23.716666666666665,-31.0,268.21666666666664,3.0,7.088836e-09,2.6732516e-07,-6.5742645
2016-02-19 14:00:00,0.11881355,-3.4769492,-1.8383051,547.59546,2.8638637,1.7184091,-25.116666666666667,-32.0,307.9,3.0,9.858058e-09,2.4036288e-07,-6.6193094
2016-02-19 15:00:00,-0.3326667,-3.5141668,-2.9411666,545.4224,2.615102,1.554898,-30.233333333333334,-36.0,520.1666666666666,3.6666666666666665,7.626892e-09,2.6484346e-07,-6.5790777
2016-02-19 16:00:00,-1.6823729,-3.839322,-2.2286441,559.3314,2.768,1.7314285,-29.6,-37.0,611.9333333333333,3.6666666666666665,1.180082e-08,2.5152318e-07,-6.60059
2016-02-19 17:00:00,0.6243333,-3.7855,-1.2008334,549.1451,3.355294,2.0231373,-30.483333333333334,-38.0,511.9,3.6666666666666665,2.1087102e-08,4.2044246e-07,-6.4303083
2016-02-19 18:00:00,-3.8446155,1.5382692,-1.8892307,558.25146,3.4725714,2.1645715,-28.516666666666666,-39.0,414.6333333333333,3.6666666666666665,1.7789949e-08,5.1220997e-07,-6.3064
2016-02-19 19:00:00,-1.1624137,-1.2941378,-1.5905173,551.4941,3.777647,2.2966666,-24.116666666666667,-34.0,410.98333333333335,3.6666666666666665,7.620319e-09,2.81394e-07,-6.5521746
2016-02-19 20:00:00,2.20875,0.33857146,0.30446428,543.61816,4.3631816,2.5779545,-29.283333333333335,-36.0,456.2,3.6666666666666665,6.09639e-09,2.4861924e-07,-6.6052847
2016-02-19 21:00:00,1.3757627,2.7277966,1.1094915,539.6674,3.7595654,2.1893477,-29.95,-36.0,127.78333333333333,2.0,3.5454386e-09,2.4756673e-07,-6.6066346
2016-02-19 22:00:00,1.9615254,2.3105085,1.2184745,531.81305,3.5789132,2.0256522,-26.1,-31.0,75.31666666666666,2.0,9.992606e-09,3.4105935e-07,-6.5298
2016-02-19 23:00:00,3.0984745,0.44033897,1.4086441,532.5143,3.4526188,1.9585714,-22.35,-28.0,157.05,2.0,4.9279997e-08,9.537086e-07,-6.161611
2016-02-20 00:00:00,2.7453334,0.7186667,0.4008333,530.8981,3.13,1.7645098,-24.883333333333333,-30.0,244.8,2.3333333333333335,1.1308159e-09,2.888091e-07,-6.5444007
2016-02-20 01:00:00,2.475,1.3061668,1.8895,530.4061,3.0773468,1.7320409,-23.283333333333335,-30.0,121.06666666666666,2.3333333333333335,8.580023e-09,5.6393793e-07,-6.267096
2016-02-20 02:00:00,2.8411667,1.0743333,1.6041666,521.3958,3.1049998,1.6879166,-22.183333333333334,-30.0,69.53333333333333,2.3333333333333335,1.0113315e-09,2.4223382e-07,-6.618216
2016-02-20 03:00:00,3.8146667,-0.9853333,-0.105166666,519.5568,3.0522728,1.6506817,-18.683333333333334,-28.0,164.86666666666667,2.0,1.000346e-09,2.1986499e-07,-6.6580477
2016-02-20 04:00:00,3.9786668,-0.26833335,-0.8486667,517.7714,2.9345238,1.5754762,-18.116666666666667,-28.0,232.16666666666666,2.0,1.0010379e-09,2.5830713e-07,-6.591584
2016-02-20 05:00:00,4.1431665,-0.3165,-0.453,513.64685,2.7115626,1.4296875,-23.45,-31.0,180.2,2.0,1.0009864e-09,2.6094943e-07,-6.5849576
2016-02-20 06:00:00,3.7170174,-1.8408772,0.99438596,516.1054,2.5372972,1.3521621,-22.483333333333334,-31.0,268.8333333333333,2.0,1.0666367e-08,3.4145427e-07,-6.503545
2016-02-20 07:00:00,3.372245,-1.920204,0.21142857,525.0639,3.2369444,1.7858334,-20.033333333333335,-27.0,145.63333333333333,2.0,6.1331917e-09,3.645579e-07,-6.490445
2016-02-20 08:00:00,3.8927586,-1.5439656,0.8025862,514.7674,3.5291305,1.8684782,-19.083333333333332,-25.0,102.7,2.0,1.9506514e-09,2.39089e-07,-6.636843
2016-02-20 09:00:00,3.9098332,-1.3266666,1.3536667,502.13333,3.5976193,1.8204762,-18.533333333333335,-24.0,47.06666666666667,0.6666666666666666,1.0010149e-09,2.1084206e-07,-6.676874
2016-02-20 10:00:00,4.401,-1.393,0.736,486.70398,2.413,1.1524,-17.683333333333334,-22.0,37.56666666666667,0.6666666666666666,1.0026935e-09,1.9906452e-07,-6.7016478
2016-02-20 11:00:00,3.4388335,-1.3111666,1.1550001,482.52808,2.542807,1.182807,-19.016666666666666,-22.0,26.916666666666668,0.6666666666666666,1.001361e-09,2.059577e-07,-6.68658
2016-02-20 12:00:00,3.1310527,-1.6954386,1.5907017,471.33182,2.5486364,1.1322727,-17.016666666666666,-21.0,46.0,1.0,1.0105908e-09,2.3832894e-07,-6.6247525
2016-02-20 13:00:00,2.2116666,-2.1898334,0.31433335,474.1476,2.4147618,1.0885714,-18.116666666666667,-24.0,60.7,1.0,1.0064595e-09,2.252842e-07,-6.6492558
2016-02-20 14:00:00,1.4778333,-3.326,0.74899995,464.4625,2.135,0.92160714,-18.333333333333332,-25.0,122.13333333333334,1.0,1.0050232e-09,2.1791001e-07,-6.662058
2016-02-20 15:00:00,0.7826666,-3.8395,0.13333334,457.51852,1.955,0.81777775,-17.0,-25.0,146.15,0.6666666666666666,1.625999e-09,2.3603e-07,-6.630415
2016-02-20 16:00:00,1.472,-3.4983332,0.6175,444.76962,2.2010715,0.87035716,-17.716666666666665,-26.0,229.33333333333334,0.6666666666666666,1.6150536e-09,2.6312262e-07,-6.5804687
2016-02-20 17:00:00,2.507,-2.8623335,1.0416666,450.58057,2.0508335,0.83055556,-17.183333333333334,-27.0,127.5,0.6666666666666666,2.4182425e-09,3.042679e-07,-6.519519
2016-02-20 18:00:00,1.9507018,-2.754737,0.7342105,439.9628,2.4813955,0.9616279,-15.883333333333333,-27.0,41.05,0.3333333333333333,1.8513737e-09,2.9450902e-07,-6.5311856
2016-02-20 19:00:00,2.4810526,-2.0296493,0.49649122,445.5891,2.931739,1.1645652,-16.883333333333333,-26.0,34.65,0.3333333333333333,3.0688645e-09,3.4820366e-07,-6.46041
2016-02-20 20:00:00,2.5543332,-2.1708333,0.17950001,442.68335,3.0062962,1.1790742,-18.483333333333334,-26.0,42.93333333333333,0.3333333333333333,6.4334e-09,4.2495242e-07,-6.3739085
2016-02-20 21:00:00,1.8678334,-2.272,-0.1895,423.65744,3.3142555,1.1846808,-19.75,-25.0,25.116666666666667,0.3333333333333333,1.324652e-09,3.0503728e-07,-6.516246
2016-02-20 22:00:00,1.7655555,-1.0550001,-1.0046296,404.34482,3.8306894,1.2534482,-18.016666666666666,-22.0,35.266666666666666,0.3333333333333333,1.2544157e-09,2.6757772e-07,-6.5733743
2016-02-20 23:00:00,2.2711668,-1.2045,-0.17516667,399.0522,4.946087,1.5717392,-13.1,-18.0,58.55,0.3333333333333333,1.1012438e-09,2.3743722e-07,-6.625008
2016-02-21 00:00:00,2.1903389,-0.8630509,-0.15457627,393.08386,5.6616125,1.7503226,-7.316666666666666,-13.0,47.61666666666667,1.0,1.0615548e-09,2.2918564e-07,-6.6414313
2016-02-21 01:00:00,2.390339,-0.8223729,0.2722034,394.4648,5.6833334,1.7688888,-8.816666666666666,-14.0,49.75,1.0,1.0692875e-09,2.2815762e-07,-6.6421795
2016-02-21 02:00:00,1.171,-1.8928334,-0.7396667,383.425,6.3855767,1.8786539,-8.15,-14.0,53.666666666666664,1.0,1.0630659e-09,2.0611846e-07,-6.686379
2016-02-21 03:00:00,0.66075474,-2.6396224,0.800566,374.232,5.6215997,1.5752001,-10.316666666666666,-17.0,60.81666666666667,1.6666666666666665,1.0156747e-09,2.0831399e-07,-6.683332
2016-02-21 04:00:00,0.13599999,-2.079,-1.2316667,369.57043,6.653409,1.8184091,-10.066666666666666,-17.0,64.16666666666667,1.6666666666666665,1.0298378e-09,1.8996958e-07,-6.722343
2016-02-21 05:00:00,0.79322034,-2.317966,1.9216949,365.1353,6.299412,1.6797059,-10.566666666666666,-18.0,98.63333333333334,1.6666666666666665,1e-09,1.8680167e-07,-6.7291627
2016-02-21 06:00:00,-0.17680852,-2.4676595,0.99148935,367.21283,6.1671796,1.6646154,-9.533333333333333,-16.0,79.2,0.6666666666666666,1.009136e-09,1.820384e-07,-6.7400217
2016-02-21 07:00:00,,,,,,,-12.916666666666666,-18.0,48.266666666666666,0.6666666666666666,2.4780547e-09,2.6239343e-07,-6.6079183
2016-02-21 08:00:00,,,,,,,-12.7,-18.0,42.15,0.6666666666666666,1e-09,2.1153839e-07,-6.6768694
2016-02-21 09:00:00,2.7186792,-0.57849056,1.8198112,339.84375,5.8103123,1.341875,-11.5,-17.0,46.666666666666664,0.0,1.000346e-09,2.087636e-07,-6.6807227
2016-02-21 10:00:00,2.7425,-0.8966071,-0.4680357,338.1326,5.5563045,1.2700001,-10.933333333333334,-16.0,49.46666666666667,0.0,1.0917145e-09,2.11727e-07,-6.678047
2016-02-21 11:00:00,2.8343332,-0.7991667,-0.5286667,335.60345,5.470862,1.2327586,-10.183333333333334,-13.0,53.63333333333333,0.0,1.2350493e-09,2.0801822e-07,-6.687403
2016-02-21 12:00:00,2.8118334,-0.52716666,-0.8138333,335.79584,5.6356254,1.2702084,-7.533333333333333,-11.0,77.06666666666666,0.6666666666666666,1.0947366e-09,2.1714962e-07,-6.666898
2016-02-21 13:00:00,3.167069,0.01517241,-1.1484482,333.70612,5.9067345,1.3138775,-7.966666666666667,-14.0,163.51666666666668,0.6666666666666666,2.1573143e-09,2.3167703e-07,-6.6493564
2016-02-21 14:00:00,3.2360346,0.06689655,-0.6925862,332.9481,6.5375004,1.4496154,-9.683333333333334,-16.0,157.46666666666667,0.6666666666666666,1.006062e-09,1.9728974e-07,-6.705664
2016-02-21 15:00:00,2.8755932,-0.43016946,-2.761695,330.38605,6.412791,1.4,-9.966666666666667,-17.0,156.83333333333334,0.6666666666666666,3.32907e-09,3.3605158e-07,-6.47535
2016-02-21 16:00:00,2.6762745,0.1872549,-2.6123528,330.19232,6.5725636,1.4323077,-10.566666666666666,-18.0,97.53333333333333,0.6666666666666666,1.3895677e-09,2.976732e-07,-6.529516
2016-02-21 17:00:00,3.6608331,-0.6076667,-2.7061665,332.70624,7.072708,1.5675,-10.383333333333333,-20.0,161.06666666666666,0.6666666666666666,1.0442663e-09,2.2340569e-07,-6.651326
2016-02-21 18:00:00,2.8031428,2.7762856,-2.554,333.4138,8.467241,1.8834482,-9.483333333333333,-20.0,254.01666666666668,1.6666666666666665,1.0293905e-09,2.3838703e-07,-6.623724
2016-02-21 19:00:00,2.7571666,1.9235001,-2.5945,337.034,8.2448,1.8754,-10.716666666666667,-20.0,187.85,1.6666666666666665,1.00934e-09,1.9157454e-07,-6.718109
2016-02-21 20:00:00,4.6312284,1.3605263,-3.4426315,330.09796,7.9859185,1.7420409,-15.116666666666667,-22.0,178.95,1.6666666666666665,1e-09,1.760253e-07,-6.75451
2016-02-21 21:00:00,4.548,1.4505,-2.8478332,334.68512,8.305958,1.8640425,-13.083333333333334,-18.0,282.6166666666667,1.6666666666666665,1.021978e-09,1.7095672e-07,-6.7671676
2016-02-21 22:00:00,4.0166664,-0.023703707,-1.252037,334.99188,8.341891,1.867027,-11.383333333333333,-15.0,115.68333333333334,1.6666666666666665,1.0146628e-09,1.7161351e-07,-6.7655015
2016-02-21 23:00:00,4.183077,-2.2546153,1.979423,328.29288,9.053572,1.9517858,-8.333333333333334,-13.0,59.95,1.6666666666666665,1.0006919e-09,1.7686924e-07,-6.752402
2016-02-22 00:00:00,5.112,-2.2530909,0.2229091,324.0357,9.750238,2.0483334,-6.266666666666667,-12.0,45.53333333333333,0.0,1.0009537e-09,1.7823581e-07,-6.7490754
2016-02-22 01:00:00,5.310189,-2.1286793,-0.48000002,320.9472,9.88,2.035,-5.583333333333333,-11.0,32.46666666666667,0.0,1e-09,1.7385341e-07,-6.759881
2016-02-22 02:00:00,4.8403335,-2.4888334,0.5845,321.51724,9.564655,1.9775862,-3.566666666666667,-9.0,25.55,0.0,1.0006919e-09,1.7009104e-07,-6.7694955
2016-02-22 03:00:00,4.1585965,-4.2273684,0.15298244,327.33673,10.162653,2.1781633,-2.2333333333333334,-10.0,49.53333333333333,0.0,1e-09,1.6785424e-07,-6.7752385
2016-02-22 04:00:00,4.5311666,-1.4031667,1.5691667,323.35263,10.525263,2.2019298,-3.433333333333333,-10.0,57.35,0.0,1e-09,1.6611911e-07,-6.779719
2016-02-22 05:00:00,2.1988332,1.2791667,4.424667,328.84717,10.406793,2.2496228,-0.18333333333333332,-7.0,45.25,0.0,1e-09,1.762714e-07,-6.753915
2016-02-22 06:00:00,2.8706667,-0.8648333,4.4085,327.8225,11.0495,2.3715,2.183333333333333,-4.0,31.183333333333334,0.0,1e-09,1.752565e-07,-6.756447
2016-02-22 07:00:00,2.767451,-5.0698037,2.802745,333.17435,11.132564,2.4710257,3.683333333333333,-1.0,26.766666666666666,0.0,1e-09,1.722033e-07,-6.764124
2016-02-22 08:00:00,1.5255933,-6.378644,2.1022034,337.81787,10.990535,2.5083928,3.816666666666667,-1.0,33.68333333333333,0.0,1e-09,1.7384998e-07,-6.7599497
2016-02-22 09:00:00,2.0918334,-6.7215,2.3875,338.57806,10.576585,2.4256098,4.333333333333333,-1.0,105.68333333333334,0.6666666666666666,1e-09,1.745175e-07,-6.758728
2016-02-22 10:00:00,0.8506667,-4.7283335,4.3558335,347.30377,11.511132,2.7790565,3.816666666666667,-1.0,63.05,0.6666666666666666,1e-09,1.8341703e-07,-6.737592
2016-02-22 11:00:00,-1.1085714,3.424107,5.039643,348.5489,10.47,2.5446668,3.7,0.0,46.416666666666664,0.6666666666666666,1e-09,1.6999063e-07,-6.76971
2016-02-22 12:00:00,1.4360417,-2.25,3.0670834,347.95456,11.099091,2.6881819,5.783333333333333,0.0,45.0,1.0,1e-09,1.6551748e-07,-6.781473
2016-02-22 13:00:00,3.5651667,-3.8131666,0.51033336,345.21112,11.351851,2.7061112,3.8,-2.0,38.05,1.0,1e-09,1.6621772e-07,-6.7794814
2016-02-22 14:00:00,3.166154,-3.1151924,0.8988462,339.75366,11.699024,2.7007318,1.8833333333333333,-5.0,40.766666666666666,1.0,1e-09,1.7927918e-07,-6.7467895
2016-02-22 15:00:00,1.6103921,2.2017648,4.217451,339.71002,11.24275,2.59025,-1.8666666666666667,-9.0,93.9,1.0,1e-09,1.7861211e-07,-6.7484045
2016-02-22 16:00:00,-0.54181814,4.2972727,3.732909,349.0946,10.506757,2.5627027,1.4333333333333333,-8.0,82.1,1.0,1.3451664e-09,2.1337264e-07,-6.6757092
2016-02-22 17:00:00,0.38232142,3.0742857,6.8580356,343.28125,7.046875,1.66125,-0.4,-9.0,41.266666666666666,1.0,1.0006804e-09,2.099154e-07,-6.6783895
2016-02-22 18:00:00,1.5303571,-0.69053566,4.332857,343.19025,7.57122,1.790244,-0.25,-7.0,26.833333333333332,0.6666666666666666,1.4904257e-09,2.467258e-07,-6.6186447
2016-02-22 19:00:00,1.5992156,-0.62686276,1.0433333,352.6,7.87,1.9613158,-1.4666666666666666,-7.0,20.566666666666666,0.6666666666666666,1.0103762e-09,2.2159438e-07,-6.6555924
2016-02-22 20:00:00,3.7405002,-1.7493333,1.7728333,353.24866,7.4318924,1.8548648,-4.666666666666667,-8.0,37.21666666666667,0.6666666666666666,5.6228715e-09,2.739806e-07,-6.612707
2016-02-22 21:00:00,3.317966,-0.91322035,1.271356,355.49075,7.6472225,1.9331481,-5.05,-7.0,31.233333333333334,1.0,1.0309128e-09,2.294791e-07,-6.644834
2016-02-22 22:00:00,3.4760785,0.27823532,-1.465098,357.15674,7.422162,1.894054,-3.4166666666666665,-7.0,28.083333333333332,1.0,1e-09,1.9110773e-07,-6.7191467
2016-02-22 23:00:00,3.2546809,-0.37361702,-1.6976596,358.75,7.4494734,1.9194738,-1.45,-7.0,42.483333333333334,1.0,1.0235487e-09,2.2529407e-07,-6.6549554
2016-02-23 00:00:00,3.9908333,-2.1825,-0.11133333,353.67593,7.4112964,1.8544444,-0.16666666666666666,-6.0,52.25,2.3333333333333335,1e-09,1.9454814e-07,-6.7132726
2016-02-23 01:00:00,3.7376666,-1.5441667,-1.1474999,354.46072,7.2573214,1.8251785,-2.0166666666666666,-6.0,96.75,2.3333333333333335,7.0977815e-09,2.8585157e-07,-6.60954
2016-02-23 02:00:00,4.3816667,-0.29099998,0.12933333,351.18848,6.7982693,1.6774999,-5.0,-10.0,117.61666666666666,2.3333333333333335,1e-09,1.6905175e-07,-6.772405
2016-02-23 03:00:00,4.418305,0.097457625,1.4145763,353.0,6.6114283,1.6491836,-0.03333333333333333,-8.0,38.11666666666667,0.6666666666666666,1e-09,1.5883614e-07,-6.7998996
2016-02-23 04:00:00,3.566415,-0.89716977,1.6277357,360.63235,6.3802943,1.6594118,0.95,-8.0,19.233333333333334,0.6666666666666666,1e-09,1.6154414e-07,-6.7924104
2016-02-23 05:00:00,3.608679,-1.5516981,1.7177359,360.41818,6.1472726,1.5942425,1.0,-8.0,17.416666666666668,0.6666666666666666,1e-09,1.5853827e-07,-6.7999115
2016-02-23 06:00:00,3.038864,-1.5606818,2.640909,371.45712,5.511786,1.5214285,-0.8,-7.0,25.566666666666666,0.3333333333333333,1e-09,1.6267364e-07,-6.7889113
2016-02-23 07:00:00,3.0472414,-1.6855173,2.9403448,370.41156,5.6325,1.5469232,-0.8833333333333333,-6.0,27.95,0.3333333333333333,1e-09,1.8611802e-07,-6.731283
2016-02-23 08:00:00,2.1407692,-3.815,1.4730769,374.31946,6.0197225,1.6875,2.0166666666666666,-4.0,37.15,0.3333333333333333,1e-09,2.055413e-07,-6.687943
2016-02-23 09:00:00,2.214717,-2.4552832,0.41905662,371.58286,6.0222855,1.6608572,2.8833333333333333,-3.0,58.68333333333333,0.3333333333333333,1e-09,1.9390654e-07,-6.7148566
2016-02-23 10:00:00,2.8017073,-1.6829268,2.3321953,370.65668,5.647667,1.5513333,0.6666666666666666,-4.0,30.683333333333334,0.3333333333333333,1e-09,1.6259709e-07,-6.7889633
2016-02-23 11:00:00,3.1008928,-2.6675,2.3751786,370.24255,5.81383,1.5925531,1.2666666666666666,-2.0,30.616666666666667,0.3333333333333333,1e-09,1.5759292e-07,-6.80262
2016-02-23 12:00:00,4.009608,-2.5594118,1.8233333,364.28998,5.85225,1.55175,2.45,-2.0,35.61666666666667,0.6666666666666666,1e-09,1.6084999e-07,-6.793736
2016-02-23 13:00:00,2.6020339,-4.310339,-0.36186442,370.41632,5.847143,1.6053061,4.016666666666667,-2.0,52.2,0.6666666666666666,1e-09,1.5085338e-07,-6.821695
2016-02-23 14:00:00,2.9160001,-3.7635,0.41450003,368.068,6.2216005,1.6858001,2.716666666666667,-4.0,140.15,0.6666666666666666,1e-09,1.5201002e-07,-6.818262
2016-02-23 15:00:00,1.9676923,-4.3438463,-0.11038461,374.55,6.5805,1.8465,3.1166666666666667,-6.0,91.86666666666666,0.6666666666666666,1e-09,1.5725274e-07,-6.805026
2016-02-23 16:00:00,3.2778182,-3.9976363,0.7761818,368.95,6.739048,1.8333334,0.8,-9.0,47.583333333333336,0.6666666666666666,1e-09,1.4668005e-07,-6.833669
2016-02-23 17:00:00,2.7613795,-4.296207,-0.27637932,368.57608,7.091087,1.9265218,-0.31666666666666665,-12.0,93.1,0.6666666666666666,1e-09,1.6016439e-07,-6.7973766
2016-02-23 18:00:00,3.8171427,-3.6533928,0.80107147,360.04877,7.894878,2.047561,-2.05,-14.0,228.36666666666667,1.6666666666666665,1e-09,1.4344569e-07,-6.843417
2016-02-23 19:00:00,-1.4592983,-4.0410523,-2.5264912,361.8421,8.666842,2.2815788,-2.45,-11.0,102.53333333333333,1.6666666666666665,1e-09,1.4153963e-07,-6.849292
2016-02-23 20:00:00,-3.1721666,-4.0125,-3.7111666,374.80756,9.74283,2.7371697,-6.033333333333333,-12.0,300.95,1.6666666666666665,1.0003345e-09,1.4661268e-07,-6.8359966
2016-02-23 21:00:00,-3.5483332,-5.3225,-3.1936667,371.0857,10.167755,2.8,-10.066666666666666,-15.0,602.15,3.0,-38332.95,-38332.95,-6.813455
2016-02-23 22:00:00,-1.7283334,-4.919,-4.7330003,359.34546,11.004772,2.84,-10.966666666666667,-15.0,369.8666666666667,3.0,1.0006919e-09,1.558062e-07,-6.808327
2016-02-23 23:00:00,1.3281633,-4.5540814,-2.8189797,345.1475,11.328501,2.6995,-10.0,-16.0,345.06666666666666,3.0,1e-09,1.4754147e-07,-6.831587
2016-02-24 00:00:00,-0.52793103,-5.013448,-1.4868965,348.2392,11.073726,2.6798038,-8.7,-13.0,354.7,2.6666666666666665,1.000346e-09,1.4330953e-07,-6.8479886
2016-02-24 01:00:00,-3.4562712,-4.866441,-0.8223729,358.46536,10.233077,2.629423,-11.5,-14.0,313.4,2.6666666666666665,1.0817923e-09,1.787094e-07,-6.7628098
2016-02-24 02:00:00,-1.5177966,-3.3361018,1.7077967,348.11002,10.7145,2.5977502,-13.033333333333333,-16.0,230.98333333333332,2.6666666666666665,1e-09,1.3238605e-07,-6.8783274
2016-02-24 03:00:00,-2.0058823,-4.7123528,0.036470603,350.08066,11.044193,2.7019355,-8.016666666666667,-15.0,103.01666666666667,1.6666666666666665,1e-09,1.4710888e-07,-6.8395457
2016-02-24 04:00:00,-1.4450848,-5.0888133,-0.4564407,349.53818,9.780181,2.3863637,-5.883333333333334,-15.0,124.43333333333334,1.6666666666666665,1e-09,1.479514e-07,-6.831239
2016-02-24 05:00:00,3.7103333,-0.37683335,0.13766667,331.25296,8.613137,1.8947058,-8.616666666666667,-16.0,100.25,1.6666666666666665,1e-09,1.3902246e-07,-6.858243
2016-02-24 06:00:00,4.801167,-1.3943332,-1.2223334,325.0793,8.719828,1.831724,-13.55,-20.0,96.21666666666667,1.3333333333333333,1e-09,1.3476296e-07,-6.87074
2016-02-24 07:00:00,2.5685,-5.6524997,-2.7986667,336.6262,7.822619,1.7742857,-12.716666666666667,-18.0,177.8,1.3333333333333333,1.0711471e-09,1.4544459e-07,-6.8461394
2016-02-24 08:00:00,1.5494828,-5.2872415,-0.25982758,342.68604,8.549535,2.0023255,-10.75,-16.0,314.8333333333333,1.3333333333333333,1.0446067e-09,1.5297502e-07,-6.8232584
2016-02-24 09:00:00,-0.42616665,-6.9820004,2.2355,346.30835,8.165417,1.9591666,-11.483333333333333,-17.0,235.76666666666668,1.0,1e-09,1.3552872e-07,-6.86816
2016-02-24 10:00:00,0.40033334,-7.2038336,1.31,339.87292,8.683958,2.0089583,-8.966666666666667,-14.0,88.13333333333334,1.0,1e-09,1.3522256e-07,-6.869537
2016-02-24 11:00:00,0.91563636,-6.992909,1.7645453,336.28635,8.846818,2.0002272,-9.65,-13.0,148.5,1.0,1e-09,1.4143251e-07,-6.8497224
2016-02-24 12:00:00,0.5795,-6.2928333,0.82600003,337.14908,8.892452,2.0281131,-8.7,-14.0,169.73333333333332,2.3333333333333335,7.930367e-09,2.7155326e-07,-6.6854033
2016-02-24 13:00:00,1.9506251,-5.66,2.318125,320.13794,9.705517,1.9965518,-6.6,-15.0,262.55,2.3333333333333335,1.0296851e-09,1.7614144e-07,-6.7553525
2016-02-24 14:00:00,-2.8581667,-5.614333,1.3543334,340.60376,10.787358,2.5020754,-1.75,-11.0,112.8,2.3333333333333335,1.0006919e-09,2.1067565e-07,-6.6771207
2016-02-24 15:00:00,-3.4233332,-5.513833,0.6491667,334.36224,10.865472,2.4299998,-1.6333333333333333,-10.0,55.55,1.0,1e-09,1.9106255e-07,-6.7197857
2016-02-24 16:00:00,-4.5491667,-3.8591666,0.614,333.82,10.568364,2.3567271,-2.7666666666666666,-12.0,81.08333333333333,1.0,1.2585738e-09,2.2921633e-07,-6.6510596
2016-02-24 17:00:00,-4.467755,-3.2008162,3.3914285,332.07056,8.74147,1.9276471,-3.4166666666666665,-13.0,145.13333333333333,1.0,2.0217088e-09,2.150608e-07,-6.683754
2016-02-24 18:00:00,-3.7057142,-4.0510206,2.557551,326.80212,10.593404,2.2631915,-1.2833333333333334,-10.0,45.5,1.3333333333333333,1.8499213e-09,1.9026372e-07,-6.732508
2016-02-24 19:00:00,-2.6772223,-4.6035185,-0.9496296,326.50528,9.764473,2.0844736,-2.9833333333333334,-10.0,66.0,1.3333333333333333,1e-09,1.73324e-07,-6.762096
2016-02-24 20:00:00,-0.39699998,-5.8158336,2.0403333,320.05884,9.040784,1.8566667,-9.633333333333333,-13.0,202.88333333333333,1.3333333333333333,1e-09,1.8874859e-07,-6.727573
2016-02-24 21:00:00,1.3428333,-5.6853333,3.7401667,309.46313,7.9292107,1.516579,-12.216666666666667,-14.0,88.18333333333334,1.6666666666666665,1.1876097e-09,2.4881783e-07,-6.611539
2016-02-24 22:00:00,0.24288136,-6.068644,2.0945764,315.59183,9.122653,1.8193878,-8.266666666666667,-12.0,49.916666666666664,1.6666666666666665,1.0016225e-09,1.8365462e-07,-6.737816
2016-02-24 23:00:00,1.3783636,-6.638,2.3652728,318.03555,9.526444,1.9322221,-5.933333333333334,-11.0,56.75,1.6666666666666665,1.006313e-09,2.0770084e-07,-6.688543
2016-02-25 00:00:00,1.490339,-6.218644,3.513051,317.65814,11.658139,2.352093,-2.2,-8.0,154.16666666666666,1.6666666666666665,1e-09,1.9348519e-07,-6.7161775
2016-02-25 01:00:00,2.7914035,-4.633333,4.9543858,311.39755,10.89439,2.1163416,0.7166666666666667,-4.0,81.9,1.6666666666666665,1.0009864e-09,1.6135817e-07,-6.7927628
2016-02-25 02:00:00,3.7128072,-5.5126314,3.4485967,309.8151,10.240377,1.9669812,1.8,-3.0,35.06666666666667,1.6666666666666665,1e-09,1.5264992e-07,-6.818235
2016-02-25 03:00:00,3.2941072,-5.3335714,1.9598215,310.52563,11.549744,2.2305129,4.783333333333333,-1.0,45.666666666666664,1.6666666666666665,1e-09,1.8136761e-07,-6.7448206
2016-02-25 04:00:00,2.2879999,-4.748667,-0.8261667,316.2962,16.049812,3.2147171,6.55,1.0,66.81666666666666,1.6666666666666665,1e-09,1.639664e-07,-6.787786
2016-02-25 05:00:00,0.043166675,-4.8413334,-1.1443334,320.59216,17.483725,3.5956864,4.7,1.0,160.06666666666666,1.6666666666666665,1e-09,1.7945146e-07,-6.7567124
2016-02-25 06:00:00,1.0176667,-6.4826665,-0.19266668,315.90546,15.7461815,3.1432729,-1.45,-3.0,193.86666666666667,1.6666666666666665,1e-09,1.3855386e-07,-6.8588157
2016-02-25 07:00:00,-0.39466667,-6.949667,1.0849999,321.33035,16.708216,3.4528573,-1.7166666666666666,-3.0,134.15,1.6666666666666665,1e-09,1.5246908e-07,-6.818072
2016-02-25 08:00:00,-1.721852,-5.7240744,1.3307408,322.46326,19.63653,4.084694,0.25,-2.0,69.98333333333333,1.6666666666666665,1e-09,1.4319896e-07,-6.8444953
2016-02-25 09:00:00,-1.3193333,-5.058,3.2591667,319.4357,20.853096,4.2566667,1.2833333333333334,-1.0,79.85,1.0,1.2275133e-09,2.3834299e-07,-6.6378255
2016-02-25 10:00:00,-1.6331667,-4.688,3.5366666,320.6143,22.032,4.527428,2.8333333333333335,0.0,91.81666666666666,1.0,1.115272e-09,1.9451296e-07,-6.7187686
2016-02-25 11:00:00,-0.5783333,-6.044833,3.255,311.7163,18.012041,3.5220408,4.516666666666667,3.0,39.1,1.0,1e-09,1.6721759e-07,-6.777446
2016-02-25 12:00:00,-1.4059649,-5.8864913,3.730351,308.45813,15.0474415,2.8618605,3.1666666666666665,0.0,30.1,1.0,1e-09,1.6300847e-07,-6.788902
2016-02-25 13:00:00,-1.6652542,-5.6722035,4.080678,306.0085,13.600851,2.5429788,1.4666666666666666,-3.0,46.0,1.0,1e-09,1.6662165e-07,-6.7807927
2016-02-25 14:00:00,-2.944909,-4.2954545,5.1825457,310.83255,13.568838,2.6276743,3.0833333333333335,-2.0,62.766666666666666,1.0,1e-09,1.6287542e-07,-6.788589
2016-02-25 15:00:00,-0.9565,-6.9901667,5.3836665,325.8449,12.6308155,2.6793876,4.883333333333334,-1.0,48.4,0.6666666666666666,1e-09,1.7219324e-07,-6.7646093
2016-02-25 16:00:00,-0.57549995,-7.1664996,4.0903335,324.06073,13.887143,2.9132142,3.9833333333333334,-3.0,40.2,0.6666666666666666,1e-09,1.5472418e-07,-6.81056
2016-02-25 17:00:00,-5.5995,-3.5218332,3.6903334,305.4649,16.506842,3.0817544,4.416666666666667,-3.0,97.2,0.6666666666666666,1e-09,1.657595e-07,-6.780705
2016-02-25 18:00:00,-8.260172,-1.8281034,3.970862,300.368,15.989201,2.8836002,0.15,-3.0,96.31666666666666,0.6666666666666666,1.0013325e-09,1.7643328e-07,-6.7555127
2016-02-25 19:00:00,-8.085088,-1.6173685,4.677193,302.08636,17.227728,3.1525002,0.13333333333333333,0.0,35.71666666666667,0.6666666666666666,7.857178e-09,4.1426833e-07,-6.4465346
2016-02-25 20:00:00,-7.085593,0.9920339,5.5757627,312.97208,18.659534,3.671628,5.516666666666667,6.0,32.983333333333334,0.6666666666666666,-14999.85,-14999.85,-6.3331413
2016-02-25 21:00:00,-3.9536667,9.050334,2.3703334,321.9377,23.831509,4.931321,11.333333333333334,12.0,27.366666666666667,2.0,1e-09,2.0696248e-07,-6.6933894
2016-02-25 22:00:00,5.782,3.0343332,-5.9475,346.8314,16.886862,4.0694118,7.566666666666666,7.0,48.35,2.0,1e-09,1.6111862e-07,-6.7929854
2016-02-25 23:00:00,2.6849124,6.6835084,-5.79,346.90652,13.543695,3.2721741,-0.7833333333333333,-3.0,124.68333333333334,2.0,1e-09,1.532663e-07,-6.814852
2016-02-26 00:00:00,-2.7236667,7.687667,-1.9726666,349.87454,10.117636,2.466909,-2.7,-7.0,252.41666666666666,3.6666666666666665,1e-09,1.7252168e-07,-6.7644186
2016-02-26 01:00:00,-1.7938333,8.856,-2.7111666,355.87827,8.021087,2.0330434,-2.8833333333333333,-9.0,120.55,3.6666666666666665,1e-09,1.7013704e-07,-6.769828
2016-02-26 02:00:00,-2.9506667,8.414166,-1.5486666,354.0596,7.811915,1.9568086,-5.066666666666666,-11.0,197.33333333333334,3.6666666666666665,1e-09,1.4629296e-07,-6.835099
2016-02-26 03:00:00,-3.0684483,8.391725,-0.8831035,360.78235,6.5990195,1.7184314,-1.2166666666666666,-9.0,161.1,2.6666666666666665,1e-09,1.4744201e-07,-6.832127
2016-02-26 04:00:00,-3.3308928,3.950893,-4.5319643,368.89166,6.2777777,1.706389,2.3,-8.0,64.45,2.6666666666666665,1e-09,1.7260287e-07,-6.7677865
2016-02-26 05:00:00,-6.1965218,3.1626086,-0.08978261,359.83948,6.308421,1.6328948,-6.8,-14.0,111.76666666666667,2.6666666666666665,1.0003345e-09,1.8464397e-07,-6.737866
2016-02-26 06:00:00,-6.604915,1.3540678,-0.12576272,359.54916,5.901864,1.5255933,-5.833333333333333,-12.0,95.33333333333333,1.6666666666666665,1e-09,1.4623969e-07,-6.8352375
2016-02-26 07:00:00,-5.47375,3.065,2.39875,372.8841,5.3738637,1.4938637,-5.733333333333333,-9.0,42.833333333333336,1.6666666666666665,1e-09,1.3193903e-07,-6.8797865
2016-02-26 08:00:00,-6.063158,0.3345614,0.7952631,373.0458,4.5904164,1.280625,-2.6333333333333333,-6.0,34.95,1.6666666666666665,1e-09,1.2881193e-07,-6.890389
2016-02-26 09:00:00,-5.2831817,2.6629546,2.2238636,408.94348,3.930435,1.3156521,-0.8166666666666667,-4.0,24.233333333333334,1.0,-11666.55,-11666.55,-6.6441154
2016-02-26 10:00:00,-3.488,2.7889092,1.0232728,415.80884,4.005294,1.3882353,-0.15,-3.0,25.633333333333333,1.0,4.45876e-09,4.862945e-07,-6.3171744
2016-02-26 11:00:00,-0.024313726,1.7384313,-1.7184314,411.44,4.49,1.52,0.8166666666666667,-2.0,31.483333333333334,1.0,1.1973514e-09,3.068091e-07,-6.5296865
2016-02-26 12:00:00,-4.1454997,2.1963334,3.0040002,406.69284,4.7523813,1.5719047,1.2,-5.0,115.41666666666667,1.3333333333333333,1e-09,1.6155313e-07,-6.7941275
2016-02-26 13:00:00,-2.9848332,2.1983333,1.3581666,415.4,4.8464003,1.6758,4.416666666666667,-6.0,50.46666666666667,1.3333333333333333,1e-09,1.3761854e-07,-6.8617096
2016-02-26 14:00:00,0.61568624,4.1203923,-0.774902,422.8575,4.75425,1.7049999,3.933333333333333,-6.0,38.516666666666666,1.3333333333333333,1e-09,1.2300933e-07,-6.9101453
2016-02-26 15:00:00,1.7925,5.2275,0.20216666,413.20978,4.5762744,1.5625491,2.533333333333333,-6.0,134.71666666666667,0.6666666666666666,1e-09,1.2544307e-07,-6.901753
2016-02-26 16:00:00,5.284035,2.4766667,-1.7570176,424.44147,4.4368296,1.5956097,2.45,-7.0,62.8,0.6666666666666666,1e-09,1.3334905e-07,-6.8751483
2016-02-26 17:00:00,2.2509615,3.4373078,-0.1980769,407.8463,5.495122,1.8290243,1.9333333333333333,-9.0,42.36666666666667,0.6666666666666666,1e-09,1.2832766e-07,-6.891732
2016-02-26 18:00:00,3.7827585,2.2948277,-1.4577587,407.05777,5.974222,1.978889,2.0833333333333335,-8.0,35.88333333333333,1.0,1e-09,1.362511e-07,-6.8663025
2016-02-26 19:00:00,1.7605,2.2350001,-2.155,397.39743,6.1817946,1.9515384,0.06666666666666667,-7.0,57.05,1.0,1e-09,1.4969233e-07,-6.8248935
2016-02-26 20:00:00,-1.5928333,4.928167,-1.534,387.4289,5.973778,1.7928889,-0.8666666666666667,-5.0,119.66666666666667,1.0,1e-09,1.5272744e-07,-6.8164043
2016-02-26 21:00:00,-3.4868968,3.8993104,2.9906898,379.13953,6.435349,1.8495349,-1.2,-3.0,26.566666666666666,0.0,1e-09,1.773182e-07,-6.751882
2016-02-26 22:00:00,-1.8544999,4.2461667,0.47800002,381.83075,6.225769,1.8149999,3.433333333333333,2.0,26.283333333333335,0.0,1e-09,2.1005958e-07,-6.6811557
2016-02-26 23:00:00,-3.0151854,3.7616668,1.937037,378.1326,6.3936954,1.8273913,8.516666666666667,6.0,20.433333333333334,0.0,1e-09,2.0278429e-07,-6.69534
2016-02-27 00:00:00,-2.883,3.9285002,2.5991666,381.69464,6.2144647,1.81125,11.8,8.0,15.333333333333334,0.0,1.8425309e-09,2.8881945e-07,-6.5515294
2016-02-27 01:00:00,-0.98865384,4.421346,0.2871154,389.59143,5.681143,1.7222856,10.583333333333334,9.0,13.3,0.0,1e-09,2.0240898e-07,-6.6939054
2016-02-27 02:00:00,-0.22254238,3.8915255,-2.1622033,386.2873,5.3625455,1.5998181,9.05,7.0,21.883333333333333,0.0,1e-09,1.9598355e-07,-6.7082014
2016-02-27 03:00:00,0.21170212,3.1391492,-3.2529788,385.93448,5.1531034,1.5331035,9.2,6.0,36.15,1.3333333333333333,1e-09,1.8985793e-07,-6.721991
2016-02-27 04:00:00,1.7184783,1.5680435,-4.1226087,395.34546,4.2257576,1.3221213,3.45,0.0,65.25,1.3333333333333333,2.4127949e-09,4.0900215e-07,-6.400393
2016-02-27 05:00:00,-0.24749999,3.4739285,-2.9783928,394.64893,4.7895746,1.4904256,-2.8333333333333335,-7.0,105.2,1.3333333333333333,6.28512e-08,8.6699697e-07,-6.2253313
2016-02-27 06:00:00,0.946,4.5456,-1.6378,395.22974,4.7702703,1.4902703,-6.4,-10.0,149.33333333333334,1.3333333333333333,1.8850871e-08,6.4097884e-07,-6.2491436
2016-02-27 07:00:00,1.7911999,3.4706,-2.9116,400.77502,4.988889,1.605,-4.966666666666667,-10.0,134.18333333333334,1.3333333333333333,1.0012879e-09,3.1500116e-07,-6.5025587
2016-02-27 08:00:00,-3.0427275,0.56113636,0.8611364,380.51764,5.1205883,1.4841176,-1.8333333333333333,-6.0,219.7,1.3333333333333333,1.3329947e-09,2.3588875e-07,-6.631419
2016-02-27 09:00:00,-1.8353571,1.08625,-0.25767857,388.0535,5.174186,1.557907,-0.8833333333333333,-4.0,207.58333333333334,1.0,-36666.3,-36666.3,-6.7718234
2016-02-27 10:00:00,-2.431579,2.5078948,0.6824562,383.09232,5.0944233,1.4932692,-2.9833333333333334,-4.0,191.51666666666668,1.0,1e-09,1.5184587e-07,-6.818853
2016-02-27 11:00:00,-5.215909,-1.4595455,3.305227,372.68,5.2623997,1.4612,-5.033333333333333,-8.0,83.21666666666667,1.0,1e-09,1.7590573e-07,-6.7586455
2016-02-27 12:00:00,-4.70661,-0.9928813,1.4286441,363.32498,5.495,1.4507142,-0.6666666666666666,-5.0,47.266666666666666,0.3333333333333333,1e-09,1.6159815e-07,-6.7919545
2016-02-27 13:00:00,-4.5472727,-2.3654547,1.3770908,364.19705,5.679706,1.5064707,3.0,-5.0,45.21666666666667,0.3333333333333333,1e-09,1.6321846e-07,-6.7916303
2016-02-27 14:00:00,-4.3842373,0.094745755,0.42322037,356.4961,7.17902,1.8245099,7.2,-1.0,39.983333333333334,0.3333333333333333,1e-09,1.5731423e-07,-6.8053603
2016-02-27 15:00:00,-2.4327118,0.08542374,-1.0001695,372.14285,7.3991838,2.0471427,6.716666666666667,-2.0,33.68333333333333,0.3333333333333333,1.0679557e-09,1.6554482e-07,-6.7861753
2016-02-27 16:00:00,2.794,4.802167,-1.8771666,389.76904,6.1283336,1.8628571,6.666666666666667,-2.0,24.766666666666666,0.3333333333333333,1e-09,1.553606e-07,-6.8089705
2016-02-27 17:00:00,1.1974577,4.3766103,-0.739322,383.9136,6.433636,1.8977273,6.833333333333333,-3.0,70.5,0.3333333333333333,1e-09,1.5634505e-07,-6.807956
2016-02-27 18:00:00,-1.0066667,2.8126667,-1.3906666,374.65588,6.495,1.8141177,7.683333333333334,-1.0,62.86666666666667,0.6666666666666666,1e-09,1.7162272e-07,-6.7670918
2016-02-27 19:00:00,1.192931,5.4670687,-1.3293103,382.14597,6.072973,1.7751352,3.5166666666666666,-1.0,26.466666666666665,0.6666666666666666,1.000346e-09,1.6218972e-07,-6.7905993
2016-02-27 20:00:00,-4.0217648,2.0127451,-0.090588234,351.53113,7.0,1.7304446,1.5666666666666667,-1.0,21.516666666666666,0.6666666666666666,1e-09,1.6704675e-07,-6.7775755
2016-02-27 21:00:00,-2.4601693,3.6579661,1.8150848,367.09076,7.334259,1.9816667,3.1333333333333333,1.0,35.8,0.6666666666666666,1e-09,1.7626253e-07,-6.754694
2016-02-27 22:00:00,1.2426786,4.156607,0.5930357,378.85318,7.31383,2.1034043,6.766666666666667,5.0,29.05,0.6666666666666666,1e-09,1.6481673e-07,-6.7834888
2016-02-27 23:00:00,0.8226667,5.6706667,0.104333326,378.20383,6.983077,2.0017307,10.1,6.0,21.616666666666667,0.6666666666666666,1e-09,2.0106901e-07,-6.697259
2016-02-28 00:00:00,2.444,4.9336667,-2.2998335,385.64423,7.8344226,2.3311539,11.0,6.0,18.316666666666666,1.0,1.2172343e-09,3.0251024e-07,-6.5297647
2016-02-28 01:00:00,-1.2440678,4.6893225,0.41813558,374.98044,7.5969563,2.1406522,7.916666666666667,3.0,24.983333333333334,1.0,1.0963267e-09,4.049731e-07,-6.394053
2016-02-28 02:00:00,-2.7556896,4.162931,1.4194828,370.6413,7.7017393,2.1152174,6.85,1.0,15.65,1.0,1.2424015e-09,4.6352093e-07,-6.335843
2016-02-28 03:00:00,-5.4620686,2.567069,3.3777587,372.472,6.637,1.8368,7.333333333333333,1.0,17.716666666666665,0.0,1.1007438e-09,3.844477e-07,-6.4169283
2016-02-28 04:00:00,-5.177193,3.6357896,3.6333334,377.3714,6.30449,1.7957143,8.933333333333334,2.0,19.95,0.0,1e-09,2.2766808e-07,-6.649839
2016-02-28 05:00:00,-2.4430509,6.254746,1.1377965,378.25952,6.9766665,1.9954761,12.716666666666667,5.0,22.833333333333332,0.0,1e-09,1.8290241e-07,-6.7381296
2016-02-28 06:00:00,-2.8240001,4.3023334,-0.597,373.2587,8.617392,2.4032607,12.833333333333334,6.0,35.46666666666667,1.3333333333333333,1.909678e-09,2.421102e-07,-6.6479177
2016-02-28 07:00:00,-2.8025,2.932,-0.636,372.0458,8.908125,2.4672916,8.933333333333334,4.0,100.36666666666666,1.3333333333333333,1.2057638e-09,2.4563874e-07,-6.628418
2016-02-28 08:00:00,-2.5155,1.6889999,0.78566664,375.1,9.617322,2.7058928,10.916666666666666,6.0,133.68333333333334,1.3333333333333333,-1666.65,-1666.65,-6.5656314
2016-02-28 09:00:00,-1.4838333,-0.3725,-1.756,375.68372,9.117441,2.574186,10.233333333333333,7.0,78.0,1.0,-49999.5,-49999.5,-6.6799107
2016-02-28 10:00:00,0.4331818,2.3606818,-1.8850001,382.85,8.137917,2.385,11.9,10.0,50.166666666666664,1.0,1e-09,1.9100726e-07,-6.719739
2016-02-28 11:00:00,-0.27533334,3.9676666,0.4795,380.1077,8.430513,2.436154,10.383333333333333,9.0,29.416666666666668,1.0,1.4707665e-09,2.5275466e-07,-6.6178846
2016-02-28 12:00:00,1.8817241,3.4594827,-2.9153447,383.27252,7.333,2.155,6.066666666666666,4.0,87.26666666666667,1.0,1e-09,1.9971031e-07,-6.703567
2016-02-28 13:00:00,0.89736843,3.7440352,-1.2561404,380.64563,7.3186955,2.1236956,0.8166666666666667,-3.0,136.9,1.0,1e-09,1.7531366e-07,-6.7564445
2016-02-28 14:00:00,0.3905,3.5948334,0.04883333,375.20172,6.8836207,1.9381034,-1.15,-6.0,206.9,1.0,1e-09,1.891438e-07,-6.7236724
2016-02-28 15:00:00,3.0371666,2.8813334,-0.80983335,382.9833,6.2389584,1.8308333,1.4833333333333334,-3.0,104.91666666666667,0.3333333333333333,1e-09,2.0531509e-07,-6.688468
2016-02-28 16:00:00,-1.5085,2.2678332,2.0935,369.44525,6.1966667,1.6921428,3.1166666666666667,-2.0,47.5,0.3333333333333333,1e-09,2.164984e-07,-6.666902
2016-02-28 17:00:00,0.7985,2.2464998,-1.2121667,371.2148,5.920926,1.6307406,0.8333333333333334,-2.0,58.3,0.3333333333333333,1e-09,1.9877993e-07,-6.704551
2016-02-28 18:00:00,1.4444827,2.0403447,-1.4387931,372.28635,5.5468183,1.5381818,-1.15,-2.0,29.966666666666665,0.3333333333333333,1e-09,1.6509351e-07,-6.782569
2016-02-28 19:00:00,1.5596668,1.0356667,-2.9290001,371.94284,5.3185716,1.4709524,-0.08333333333333333,-1.0,44.8,0.3333333333333333,1e-09,1.6458078e-07,-6.7837567
2016-02-28 20:00:00,1.2496667,1.325,-2.1356666,366.75433,5.1647825,1.3886957,-0.36666666666666664,-1.0,104.76666666666667,0.3333333333333333,1e-09,1.7518276e-07,-6.7576876
2016-02-28 21:00:00,-0.7583333,0.08083333,-2.4628334,353.47964,5.2292595,1.3066666,-0.5,-3.0,115.08333333333333,0.6666666666666666,1e-09,2.0695535e-07,-6.6844993
2016-02-28 22:00:00,-1.288,-0.47083333,-1.7851666,352.58603,5.3561997,1.3312,-1.8,-7.0,106.1,0.6666666666666666,1e-09,1.9698322e-07,-6.70679
2016-02-28 23:00:00,-1.9852084,0.6758333,-1.4564582,352.10477,5.4585714,1.352381,-1.15,-9.0,60.516666666666666,0.6666666666666666,1e-09,1.8288122e-07,-6.738106
2016-02-29 00:00:00,-2.8611112,-0.23444444,-1.1911111,346.16177,5.5055885,1.3202941,-1.2166666666666666,-7.0,120.4,2.0,1e-09,1.9781857e-07,-6.704954
2016-02-29 01:00:00,-2.264737,1.3522807,-0.34964913,349.05475,5.3457146,1.3023809,0.95,-4.0,82.0,2.0,1e-09,2.0206335e-07,-6.694837
2016-02-29 02:00:00,0.3525862,1.6603448,0.37068966,359.48544,5.0445457,1.2983637,3.533333333333333,-3.0,27.9,2.0,1e-09,1.8731286e-07,-6.7280183
2016-02-29 03:00:00,3.2582457,1.867193,1.0764912,365.29208,4.6934214,1.2531579,4.6,-3.0,15.833333333333334,0.0,1e-09,1.6610784e-07,-6.7797256
2016-02-29 04:00:00,2.9359322,1.4547458,1.2052542,360.53198,5.0254,1.3055999,6.583333333333333,-1.0,20.833333333333332,0.0,4.131415e-09,3.1963413e-07,-6.558041
2016-02-29 05:00:00,2.268,0.62927276,1.5490909,354.94858,5.478286,1.3814285,8.1,1.0,24.366666666666667,0.0,1e-09,1.6688911e-07,-6.777784
2016-02-29 06:00:00,1.5926666,1.9315,1.9283333,350.60547,5.522909,1.3567274,9.083333333333334,2.0,27.183333333333334,0.6666666666666666,1e-09,1.7436965e-07,-6.759709
2016-02-29 07:00:00,2.4256666,2.6358333,-1.5550001,351.63748,5.4997916,1.3604168,9.3,4.0,24.216666666666665,0.6666666666666666,1e-09,1.8388984e-07,-6.7360835
2016-02-29 08:00:00,2.1515255,1.819661,-2.4867797,349.45746,5.590851,1.3665959,6.516666666666667,2.0,54.1,0.6666666666666666,-8333.25,-8333.25,-6.7813096
2016-02-29 09:00:00,1.5542372,1.2288135,-1.8706781,345.6585,5.9528303,1.4233962,4.316666666666666,0.0,134.06666666666666,1.0,-54999.45,-54999.45,-6.806765
2016-02-29 10:00:00,2.275932,1.6496611,-0.8105085,346.25916,6.3538775,1.5230612,2.4,0.0,125.75,1.0,1e-09,1.7759967e-07,-6.7512555
2016-02-29 11:00:00,1.8705001,1.6941667,-1.7081666,344.13998,6.594222,1.562,3.3833333333333333,2.0,54.516666666666666,1.0,1e-09,1.8855683e-07,-6.725549
2016-02-29 12:00:00,1.6718181,0.42563635,-1.5934545,341.1111,6.9944444,1.6297221,3.25,2.0,65.93333333333334,1.0,1e-09,1.7968927e-07,-6.7457833
2016-02-29 13:00:00,-1.922037,3.4707408,1.5300001,324.77658,6.900851,1.4555318,3.15,3.0,169.38333333333333,1.0,1.011279e-09,1.974438e-07,-6.7103868
2016-02-29 14:00:00,-0.98566663,3.4831667,1.6105,329.54138,8.665173,1.8837931,6.333333333333333,7.0,52.8,1.0,1.0051155e-09,2.5065924e-07,-6.6039343
2016-02-29 15:00:00,1.8763831,3.3261702,2.1772342,340.7852,9.598148,2.2292593,5.333333333333333,9.0,50.56666666666667,0.3333333333333333,1e-09,1.8061745e-07,-6.7433367
2016-02-29 16:00:00,0.19964913,4.0591226,2.2892983,335.05832,9.912499,2.2285416,4.966666666666667,10.0,49.81666666666667,0.3333333333333333,1.1772608e-09,2.0861854e-07,-6.689748
2016-02-29 17:00:00,-1.6396667,3.222,2.0308332,326.16122,12.044898,2.5663266,4.083333333333333,11.0,40.55,0.3333333333333333,2.2438393e-09,3.7295982e-07,-6.442624
2016-02-29 18:00:00,-2.3609433,3.324717,3.6637738,325.1907,14.415582,3.0476744,6.333333333333333,15.0,27.366666666666667,0.3333333333333333,1e-09,1.8464024e-07,-6.7357492
2016-02-29 19:00:00,-4.0881357,4.621017,1.6132203,324.76733,17.944899,3.7867348,13.95,20.0,14.65,0.3333333333333333,1e-09,1.572916e-07,-6.8033705
2016-02-29 20:00:00,1.5898182,4.638727,-4.1838183,325.424,25.035,5.3024,20.683333333333334,23.0,23.45,0.3333333333333333,1e-09,1.6169302e-07,-6.7915792
2016-02-29 21:00:00,0.9123728,0.0003389787,-6.0069494,323.24722,24.506111,5.122778,20.65,19.0,39.45,2.0,1e-09,1.582525e-07,-6.8007245
2016-02-29 22:00:00,0.8969091,-0.4569091,-4.814182,321.92572,25.066572,5.1954284,13.5,10.0,151.81666666666666,2.0,1e-09,1.7710958e-07,-6.757772
2016-02-29 23:00:00,0.202,0.5455,-3.624,317.8085,23.386171,4.7229786,0.8166666666666667,0.0,177.9,2.0,1e-09,1.8333407e-07,-6.7389116
2016-03-01 00:00:00,-2.4525423,3.1399999,-2.1449153,313.4982,22.45218,4.4149094,-0.7666666666666667,-1.0,195.81666666666666,3.0,2.2986766e-09,2.3604575e-07,-6.6582103
2016-03-01 01:00:00,-3.942182,2.8403637,2.8909092,309.9647,22.35147,4.2944117,6.35,4.0,291.0,3.0,1e-09,1.6811022e-07,-6.7776055
2016-03-01 02:00:00,-3.7810526,3.0052633,3.5652633,308.5608,24.407059,4.6488233,12.366666666666667,7.0,63.766666666666666,3.0,1e-09,1.6263434e-07,-6.7895555
2016-03-01 03:00:00,-5.506786,4.04625,0.67410713,318.56738,23.413696,4.758261,13.55,10.0,25.183333333333334,2.0,1e-09,1.6577623e-07,-6.7805686
2016-03-01 04:00:00,-5.315577,4.3421154,-0.7834615,337.31842,17.843157,3.9384212,8.0,7.0,43.983333333333334,2.0,1e-09,1.7935137e-07,-6.7467093
2016-03-01 05:00:00,-7.0665517,5.6822414,-1.4367242,361.79318,10.039545,2.6254544,1.9833333333333334,1.0,46.233333333333334,2.0,1e-09,1.9241153e-07,-6.7158117
2016-03-01 06:00:00,-8.142834,8.097333,-1.386,376.4889,8.2287035,2.3255556,-2.85,-2.0,165.0,1.6666666666666665,1e-09,1.9547775e-07,-6.709218
2016-03-01 07:00:00,-7.5286665,9.284834,0.34666666,378.73334,7.7615685,2.2264707,-0.9833333333333333,1.0,169.35,1.6666666666666665,1e-09,1.9516503e-07,-6.709804
2016-03-01 08:00:00,-1.5884746,5.5742373,5.4238987,390.73544,10.854167,3.3197918,6.016666666666667,9.0,37.53333333333333,1.6666666666666665,-13333.2,-13333.2,-6.633634
2016-03-01 09:00:00,-5.1325,8.805166,-1.6763333,380.09058,10.071509,2.912453,8.15,12.0,30.016666666666666,1.6666666666666665,-59999.4,-59999.4,-6.5998826
2016-03-01 10:00:00,-4.0571427,8.907429,-2.574,371.24075,10.378889,2.8596296,4.383333333333334,10.0,65.53333333333333,1.6666666666666665,1e-09,2.3084371e-07,-6.636962
2016-03-01 11:00:00,-1.2639655,2.945862,4.606897,375.87192,12.44772,3.511579,5.433333333333334,10.0,251.01666666666668,1.6666666666666665,1e-09,2.1225921e-07,-6.6731596
2016-03-01 12:00:00,-3.149661,1.2972882,1.978644,370.27954,9.838863,2.7002273,3.3666666666666667,7.0,135.98333333333332,2.0,1e-09,2.1776428e-07,-6.6622705
2016-03-01 13:00:00,-4.6257143,5.552857,0.2705357,354.68637,11.379318,2.865,5.95,7.0,35.2,2.0,1e-09,2.0413304e-07,-6.690155
2016-03-01 14:00:00,-5.5609436,4.138302,1.5111321,349.25293,13.0814705,3.1988237,8.616666666666667,9.0,43.8,2.0,1e-09,1.9520279e-07,-6.7098413
2016-03-01 15:00:00,3.3627117,-5.2198305,2.0291526,384.53033,14.410178,4.270179,7.783333333333333,10.0,63.81666666666667,1.6666666666666665,1e-09,1.783969e-07,-6.748701
2016-03-01 16:00:00,3.1633332,4.1022806,1.3022808,402.17752,11.945715,3.8606122,1.0833333333333333,6.0,188.35,1.6666666666666665,1e-09,2.0348412e-07,-6.6936846
2016-03-01 17:00:00,-3.0719998,7.287,-0.07266667,394.09473,10.367368,3.2215788,-0.1,5.0,123.9,1.6666666666666665,1e-09,2.2235677e-07,-6.6573133
2016-03-01 18:00:00,-3.7318335,9.6345005,-0.05366667,390.44,7.7764444,2.3775556,0.5333333333333333,6.0,60.35,1.0,1e-09,2.0597345e-07,-6.6891174
2016-03-01 19:00:00,-4.2223334,9.6623335,0.19683334,388.40457,8.772955,2.6645453,3.5833333333333335,8.0,52.11666666666667,1.0,1e-09,1.7860356e-07,-6.7481694
2016-03-01 20:00:00,-5.3669996,8.794001,-1.0325,381.4478,6.9956517,2.0395653,6.016666666666667,7.0,30.083333333333332,1.0,1e-09,1.7240085e-07,-6.7635775
2016-03-01 21:00:00,-6.558,7.8906665,0.091333345,375.96667,8.245555,2.330889,4.633333333333334,5.0,28.4,2.6666666666666665,1e-09,1.6899195e-07,-6.7722683
2016-03-01 22:00:00,-6.8008475,0.43491524,-3.9849153,381.46362,8.870363,2.5916362,3.3333333333333335,4.0,99.46666666666667,2.6666666666666665,1e-09,1.7142028e-07,-6.766157
2016-03-01 23:00:00,-8.1565,3.3265,-3.2911668,382.60696,7.66814,2.244651,-11.25,-8.0,277.93333333333334,2.6666666666666665,1e-09,1.7256616e-07,-6.763221
2016-03-02 00:00:00,-7.9045763,7.414746,-0.03864407,377.5079,6.5723686,1.8713158,-10.1,-9.0,162.73333333333332,2.3333333333333335,1e-09,1.8167614e-07,-6.740971
2016-03-02 01:00:00,-5.4943333,7.951333,3.2256665,382.5137,7.212745,2.1133332,1.0833333333333333,-2.0,51.45,2.3333333333333335,1e-09,1.8363718e-07,-6.7372947
2016-03-02 02:00:00,-5.5648217,7.634643,3.2535713,379.20206,7.1179166,2.048125,6.883333333333334,2.0,35.86666666666667,2.3333333333333335,1e-09,2.0837388e-07,-6.682222
2016-03-02 03:00:00,-4.960714,6.843393,3.1210713,372.85715,7.1314282,1.9828571,5.933333333333334,3.0,23.25,1.0,1e-09,2.0307469e-07,-6.695663
2016-03-02 04:00:00,-6.1668334,6.635,2.9223332,372.7906,6.685849,1.8571699,2.2333333333333334,0.0,19.533333333333335,1.0,1e-09,1.9377116e-07,-6.7129946
2016-03-02 05:00:00,-4.7225003,6.4851665,1.6005,392.97894,7.607895,2.3626316,1.8833333333333333,1.0,27.133333333333333,1.0,1e-09,1.9490749e-07,-6.711169
2016-03-02 06:00:00,-5.730536,5.71,-0.6269643,395.2774,6.2438707,1.9580646,1.1833333333333333,2.0,55.18333333333333,0.6666666666666666,1e-09,1.7923087e-07,-6.746694
2016-03-02 07:00:00,-4.9525456,4.719455,4.609091,396.85248,7.6974998,2.432,1.4333333333333333,2.0,46.416666666666664,0.6666666666666666,1e-09,1.9071896e-07,-6.7223716
2016-03-02 08:00:00,-4.523276,7.6648273,3.8984482,399.5569,6.357843,2.0333333,3.2333333333333334,5.0,42.916666666666664,0.6666666666666666,-16666.5,-16666.5,-6.7197742
2016-03-02 09:00:00,-5.3877196,7.0678945,1.2940351,399.64877,6.9743905,2.2258537,4.75,8.0,17.833333333333332,2.0,-63332.7,-63332.7,-6.74414
2016-03-02 10:00:00,-3.6605,6.5983334,-1.1638334,423.26877,7.0785413,2.5427084,6.083333333333333,10.0,32.95,2.0,1e-09,1.9258482e-07,-6.7156205
2016-03-02 11:00:00,-3.3376665,6.887833,1.5275,428.0182,6.982909,2.558,1.9666666666666666,5.0,165.18333333333334,2.0,1e-09,2.0976172e-07,-6.678525
2016-03-02 12:00:00,-2.8778334,6.037333,2.402,437.04688,6.6384373,2.5325,5.15,6.0,122.96666666666667,2.3333333333333335,1e-09,1.9785197e-07,-6.703771
2016-03-02 13:00:00,-4.1683335,5.2951665,-0.27633333,440.6417,5.65625,2.1970832,3.8333333333333335,4.0,43.28333333333333,2.3333333333333335,1e-09,1.8297727e-07,-6.7377963
2016-03-02 14:00:00,-5.3416367,0.6727273,-3.0001817,442.62778,6.106111,2.3902779,-0.31666666666666665,1.0,107.6,2.3333333333333335,1e-09,1.74552e-07,-6.7581487
2016-03-02 15:00:00,-6.0833335,2.0343332,0.25633335,436.43637,5.7925453,2.2054546,-4.583333333333333,-3.0,245.3,2.6666666666666665,1e-09,1.7294579e-07,-6.762297
2016-03-02 16:00:00,-4.188833,3.9615,0.8145,445.92902,5.5929036,2.2267742,-1.5333333333333334,0.0,92.85,2.6666666666666665,1e-09,1.7221288e-07,-6.7640285
2016-03-02 17:00:00,-2.9527586,5.516724,1.1739655,463.2028,5.797222,2.4875002,-0.95,2.0,284.3333333333333,2.6666666666666665,1e-09,1.6541199e-07,-6.7815022
2016-03-02 18:00:00,-3.9478333,2.774,3.0306666,456.6282,6.1197433,2.5528204,0.7833333333333333,2.0,101.46666666666667,1.0,-11666.55,-11666.55,-6.7786746
2016-03-02 19:00:00,-3.3370001,3.0263333,3.4021668,461.94446,5.95,2.5419445,2.8833333333333333,3.0,42.45,1.0,-11666.55,-11666.55,-6.7769837
2016-03-02 20:00:00,-2.846724,6.223621,1.8646553,457.07336,5.1906667,2.1688888,1.9333333333333333,4.0,33.2,1.0,1e-09,1.7043585e-07,-6.768596
2016-03-02 21:00:00,-3.2845454,4.9130907,2.6563637,453.86874,5.0645833,2.0879166,2.1166666666666667,3.0,23.366666666666667,0.3333333333333333,-6666.6,-6666.6,-6.645328
2016-03-02 22:00:00,-4.84625,4.0716667,1.92125,442.23502,4.8335,1.8905001,-0.65,1.0,19.85,0.3333333333333333,1e-09,2.3266631e-07,-6.6344514
2016-03-02 23:00:00,,,,,,,-1.1666666666666667,1.0,18.583333333333332,0.3333333333333333,-1666.65,-1666.65,-6.7038975
2016-03-03 00:00:00,-3.7196667,3.6686666,-2.2296667,450.47394,4.6286955,1.8752174,0.48333333333333334,2.0,31.75,1.6666666666666665,1.001627e-09,1.8903602e-07,-6.723788
2016-03-03 01:00:00,-4.405417,3.3229167,-0.47458336,443.63333,4.4521213,1.7536364,2.95,1.0,55.81666666666667,1.6666666666666665,1.0399928e-09,2.2856239e-07,-6.659665
2016-03-03 02:00:00,-4.133276,3.365,-1.4612069,446.23828,4.5959578,1.8331915,3.466666666666667,2.0,34.18333333333333,1.6666666666666665,1.1567269e-09,3.7734583e-07,-6.426083
2016-03-03 03:00:00,-3.9234092,2.199091,-1.275,446.39444,4.8897223,1.9466667,0.5,1.0,62.2,2.3333333333333335,1e-09,2.62638e-07,-6.583382
2016-03-03 04:00:00,-3.7452173,1.8297826,-0.2478261,445.63126,4.901875,1.9353125,2.55,3.0,177.21666666666667,2.3333333333333335,1e-09,1.9121138e-07,-6.719057
2016-03-03 05:00:00,-3.3949153,2.664915,-2.438983,447.04144,4.4748783,1.7880487,-2.45,0.0,179.53333333333333,2.3333333333333335,1e-09,1.7734124e-07,-6.751387
2016-03-03 06:00:00,-2.8711667,3.4935,-1.5273334,448.56876,4.56,1.8341666,-3.9,-1.0,110.55,2.0,1e-09,1.6671869e-07,-6.7781134
2016-03-03 07:00:00,-3.8373334,0.726,-3.2965,441.64075,4.899259,1.9101852,-3.1333333333333333,0.0,151.78333333333333,2.0,1e-09,1.6438047e-07,-6.7841883
2016-03-03 08:00:00,-4.4135,-0.23383333,-2.9213333,435.91568,5.254706,1.9980392,-5.7,-4.0,213.06666666666666,2.0,-19999.8,-19999.8,-6.782293
2016-03-03 09:00:00,,,,,,,-7.566666666666666,-4.0,410.1,2.3333333333333335,-66666.0,-66666.0,-6.8871756
2016-03-03 10:00:00,-2.636923,1.7387179,2.9220512,443.4189,4.9605403,1.9556757,-9.85,-7.0,292.78333333333336,2.3333333333333335,1e-09,1.5538576e-07,-6.809142
2016-03-03 11:00:00,-1.3756667,2.3936665,3.257,447.55,4.5907407,1.839074,-5.9,-3.0,42.18333333333333,2.3333333333333335,1e-09,1.7302078e-07,-6.7620864
2016-03-03 12:00:00,-3.072,1.6175001,-1.3506666,435.0375,4.438958,1.674375,-5.616666666666666,-2.0,33.03333333333333,2.0,1e-09,1.874027e-07,-6.7275386
2016-03-03 13:00:00,-4.3650002,0.05407407,-1.6012963,420.74548,4.8759093,1.725,-8.666666666666666,-5.0,114.75,2.0,1e-09,1.7699594e-07,-6.752177
2016-03-03 14:00:00,-4.037627,1.6159321,-1.1350847,420.96793,4.51717,1.6007546,-7.716666666666667,-6.0,169.61666666666667,2.0,1.0031024e-09,1.7673612e-07,-6.7531123
2016-03-03 15:00:00,-1.9406521,3.222826,1.0367391,431.43793,4.0189657,1.5041379,-2.2,-3.0,129.45,1.0,2.4157871e-09,3.0020757e-07,-6.545952
2016-03-03 16:00:00,-1.2420001,3.7446666,1.791,436.0595,4.2030954,1.5988096,-1.1333333333333333,-3.0,56.81666666666667,1.0,1.001667e-09,2.8489606e-07,-6.55489
2016-03-03 17:00:00,-0.94200003,2.4756665,2.5506666,433.15405,4.5402703,1.7056757,-1.0,-1.0,46.11666666666667,1.0,1e-09,1.8050906e-07,-6.7445683
2016-03-03 18:00:00,-1.039,2.8760002,-1.1882,412.68,4.191,1.428,-1.7333333333333334,-1.0,47.1,0.3333333333333333,1e-09,1.7137013e-07,-6.7665615
2016-03-03 19:00:00,-1.6701695,2.1335592,-0.3762712,433.65198,3.3292,1.256,-1.0,1.0,27.633333333333333,0.3333333333333333,1e-09,1.6731184e-07,-6.777018
2016-03-03 20:00:00,-2.3427587,1.6698276,0.21758622,436.9643,3.8642857,1.4789286,-3.7,-1.0,20.683333333333334,0.3333333333333333,-14999.85,-14999.85,-6.772634
2016-03-03 21:00:00,-1.7518644,1.7684745,2.4266102,434.3702,3.7780852,1.4276595,-5.916666666666667,-4.0,33.61666666666667,1.3333333333333333,-11666.55,-11666.55,-6.7721562
2016-03-03 22:00:00,-3.2464,2.4344,1.6036,423.1579,3.5552633,1.273158,-5.0,-2.0,34.516666666666666,1.3333333333333333,1e-09,2.0070529e-07,-6.702672
2016-03-03 23:00:00,-3.6665626,1.016875,0.75,412.7125,3.47625,1.1825,-3.783333333333333,-1.0,64.11666666666666,1.3333333333333333,1e-09,1.870847e-07,-6.7286906
2016-03-04 00:00:00,-3.7529998,0.44383332,-2.7196665,405.80554,3.0207407,0.99666667,-9.266666666666667,-4.0,160.03333333333333,2.6666666666666665,1e-09,1.6935307e-07,-6.7713385
2016-03-04 01:00:00,-4.3584743,-0.09322034,-1.4113559,396.04828,2.659655,0.83586204,-11.033333333333333,-7.0,184.03333333333333,2.6666666666666665,1e-09,1.7928606e-07,-6.7469525
2016-03-04 02:00:00,-4.0128336,1.0726666,-0.81133336,398.1303,2.799091,0.890303,-12.883333333333333,-10.0,121.51666666666667,2.6666666666666665,1e-09,1.9993561e-07,-6.701933
2016-03-04 03:00:00,-3.3966072,2.0292857,0.27625,412.375,3.5195,1.1965001,-10.5,-9.0,45.53333333333333,1.6666666666666665,1e-09,1.95427e-07,-6.7094774
2016-03-04 04:00:00,-3.2798276,2.6306896,1.1870689,405.4729,3.2708333,1.0758333,-7.766666666666667,-8.0,29.533333333333335,1.6666666666666665,1e-09,1.7676057e-07,-6.7529035
2016-03-04 05:00:00,-3.0224998,2.3728573,1.5794642,405.08823,3.5339215,1.16,-4.583333333333333,-6.0,19.133333333333333,1.6666666666666665,1e-09,1.6695142e-07,-6.777513
2016-03-04 06:00:00,-2.5598333,2.1363332,2.5581667,399.57587,3.0475862,0.9736207,-3.3,-6.0,22.966666666666665,0.0,1e-09,2.2185495e-07,-6.663003
2016-03-04 07:00:00,-2.4573913,2.4123914,2.3591304,395.32144,2.8609524,0.8933333,-3.3833333333333333,-5.0,17.816666666666666,0.0,1.0124996e-09,2.0219396e-07,-6.6976333
2016-03-04 08:00:00,,,,,,,-4.8,-6.0,26.566666666666666,0.0,-23333.1,-23333.1,-6.651113
2016-03-04 09:00:00,-3.6207273,2.372909,-0.8281818,389.01614,3.148387,0.95225805,-5.366666666666666,-6.0,50.95,0.6666666666666666,-68332.65,-68332.65,-6.5963607
2016-03-04 10:00:00,-3.6825454,2.194182,-0.86309093,386.00223,3.2153335,0.9584445,-5.966666666666667,-5.0,102.65,0.6666666666666666,1e-09,2.091786e-07,-6.6796637
2016-03-04 11:00:00,-3.7883928,2.0339286,0.17821428,385.34683,3.293404,0.9782979,-6.083333333333333,-4.0,71.86666666666666,0.6666666666666666,1e-09,1.949549e-07,-6.7102075
2016-03-04 12:00:00,-4.033,1.5223334,0.44316667,382.36252,3.3560715,0.98125,-4.9,-3.0,59.0,0.3333333333333333,1e-09,1.8796587e-07,-6.7264576
2016-03-04 13:00:00,-3.9443333,1.8785,0.08033334,379.65936,3.3621874,0.9690625,-4.416666666666667,-3.0,31.483333333333334,0.3333333333333333,1e-09,1.6009919e-07,-6.795806
2016-03-04 14:00:00,-3.8133333,2.1333334,-0.38444445,380.37143,2.827143,0.8171429,-3.433333333333333,-4.0,31.7,0.3333333333333333,1e-09,1.5727123e-07,-6.8034434
2016-03-04 15:00:00,-4.1088333,1.7423333,-0.88266665,372.8891,3.358,0.93399996,-2.5,-6.0,57.38333333333333,0.6666666666666666,1e-09,1.7278867e-07,-6.764647
2016-03-04 16:00:00,-4.19,2.109661,-0.73050845,370.86328,3.2991838,0.90693873,-0.9666666666666667,-7.0,88.15,0.6666666666666666,1e-09,1.6475606e-07,-6.7834244
2016-03-04 17:00:00,-4.072,1.9056666,-0.7758333,360.68298,3.8608508,1.0042553,-1.15,-7.0,92.35,0.6666666666666666,1e-09,1.6748525e-07,-6.776218
2016-03-04 18:00:00,1.1196296,3.4566667,2.9203703,373.05652,4.188696,1.163913,0.11666666666666667,-5.0,44.71666666666667,0.3333333333333333,1e-09,1.7722567e-07,-6.752822
2016-03-04 19:00:00,1.2378333,3.4850001,2.8366666,373.35474,4.2045283,1.1728302,0.7666666666666667,-1.0,28.883333333333333,0.3333333333333333,1e-09,1.984763e-07,-6.704798
2016-03-04 20:00:00,-0.17474575,3.627288,2.4308474,367.6355,4.214839,1.1393548,-1.2666666666666666,1.0,22.366666666666667,0.3333333333333333,1e-09,1.9721598e-07,-6.705598
2016-03-04 21:00:00,0.7188333,3.436,2.45,371.2889,3.9616666,1.0927777,-4.15,0.0,18.95,0.3333333333333333,-11666.55,-11666.55,-6.742849
2016-03-04 22:00:00,-0.6845,3.5295,2.1721666,365.50647,4.279032,1.1416129,-3.716666666666667,0.0,23.033333333333335,0.3333333333333333,1e-09,1.7605862e-07,-6.7545385
2016-03-04 23:00:00,-0.9676923,3.7992308,1.2557693,372.25,2.9416666,0.81666666,-3.6666666666666665,-1.0,21.6,0.3333333333333333,1e-09,1.7904475e-07,-6.7473683
2016-03-05 00:00:00,-4.312373,1.061356,-0.6481356,330.8946,6.1732435,1.3516216,0.2,0.0,24.733333333333334,0.0,1.002053e-09,2.1187847e-07,-6.68533
2016-03-05 01:00:00,-0.3925,4.1228333,1.5596668,353.7463,4.6574073,1.1585186,4.233333333333333,2.0,24.95,0.0,1e-09,1.7672042e-07,-6.753233
2016-03-05 02:00:00,0.31949154,4.498136,1.781695,355.11374,4.7570586,1.200196,7.033333333333333,6.0,24.366666666666667,0.0,1e-09,1.6957877e-07,-6.7707276
2016-03-05 03:00:00,0.51254547,3.534909,2.2370908,357.7205,4.9900002,1.2753845,6.333333333333333,8.0,23.9,0.3333333333333333,1.2081596e-09,2.4952791e-07,-6.628718
2016-03-05 04:00:00,-0.87483335,2.9954998,1.9575,358.32498,4.8722916,1.25,5.316666666666666,7.0,22.716666666666665,0.3333333333333333,1e-09,1.7500612e-07,-6.757212
2016-03-05 05:00:00,-2.6733334,3.5114033,-0.65999997,351.50424,5.16383,1.2751064,5.683333333333334,6.0,19.983333333333334,0.3333333333333333,1e-09,1.7530057e-07,-6.757008
2016-03-05 06:00:00,-3.3717544,3.3482456,-1.027193,346.88043,5.132609,1.2345653,4.533333333333333,4.0,25.0,1.3333333333333333,1e-09,1.8828523e-07,-6.7279425
2016-03-05 07:00:00,-2.84,1.9473077,-3.3665385,349.48718,5.2864103,1.2915385,0.8333333333333334,0.0,99.01666666666667,1.3333333333333333,1e-09,1.7589288e-07,-6.7557664
2016-03-05 08:00:00,-2.513,2.1096666,0.07116666,350.63818,5.546,1.3623637,-5.45,-5.0,154.01666666666668,1.3333333333333333,-26666.4,-26666.4,-6.7741895
2016-03-05 09:00:00,-2.657627,2.2298305,-2.2398305,350.21353,5.486757,1.345946,-5.833333333333333,-6.0,98.73333333333333,1.3333333333333333,-69999.3,-69999.3,-6.8879
2016-03-05 10:00:00,-3.2401667,1.2586666,-1.7998333,347.7566,5.806981,1.404717,-7.483333333333333,-6.0,148.41666666666666,1.3333333333333333,1.3873053e-09,2.0037332e-07,-6.7371235
2016-03-05 11:00:00,-2.3612068,1.6374139,-2.8505173,361.76666,6.6435714,1.7445238,-4.816666666666666,-2.0,274.7,1.3333333333333333,1.0020245e-09,2.3457673e-07,-6.638553
2016-03-05 12:00:00,-0.8718644,3.8572881,-1.1349152,372.2465,7.179302,1.9893024,-3.533333333333333,0.0,337.1166666666667,2.0,1.0139415e-09,1.7265555e-07,-6.7629366
2016-03-05 13:00:00,-1.9882456,4.496491,-0.7994737,366.6837,7.5465307,2.027755,1.0,4.0,80.96666666666667,2.0,1e-09,1.7020035e-07,-6.770277
2016-03-05 14:00:00,-1.4375,3.149,-0.47349998,366.4774,8.203207,2.2043397,1.4166666666666667,4.0,58.55,2.0,1e-09,1.8223083e-07,-6.7418838
2016-03-05 15:00:00,-1.484,1.0600001,-2.508,373.775,6.8075,1.9024999,0.55,2.0,44.13333333333333,0.3333333333333333,1e-09,1.6825103e-07,-6.7750483
2016-03-05 16:00:00,-2.1966102,1.5833898,-1.139661,371.12653,7.2265306,1.9906123,0.6666666666666666,1.0,51.06666666666667,0.3333333333333333,1e-09,1.5668401e-07,-6.805167
2016-03-05 17:00:00,-2.6667795,2.5542371,-0.84966105,370.00415,8.244583,2.2564583,-0.43333333333333335,-1.0,55.766666666666666,0.3333333333333333,1e-09,1.6015316e-07,-6.7955694
2016-03-05 18:00:00,-2.4935,2.9341667,0.32166666,368.1,10.920345,2.9594827,-1.05,-1.0,47.2,0.0,1e-09,1.6227358e-07,-6.7900105
2016-03-05 19:00:00,-2.3737931,3.173276,1.8024138,366.0,10.61683,2.8407316,-0.23333333333333334,0.0,33.46666666666667,0.0,1e-09,1.6448782e-07,-6.784436
2016-03-05 20:00:00,-4.114333,2.8035002,0.23783334,355.00424,10.171915,2.5642555,-0.9166666666666666,0.0,23.55,0.0,1e-09,1.988216e-07,-6.7062154
2016-03-05 21:00:00,-2.4115255,3.474068,3.1171186,358.03397,10.926792,2.8047168,2.05,2.0,18.85,0.3333333333333333,-9999.9,-9999.9,-6.463113
2016-03-05 22:00:00,-1.7058622,3.4531035,3.4274137,360.85263,12.971579,3.3801754,3.9166666666666665,4.0,18.383333333333333,0.3333333333333333,1e-09,2.5549807e-07,-6.5965867
2016-03-05 23:00:00,-1.7794999,2.901,4.3365,363.8695,13.28661,3.518644,4.866666666666666,5.0,24.666666666666668,0.3333333333333333,1e-09,1.9366445e-07,-6.7141423
2016-03-06 00:00:00,-1.1043334,2.412,5.2298336,362.87256,15.529216,4.089608,10.75,10.0,29.6,0.0,1e-09,2.2614391e-07,-6.6543775
2016-03-06 01:00:00,-1.2535,1.2005,6.169833,360.71283,17.142565,4.461795,16.566666666666666,15.0,26.233333333333334,0.0,1e-09,1.8303265e-07,-6.738727
2016-03-06 02:00:00,-2.8171666,3.0528333,5.4779997,363.26843,16.93,4.4677196,20.7,20.0,24.283333333333335,0.0,1e-09,1.6895306e-07,-6.7729263
2016-03-06 03:00:00,-2.2226667,1.2236667,7.085833,360.6352,16.039629,4.1729627,20.833333333333332,22.0,22.466666666666665,0.6666666666666666,1e-09,1.5003008e-07,-6.8239365
2016-03-06 04:00:00,-2.9385,0.45816666,8.199333,358.5909,18.032183,4.639818,19.083333333333332,21.0,22.1,0.6666666666666666,1e-09,1.5515164e-07,-6.810555
2016-03-06 05:00:00,-1.1288334,0.04266666,10.469167,363.5238,20.735714,5.4719048,18.933333333333334,21.0,20.816666666666666,0.6666666666666666,2.9065863e-09,3.2116122e-07,-6.5281515
2016-03-06 06:00:00,-2.0665,-0.126,12.832167,364.65533,15.568511,4.137872,17.383333333333333,19.0,15.75,2.0,1.1383651e-09,2.0984483e-07,-6.6869555
2016-03-06 07:00:00,-1.2303333,-1.4175,12.563167,366.30756,16.258114,4.3596225,21.3,22.0,20.083333333333332,2.0,2.9521743e-09,2.6343167e-07,-6.6049547
2016-03-06 08:00:00,-1.28,-0.6515,14.8855,370.02353,10.89353,2.977647,15.716666666666667,18.0,19.966666666666665,2.0,-28333.05,-28333.05,-6.7241955
2016-03-06 09:00:00,-1.0265,-2.2038333,15.036333,368.45715,12.136122,3.296939,20.283333333333335,22.0,22.983333333333334,2.0,-71665.95,-71665.95,-6.854474
2016-03-06 10:00:00,-1.3161666,-4.9035,14.5045,364.48682,13.838113,3.6788678,22.583333333333332,25.0,25.083333333333332,2.0,1e-09,1.5391048e-07,-6.8139906
2016-03-06 11:00:00,-1.4545,-10.438833,9.751,363.5685,11.141667,2.949074,20.183333333333334,25.0,31.85,2.0,1.004881e-09,1.9825693e-07,-6.711548
2016-03-06 12:00:00,-1.8523333,-15.896833,5.6335,370.08002,13.459637,3.69,18.483333333333334,23.0,42.983333333333334,2.6666666666666665,1.1842733e-09,2.523023e-07,-6.632199
2016-03-06 13:00:00,-0.1759322,-15.703729,8.086441,378.8074,16.145555,4.6325927,18.566666666666666,22.0,144.16666666666666,2.6666666666666665,1.221978e-09,2.4388507e-07,-6.637038
2016-03-06 14:00:00,1.8646666,-16.148335,5.3951664,388.81482,19.575,5.923889,22.433333333333334,25.0,215.98333333333332,2.6666666666666665,1e-09,1.5202002e-07,-6.818429
2016-03-06 15:00:00,6.4873333,-13.3085,-3.0743334,385.05923,22.000927,6.5192595,19.3,23.0,213.75,5.0,1e-09,1.509151e-07,-6.8216715
2016-03-06 16:00:00,4.0705,-13.962833,-7.079167,404.80353,27.10228,8.908597,-6.433333333333334,2.0,800.45,5.0,1.099652e-09,1.5241031e-07,-6.8173413
2016-03-06 17:00:00,4.5688233,-12.562059,2.2826471,400.39062,24.272188,7.7946873,-38.833333333333336,-33.0,1176.95,5.0,1.0895247e-09,1.5412941e-07,-6.812932
2016-03-06 18:00:00,5.1322417,-4.756379,-9.863965,445.5037,26.442593,10.648705,-36.516666666666666,-42.0,963.2333333333333,6.0,1.3071798e-09,1.5978632e-07,-6.8013883
2016-03-06 19:00:00,8.458772,-6.6701756,-7.2542105,452.87726,22.957045,9.415682,-64.06666666666666,-68.0,822.8333333333334,6.0,1e-09,1.4564445e-07,-6.837393
2016-03-06 20:00:00,9.331481,-4.467222,-2.6366668,453.2853,22.229116,9.182941,-88.01666666666667,-91.0,525.0166666666667,6.0,1e-09,1.7202377e-07,-6.7651615
2016-03-06 21:00:00,5.5625424,-10.410339,-4.0535593,476.0729,18.900415,8.563125,-96.0,-99.0,476.53333333333336,6.333333333333333,1e-09,1.8300094e-07,-6.740275
2016-03-06 22:00:00,4.3682456,-11.183158,3.4085968,498.62558,16.32721,8.117209,-97.85,-95.0,769.6333333333333,6.333333333333333,1e-09,1.796162e-07,-6.74738
2016-03-06 23:00:00,9.364561,-5.3970175,0.23333335,513.3641,15.363846,8.085129,-88.46666666666667,-88.0,516.8333333333334,6.333333333333333,1e-09,1.8191889e-07,-6.741093
2016-03-07 00:00:00,3.2714999,-5.3623333,2.4486666,535.25354,15.035893,8.662321,-88.06666666666666,-84.0,282.6166666666667,4.333333333333333,1e-09,1.670917e-07,-6.7772336
2016-03-07 01:00:00,8.971163,-2.2644186,2.4813955,517.3625,17.78875,9.531876,-75.31666666666666,-71.0,181.01666666666668,4.333333333333333,1e-09,1.698452e-07,-6.7711787
2016-03-07 02:00:00,5.1955004,-7.4835,-0.57549995,511.17194,11.399824,5.9835086,-74.75,-71.0,154.53333333333333,4.333333333333333,1e-09,1.7132953e-07,-6.7663054
2016-03-07 03:00:00,2.355333,-11.035999,0.5785,505.538,6.6234,3.3807998,-83.43333333333334,-74.0,491.9166666666667,4.666666666666667,1e-09,1.7971053e-07,-6.7456408
2016-03-07 04:00:00,4.065763,-3.724915,0.50135595,530.96484,5.3383784,2.912162,-86.28333333333333,-76.0,328.3833333333333,4.666666666666667,1e-09,1.8319075e-07,-6.737211
2016-03-07 05:00:00,3.5303447,-2.6055171,0.92413795,576.8225,3.3115,2.19725,-78.28333333333333,-76.0,121.05,4.666666666666667,1e-09,1.9392357e-07,-6.7125044
2016-03-07 06:00:00,3.5911322,-1.9526415,1.0964152,575.87036,3.2814815,2.172963,-67.11666666666666,-70.0,177.13333333333333,3.6666666666666665,1e-09,1.9011627e-07,-6.7210236
2016-03-07 07:00:00,3.5521052,-3.9540353,-0.5012281,570.02185,3.1225,2.0253124,-68.55,-72.0,253.76666666666668,3.6666666666666665,1.0268479e-09,1.8715927e-07,-6.7278714
2016-03-07 08:00:00,4.657414,-3.284138,-0.80413795,551.8064,3.0529788,1.861915,-68.36666666666666,-73.0,408.95,3.6666666666666665,-31666.35,-31666.35,-6.722355
2016-03-07 09:00:00,4.533621,-3.8575864,0.16672415,551.3415,3.1904879,1.9407316,-69.21666666666667,-71.0,389.18333333333334,2.6666666666666665,-73332.6,-73332.6,-6.835929
2016-03-07 10:00:00,2.8377357,-5.205849,-0.29773587,563.25476,3.4033334,2.162619,-65.76666666666667,-65.0,348.31666666666666,2.6666666666666665,3.3367307e-09,1.7334115e-07,-6.7617264
2016-03-07 11:00:00,2.6231666,-4.294667,0.00133334,577.348,3.6762,2.4598,-62.43333333333333,-61.0,243.01666666666668,2.6666666666666665,4.8975353e-09,1.8226258e-07,-6.7394466
2016-03-07 12:00:00,3.308305,-3.1623728,-0.81033903,590.43335,4.295833,2.9964583,-51.9,-50.0,228.71666666666667,2.6666666666666665,6.861155e-09,1.79154e-07,-6.747251
2016-03-07 13:00:00,3.8711538,-2.4146154,-1.3671153,581.1023,4.320682,2.9181817,-44.9,-43.0,339.71666666666664,2.6666666666666665,3.4622767e-09,1.7547869e-07,-6.756305
2016-03-07 14:00:00,3.6555934,-2.8716948,-1.342373,580.32666,4.3182225,2.9064443,-46.0,-43.0,355.15,2.6666666666666665,1.2873187e-09,1.6545388e-07,-6.781469
2016-03-07 15:00:00,3.5556667,-3.5636668,-2.2538333,571.09186,4.4738774,2.920204,-49.166666666666664,-47.0,484.6166666666667,3.3333333333333335,1.0070706e-09,1.6498026e-07,-6.782848
2016-03-07 16:00:00,4.3745613,-1.2210526,-3.6617544,556.8225,4.685,2.9045,-53.266666666666666,-52.0,496.8666666666667,3.3333333333333335,1.0377768e-09,1.587644e-07,-6.7993655
2016-03-07 17:00:00,5.658214,-1.27125,-1.3501786,543.7939,5.2351017,3.0955105,-49.86666666666667,-50.0,425.65,3.3333333333333335,1.0486251e-09,1.6129829e-07,-6.7929068
2016-03-07 18:00:00,5.1716666,-2.969074,0.018148152,542.3319,5.18383,3.048085,-45.31666666666667,-50.0,353.43333333333334,3.6666666666666665,1.0046292e-09,1.548502e-07,-6.810878
2016-03-07 19:00:00,5.111379,-3.4117243,-0.34086207,539.89545,5.2968183,3.0865908,-37.65,-46.0,622.0833333333334,3.6666666666666665,1.0081865e-09,1.454305e-07,-6.837458
2016-03-07 20:00:00,3.5033333,-4.6480703,-0.01947369,538.95605,5.3485365,3.1048782,-38.03333333333333,-46.0,644.8,3.6666666666666665,1.077595e-09,1.7433472e-07,-6.760783
2016-03-07 21:00:00,3.2336206,-5.4937935,-1.3322413,528.0234,5.147234,2.8676596,-43.31666666666667,-48.0,555.9,4.666666666666667,1.0022915e-09,1.6690817e-07,-6.7783113
2016-03-07 22:00:00,5.1283336,-4.4171667,-1.2288334,510.94772,5.336591,2.7847726,-49.36666666666667,-49.0,735.7833333333333,4.666666666666667,1.002076e-09,1.454564e-07,-6.837849
2016-03-07 23:00:00,5.140339,-4.194068,-1.6857626,505.7037,5.2385187,2.6794446,-48.6,-47.0,408.6333333333333,4.666666666666667,1.000346e-09,1.3303742e-07,-6.8760676
2016-03-08 00:00:00,5.4037733,-2.893019,-2.0249057,498.75153,5.189091,2.5836365,-52.416666666666664,-50.0,404.48333333333335,2.3333333333333335,1.0049325e-09,1.4075589e-07,-6.8516245
2016-03-08 01:00:00,5.373621,-2.864655,-0.33534485,491.02292,4.735,2.284375,-53.65,-50.0,338.8,2.3333333333333335,1e-09,1.3573623e-07,-6.8673854
2016-03-08 02:00:00,3.9415789,-2.0505264,1.8038596,494.6574,4.161852,2.0359259,-49.43333333333333,-46.0,167.46666666666667,2.3333333333333335,1e-09,1.4845752e-07,-6.8287787
2016-03-08 03:00:00,3.344151,-0.58113205,1.9030188,494.9261,4.213478,2.0534782,-45.583333333333336,-41.0,109.83333333333333,2.0,1e-09,1.9309462e-07,-6.717709
2016-03-08 04:00:00,4.589792,-0.26624998,-0.36083332,482.8081,4.605135,2.147027,-42.78333333333333,-39.0,57.18333333333333,2.0,1e-09,1.8102462e-07,-6.7426043
2016-03-08 05:00:00,4.1844444,-0.12407407,-0.44481483,481.39767,4.7618604,2.2055814,-41.96666666666667,-38.0,94.71666666666667,2.0,1e-09,1.781509e-07,-6.7500467
2016-03-08 06:00:00,3.7411666,-1.0163333,-0.02283333,479.318,4.9502,2.274,-44.083333333333336,-40.0,92.95,1.6666666666666665,1e-09,1.884706e-07,-6.72511
2016-03-08 07:00:00,3.6143105,-0.5518965,1.8327587,478.55115,4.8386045,2.216279,-38.15,-35.0,130.56666666666666,1.6666666666666665,1e-09,2.2578921e-07,-6.647574
2016-03-08 08:00:00,1.9298214,-2.1375,-0.15374999,477.26596,4.3178725,1.9627659,-36.21666666666667,-32.0,132.63333333333333,1.6666666666666665,-33333.0,-33333.0,-6.5868325
2016-03-08 09:00:00,0.37849057,-2.151132,-0.5211321,480.03104,3.9986207,1.8403448,-32.45,-30.0,242.48333333333332,1.6666666666666665,-74999.25,-74999.25,-6.6847744
2016-03-08 10:00:00,1.373,-0.028400004,-0.28260002,475.6184,4.5157895,2.0376315,-27.116666666666667,-25.0,250.65,1.6666666666666665,1.000346e-09,1.8950594e-07,-6.722451
2016-03-08 11:00:00,3.1813793,0.49172413,-0.42551726,463.2361,5.0355554,2.1605556,-25.9,-23.0,243.63333333333333,1.6666666666666665,1.001361e-09,2.5213447e-07,-6.6002374
2016-03-08 12:00:00,2.1982458,-0.11473684,-1.5340351,464.90576,4.7476926,2.0503848,-28.833333333333332,-25.0,237.71666666666667,2.0,1.1076625e-09,2.1361035e-07,-6.6708655
2016-03-08 13:00:00,0.06618182,-1.8212727,-1.6985455,470.98682,4.381321,1.9409435,-31.366666666666667,-28.0,349.21666666666664,2.0,1.4558139e-08,3.609234e-07,-6.50816
2016-03-08 14:00:00,2.1928203,-1.94,-1.5684615,459.77225,4.74,2.0055554,-33.733333333333334,-31.0,541.8833333333333,2.0,8.400864e-09,2.8080967e-07,-6.5562363
2016-03-08 15:00:00,1.6076316,0.605,-1.6184211,454.99167,5.2233334,2.1622221,-31.183333333333334,-34.0,338.21666666666664,1.3333333333333333,1.8976527e-09,2.0996184e-07,-6.6781635
2016-03-08 16:00:00,-1.0821818,-2.5478182,0.8978182,463.7919,5.124054,2.2056756,-28.55,-32.0,239.83333333333334,1.3333333333333333,1.3394825e-09,1.8619721e-07,-6.730842
2016-03-08 17:00:00,-0.7445,-2.3516667,1.4286667,458.94308,4.9510345,2.0874138,-28.533333333333335,-31.0,226.31666666666666,1.3333333333333333,-8333.25,-8333.25,-6.719151
2016-03-08 18:00:00,0.13092592,-1.9066666,0.4275926,454.89774,4.7668185,1.9752274,-24.816666666666666,-28.0,288.81666666666666,2.3333333333333335,-29999.7,-29999.7,-6.513018
2016-03-08 19:00:00,2.593051,-2.820339,0.27847457,444.79434,3.8909435,1.5398114,-22.4,-25.0,147.16666666666666,2.3333333333333335,-3333.3,-3333.3,-6.711144
2016-03-08 20:00:00,1.4161017,-1.8235593,-0.22966102,445.23334,4.4535294,1.7713724,-25.333333333333332,-29.0,111.81666666666666,2.3333333333333335,-64999.35,-64999.35,-6.658729
2016-03-08 21:00:00,-2.1261017,-1.1233898,-0.012542372,448.44232,5.8207693,2.3407693,-24.733333333333334,-27.0,52.8,0.6666666666666666,-16666.5,-16666.5,-6.570976
2016-03-08 22:00:00,-2.4925,-1.5753332,0.5746667,444.73334,5.925833,2.3436666,-25.116666666666667,-26.0,47.233333333333334,0.6666666666666666,1.7422807e-09,2.3002121e-07,-6.645902
2016-03-08 23:00:00,-2.7298331,-1.6283333,0.66749996,441.6407,6.1764407,2.409661,-25.433333333333334,-25.0,41.2,0.6666666666666666,1.000346e-09,1.9923704e-07,-6.7011924
2016-03-09 00:00:00,-2.6399999,-2.3361666,0.9125,438.63037,5.7848215,2.2260714,-24.35,-25.0,68.71666666666667,2.0,1.0062657e-09,2.0421747e-07,-6.691098
2016-03-09 01:00:00,-2.7075,-2.3626666,0.13966666,436.05472,5.4449053,2.0696228,-19.85,-22.0,144.26666666666668,2.0,1.0065624e-09,2.5411117e-07,-6.599648
2016-03-09 02:00:00,-2.7875,-2.1645,0.6301667,427.07037,5.795,2.1137037,-16.883333333333333,-16.0,114.76666666666667,2.0,2.068993e-08,5.336489e-07,-6.3677263
2016-03-09 03:00:00,-1.028,-1.8381667,-1.1971667,419.738,5.8812,2.0742,-19.45,-16.0,89.75,1.6666666666666665,9.655029e-09,5.2151984e-07,-6.3645926
2016-03-09 04:00:00,2.668793,-1.2239655,1.2834483,406.80377,5.1360373,1.6994339,-26.716666666666665,-21.0,105.73333333333333,1.6666666666666665,1.0010379e-09,2.3521108e-07,-6.6301017
2016-03-09 05:00:00,0.8628333,-2.7023332,0.6683333,410.2965,5.0350876,1.6950878,-27.2,-22.0,73.03333333333333,1.6666666666666665,1.3954907e-09,2.2534672e-07,-6.6574025
2016-03-09 06:00:00,-0.15433334,-1.6635,-0.1415,407.92203,5.516949,1.8381356,-27.316666666666666,-22.0,59.0,1.3333333333333333,1e-09,2.1678368e-07,-6.6643195
2016-03-09 07:00:00,-0.45067796,-2.5811863,-1.1254238,402.04117,5.432157,1.7582352,-27.05,-23.0,71.76666666666667,1.3333333333333333,1e-09,2.2436762e-07,-6.6493464
2016-03-09 08:00:00,2.0491228,-1.6547369,-0.45157894,390.5087,5.2541304,1.6026087,-26.116666666666667,-25.0,159.73333333333332,1.3333333333333333,-36666.3,-36666.3,-6.577598
2016-03-09 09:00:00,1.5315255,-2.0732203,-1.5398304,386.76123,5.296735,1.5840816,-21.983333333333334,-22.0,180.78333333333333,1.3333333333333333,-74999.25,-74999.25,-6.6873856
2016-03-09 10:00:00,0.44480768,-2.2042308,-0.9821154,385.85333,5.0124445,1.4928889,-20.183333333333334,-20.0,197.45,1.3333333333333333,1.2417801e-09,1.867926e-07,-6.728895
2016-03-09 11:00:00,0.542,-1.8931999,-2.068,380.66977,5.2818604,1.530465,-21.4,-21.0,198.55,1.3333333333333333,1.0032298e-09,1.92092e-07,-6.716697
2016-03-09 12:00:00,0.81516665,-1.5503334,-3.021,375.15454,5.4259996,1.5267273,-24.566666666666666,-23.0,226.38333333333333,2.0,5.6899736e-08,9.4698623e-07,-6.2784276
2016-03-09 13:00:00,-0.4745,-3.1745,-2.0655,375.5138,5.411379,1.5255172,-27.116666666666667,-25.0,308.98333333333335,2.0,3.1923932e-08,9.936045e-07,-6.045702
2016-03-09 14:00:00,1.6848333,-3.779,-1.9261667,376.49826,5.3731575,1.5231578,-25.95,-26.0,325.5833333333333,2.0,4.104314e-09,3.6973427e-07,-6.434881
2016-03-09 15:00:00,2.4467306,-3.0709615,1.8284615,374.7262,6.548333,1.8402381,-24.483333333333334,-26.0,307.51666666666665,1.6666666666666665,1.2508856e-09,3.060881e-07,-6.51489
2016-03-09 16:00:00,3.7296429,-0.345,2.2444644,365.01086,6.13913,1.6373913,-22.633333333333333,-27.0,55.266666666666666,1.6666666666666665,1.0451268e-09,2.4722007e-07,-6.6079435
2016-03-09 17:00:00,3.9352727,-0.20745455,2.6687272,363.0467,5.338667,1.4086666,-25.216666666666665,-26.0,46.53333333333333,1.6666666666666665,1.000346e-09,2.1759462e-07,-6.662902
2016-03-09 18:00:00,2.9495,-2.8704998,0.379,361.6314,5.5622854,1.4545714,-23.95,-22.0,40.45,1.3333333333333333,1e-09,2.0245973e-07,-6.6937876
2016-03-09 19:00:00,1.7258334,-3.4898334,-2.4471667,362.4035,4.965088,1.3045614,-23.2,-22.0,127.45,1.3333333333333333,1.0006919e-09,1.9471925e-07,-6.710669
2016-03-09 20:00:00,1.3008772,-3.3570178,-0.5631579,361.8391,4.5643477,1.1958696,-26.216666666666665,-27.0,302.03333333333336,1.3333333333333333,1.0079506e-09,1.9058095e-07,-6.7200246
2016-03-09 21:00:00,0.69816667,-3.062,-1.669,362.68518,4.407037,1.1601852,-30.283333333333335,-31.0,232.2,1.6666666666666665,1.0013725e-09,1.8888144e-07,-6.7239356
2016-03-09 22:00:00,0.42728812,-2.959661,-1.4842373,358.08362,4.234545,1.0863637,-34.75,-34.0,219.03333333333333,1.6666666666666665,1e-09,1.8246564e-07,-6.7390723
2016-03-09 23:00:00,0.495,-2.1021667,-1.8681666,349.78537,4.494634,1.0990244,-35.85,-34.0,267.35,1.6666666666666665,1.000346e-09,1.8942433e-07,-6.723251
2016-03-10 00:00:00,0.47366667,-3.1421666,0.03933333,349.23727,4.2308474,1.0315255,-31.0,-29.0,225.95,2.0,1e-09,1.8755674e-07,-6.7269573
2016-03-10 01:00:00,0.94383335,-2.7368333,-1.446,344.7,4.4701924,1.0632693,-22.65,-23.0,59.833333333333336,2.0,1.000669e-09,1.922183e-07,-6.716528
2016-03-10 02:00:00,1.4523333,-2.7261667,-1.7068334,342.49564,4.285652,1.0067391,-20.683333333333334,-22.0,76.31666666666666,2.0,1e-09,1.9655077e-07,-6.706666
2016-03-10 03:00:00,1.1475,-1.9818751,-2.711875,347.52,3.8313334,0.9266666,-23.75,-22.0,83.83333333333333,2.6666666666666665,1.0003345e-09,2.5132812e-07,-6.602328
2016-03-10 04:00:00,0.48733333,-3.1160002,-1.5919999,348.07498,3.9525,0.9575,-24.55,-21.0,152.86666666666667,2.6666666666666665,1e-09,2.0580949e-07,-6.690758
2016-03-10 05:00:00,-0.70133334,-1.76,-2.6191666,353.9087,6.659565,1.6680435,-27.1,-21.0,200.06666666666666,2.6666666666666665,1e-09,1.9956178e-07,-6.7023344
2016-03-10 06:00:00,2.7196667,-0.95666665,-2.5946667,346.7318,7.3390913,1.7704545,-29.783333333333335,-23.0,198.86666666666667,1.6666666666666665,1e-09,1.8244187e-07,-6.7394123
2016-03-10 07:00:00,-0.5016364,-0.23818183,-3.9214544,349.6146,7.918958,1.9356251,-31.233333333333334,-25.0,200.8,1.6666666666666665,1e-09,1.732837e-07,-6.7613606
2016-03-10 08:00:00,-1.5235,1.15,-3.6138334,351.55554,8.548333,2.114074,-32.28333333333333,-28.0,261.4166666666667,1.6666666666666665,-38332.95,-38332.95,-6.763342
2016-03-10 09:00:00,1.0046,-1.2236,-4.5401998,336.43332,9.21875,2.0879166,-33.583333333333336,-31.0,355.4,1.3333333333333333,-76665.9,-76665.9,-6.463943
2016-03-10 10:00:00,2.2033334,-2.8487036,-3.2622223,332.06946,9.848611,2.171111,-32.3,-32.0,494.25,1.3333333333333333,1.0006919e-09,2.1188518e-07,-6.681345
2016-03-10 11:00:00,3.2354546,-2.7272727,-2.6541817,327.5119,10.645475,2.2814286,-30.966666666666665,-30.0,469.8666666666667,1.3333333333333333,1.0146601e-09,1.7755934e-07,-6.7528834
2016-03-10 12:00:00,1.9717857,-4.322143,0.46339288,329.298,10.038,2.1764,-26.266666666666666,-27.0,299.56666666666666,1.3333333333333333,1e-09,1.6462907e-07,-6.783592
2016-03-10 13:00:00,-0.049772725,-2.8870454,-1.7236363,332.84473,10.12921,2.246579,-19.816666666666666,-22.0,173.91666666666666,1.3333333333333333,1e-09,1.6690477e-07,-6.777705
2016-03-10 14:00:00,2.4638598,-3.1808772,1.3647369,325.17392,11.000435,2.3258696,-15.916666666666666,-20.0,132.86666666666667,1.3333333333333333,1e-09,1.6758077e-07,-6.7759333
2016-03-10 15:00:00,0.33483332,-4.196,-0.25100002,326.63794,11.798449,2.5172415,-11.983333333333333,-18.0,201.71666666666667,1.0,-3333.3,-3333.3,-6.705581
2016-03-10 16:00:00,-0.246,-4.573833,-0.8021667,326.38815,12.68322,2.7064404,-10.766666666666667,-18.0,172.91666666666666,1.0,-99999.0,-99999.0,
2016-03-10 17:00:00,1.4096227,-4.2620754,-1.7203773,324.34103,13.254102,2.788718,-14.483333333333333,-21.0,173.88333333333333,1.0,-99999.0,-99999.0,
2016-03-10 18:00:00,1.3226415,-3.7981133,-2.038868,322.6805,13.43439,2.799756,-16.4,-20.0,279.53333333333336,1.6666666666666665,-28333.05,-28333.05,-6.4769835
2016-03-10 19:00:00,0.06850001,-4.0715,-1.271,326.06958,13.5254345,2.878913,-17.6,-20.0,294.95,1.6666666666666665,2.5963447e-09,2.8638334e-07,-6.5819554
2016-03-10 20:00:00,0.8961667,-4.9605002,0.6795,321.9,13.094363,2.714,-22.683333333333334,-20.0,246.01666666666668,1.6666666666666665,-14999.85,-14999.85,-6.7278543
2016-03-10 21:00:00,-0.07516667,-4.1176667,1.8694999,323.68967,13.321552,2.7912068,-23.75,-20.0,190.53333333333333,2.3333333333333335,1.0010265e-09,1.87772e-07,-6.7272153
2016-03-10 22:00:00,-1.2998306,-3.4386442,-2.6477966,327.25107,13.240212,2.836596,-17.183333333333334,-15.0,302.7,2.3333333333333335,1.0416136e-09,2.9413735e-07,-6.537889
2016-03-10 23:00:00,-0.963,-4.374833,-1.6901666,324.93958,13.578334,2.87,-18.95,-16.0,351.9166666666667,2.3333333333333335,1e-09,2.305648e-07,-6.639789
2016-03-11 00:00:00,-2.0035,-4.7141666,-0.5873334,322.08432,14.414314,2.9890196,-17.7,-16.0,253.6,1.3333333333333333,,,
2016-03-11 01:00:00,-2.1057627,-5.2828813,-1.5549152,321.03198,14.5702,3.0032,-13.683333333333334,-13.0,193.41666666666666,1.3333333333333333,,,
2016-03-11 02:00:00,-0.06566667,-4.548,-0.7928333,315.60526,14.347018,2.8564913,-14.033333333333333,-12.0,195.76666666666668,1.3333333333333333,,,
2016-03-11 03:00:00,-0.27877194,-2.6938598,-0.9377193,310.09534,14.212791,2.7297673,-15.0,-13.0,111.13333333333334,2.6666666666666665,,,
2016-03-11 04:00:00,1.2814544,-2.286909,-1.3401818,311.09772,15.188183,2.9436364,-15.933333333333334,-12.0,136.38333333333333,2.6666666666666665,,,
2016-03-11 05:00:00,3.2614286,-2.4017856,2.2392857,304.0041,16.452858,3.0553062,-16.1,-14.0,243.03333333333333,2.6666666666666665,,,
2016-03-11 06:00:00,1.1635,-8.888166,-2.2386668,333.55957,34.165745,7.6146803,-8.266666666666667,-7.0,200.93333333333334,3.0,,,
2016-03-11 07:00:00,-1.1287719,-7.400526,-1.4703509,342.18,35.214,8.2838,-12.983333333333333,-14.0,300.71666666666664,3.0,,,
2016-03-11 08:00:00,-1.0758334,-8.37,2.1423333,341.90546,35.635273,8.333091,-16.633333333333333,-17.0,348.55,3.0,,,
2016-03-11 09:00:00,0.3955,-10.9785,5.903,344.0692,33.220577,7.878654,-16.016666666666666,-15.0,273.01666666666665,3.3333333333333335,,,
2016-03-11 10:00:00,4.687885,-11.480384,11.434038,345.8361,44.085556,10.536111,-1.9166666666666667,-1.0,362.28333333333336,3.3333333333333335,,,
2016-03-11 11:00:00,5.159138,4.787069,13.667586,356.5341,63.355907,16.103865,17.983333333333334,19.0,230.01666666666668,3.3333333333333335,,,
2016-03-11 12:00:00,3.366949,4.22,5.6020336,383.4262,43.694283,12.845238,17.6,20.0,162.9,5.333333333333333,,,
2016-03-11 13:00:00,6.923,13.269,-9.362333,393.04727,23.106182,7.159091,-3.3833333333333333,4.0,274.7,5.333333333333333,,,
2016-03-11 14:00:00,7.3624134,14.556724,3.7898276,387.23602,20.7146,6.2190003,-10.5,-5.0,707.4,5.333333333333333,,,
2016-03-11 15:00:00,2.3394737,13.028948,10.660351,418.9822,22.362223,7.8588886,2.8833333333333333,1.0,154.01666666666668,3.0,,,
2016-03-11 16:00:00,-0.082166664,17.632666,10.584667,421.13965,22.297241,7.904138,6.7,6.0,63.71666666666667,3.0,,,
2016-03-11 17:00:00,4.6522036,19.270338,5.3818645,422.7309,16.233273,5.8019996,1.1833333333333333,3.0,52.516666666666666,3.0,,,
2016-03-11 18:00:00,4.1384997,15.635166,2.4108331,437.28235,18.279608,6.9864707,2.433333333333333,5.0,71.45,3.3333333333333335,,,
2016-03-11 19:00:00,-3.1240385,6.634231,-7.901923,456.5206,16.368237,6.7664704,0.7,4.0,87.86666666666666,3.3333333333333335,,,
2016-03-11 20:00:00,-1.2175001,5.0031667,-0.67766666,555.0837,6.5551023,3.8591838,-23.4,-17.0,269.06666666666666,3.3333333333333335,,,
2016-03-11 21:00:00,-0.89066666,4.8531666,2.3118334,562.9302,5.6890564,3.6103776,-17.283333333333335,-15.0,258.3666666666667,2.6666666666666665,,,
2016-03-11 22:00:00,-2.6247458,5.309322,-1.9032203,550.8036,4.615893,2.800893,-15.466666666666667,-13.0,79.4,2.6666666666666665,,,
2016-03-11 23:00:00,-2.1209092,4.4501815,-3.7727273,544.19165,4.8294444,2.8633335,-16.216666666666665,-13.0,71.51666666666667,2.6666666666666665,,,
2016-03-12 00:00:00,-2.7186205,3.854138,-1.1724138,543.8143,5.530476,3.272619,-16.116666666666667,-13.0,278.25,3.0,1e-09,1.608254e-07,-6.7937565
2016-03-12 01:00:00,-3.2911668,2.7405,0.6905,543.08844,5.5509615,3.2753844,-8.05,-7.0,160.21666666666667,3.0,1e-09,1.6878532e-07,-6.7730174
2016-03-12 02:00:00,-3.5008771,3.3754385,-1.1385965,539.7975,5.109,2.9795,-5.233333333333333,-5.0,70.66666666666667,3.0,1e-09,1.6876365e-07,-6.772902
2016-03-12 03:00:00,-4.9175,1.0653332,-1.5373333,532.0196,4.820784,2.737451,-10.35,-8.0,75.58333333333333,3.0,4.0461154e-09,3.244149e-07,-6.552343
2016-03-12 04:00:00,-5.5020003,1.0505455,-1.4987273,501.10928,6.3981395,3.2104652,-10.15,-10.0,318.03333333333336,3.0,5.7996683e-09,5.504041e-07,-6.2835603
2016-03-12 05:00:00,-5.313898,-0.08033898,1.5249152,501.07736,5.33,2.6733963,-11.033333333333333,-10.0,256.5833333333333,3.0,1e-09,2.7526693e-07,-6.561226
2016-03-12 06:00:00,-5.037,0.9113333,0.089833334,507.04333,4.473167,2.299833,-14.65,-12.0,84.16666666666667,2.0,5.873225e-09,4.311778e-07,-6.3997173
2016-03-12 07:00:00,-0.225,4.4223332,-1.0070001,515.10535,3.9685714,2.1074998,-13.533333333333333,-10.0,46.28333333333333,2.0,1e-09,2.8595915e-07,-6.5451574
2016-03-12 08:00:00,-1.4641666,4.8831663,-0.49933332,516.6186,4.594884,2.45,-13.983333333333333,-11.0,199.33333333333334,2.0,-41666.25,-41666.25,-6.6585293
2016-03-12 09:00:00,-0.8827586,4.6201725,-0.023965515,514.06537,5.022308,2.6488461,-12.516666666666667,-11.0,240.25,1.6666666666666665,-78332.55,-78332.55,-6.84392
2016-03-12 10:00:00,-1.2773334,5.1340003,1.4333333,511.75192,4.8017306,2.5169232,-10.65,-9.0,71.5,1.6666666666666665,1e-09,1.7327788e-07,-6.7634873
2016-03-12 11:00:00,-3.6567798,3.3842373,3.0222034,505.8,5.1566668,2.6404762,-11.816666666666666,-9.0,76.7,1.6666666666666665,1e-09,1.724348e-07,-6.7638073
2016-03-12 12:00:00,-5.347586,1.092931,2.8963795,504.19543,4.9227276,2.5027273,-10.983333333333333,-9.0,42.38333333333333,1.0,1e-09,1.8869711e-07,-6.7257247
2016-03-12 13:00:00,-5.733051,1.0622034,2.5044067,504.04773,4.590682,2.3322728,-9.95,-8.0,40.61666666666667,1.0,1e-09,1.7692017e-07,-6.753172
2016-03-12 14:00:00,-5.045091,1.8047273,1.7938181,504.7927,4.7912197,2.4421952,-9.25,-8.0,49.15,1.0,-83332.5,-83332.5,-6.7722816
2016-03-12 15:00:00,-4.5398145,2.2759259,0.049444452,497.35162,4.9974194,2.472258,-8.883333333333333,-8.0,83.85,3.3333333333333335,-6666.6,-6666.6,-6.7525053
2016-03-12 16:00:00,-4.7551923,0.51807696,1.8594232,496.50284,4.903143,2.4162858,-10.433333333333334,-9.0,288.93333333333334,3.3333333333333335,1e-09,2.1200422e-07,-6.6751256
2016-03-12 17:00:00,-4.9434996,0.0050000027,1.1303333,488.8074,5.4553704,2.605926,-20.283333333333335,-16.0,650.9666666666667,3.3333333333333335,1.0188864e-09,2.0548754e-07,-6.687307
2016-03-12 18:00:00,-4.7566667,0.44,-0.53183335,488.66364,4.9794545,2.3761818,-27.366666666666667,-21.0,618.5166666666667,3.3333333333333335,1.0332387e-09,1.9414784e-07,-6.714495
2016-03-12 19:00:00,-4.2101665,0.9736667,-0.49933332,489.75284,4.96566,2.3801887,-28.966666666666665,-23.0,288.65,3.3333333333333335,1.000669e-09,1.7184293e-07,-6.7652617
2016-03-12 20:00:00,-4.6095,1.0716667,0.70750004,478.8087,5.586522,2.5615218,-21.616666666666667,-18.0,90.33333333333333,3.3333333333333335,1e-09,1.742393e-07,-6.7589526
2016-03-12 21:00:00,-4.6610527,1.5015789,-0.41596493,475.28125,5.2835417,2.38625,-20.316666666666666,-18.0,79.91666666666667,0.6666666666666666,1e-09,1.7796118e-07,-6.750158
2016-03-12 22:00:00,-4.1648335,2.1603332,0.47849998,469.76398,5.068,2.235,-18.65,-17.0,100.45,0.6666666666666666,1e-09,1.9676996e-07,-6.707467
2016-03-12 23:00:00,-4.2479663,1.9094914,1.0272882,462.74222,5.3648887,2.2968888,-17.483333333333334,-17.0,46.88333333333333,0.6666666666666666,1e-09,2.1034643e-07,-6.6778073
2016-03-13 00:00:00,-3.8271186,2.0672882,1.4342374,458.51572,5.6123533,2.359804,-11.816666666666666,-12.0,30.333333333333332,0.3333333333333333,1e-09,2.450867e-07,-6.6128135
2016-03-13 01:00:00,-1.3131667,3.5798333,1.246,473.40182,5.105556,2.287963,-6.283333333333333,-7.0,26.066666666666666,0.3333333333333333,1e-09,2.0628097e-07,-6.6897426
2016-03-13 02:00:00,-3.9351666,1.2256666,1.1636666,465.87347,5.7910204,2.5081632,-5.566666666666666,-6.0,24.9,0.3333333333333333,1e-09,1.7588833e-07,-6.7548776
2016-03-13 03:00:00,-3.9386208,1.9356897,0.27344826,460.58975,6.256154,2.654359,-6.833333333333333,-6.0,30.233333333333334,1.6666666666666665,1e-09,1.8048054e-07,-6.7452683
2016-03-13 04:00:00,-4.365965,2.361579,0.70561403,461.5,6.244222,2.6604445,-8.65,-6.0,37.53333333333333,1.6666666666666665,1e-09,1.7052854e-07,-6.769174
2016-03-13 05:00:00,-4.647627,1.9547458,0.85999995,459.1432,5.7850003,2.4418182,-9.433333333333334,-6.0,64.06666666666666,1.6666666666666665,1e-09,1.8276039e-07,-6.7405696
2016-03-13 06:00:00,-4.747627,0.052033894,2.8522034,454.57346,5.501837,2.2736733,-8.816666666666666,-7.0,54.61666666666667,0.6666666666666666,1e-09,1.5735223e-07,-6.803201
2016-03-13 07:00:00,-4.4778,0.97099996,2.742,456.03516,5.8286486,2.424865,-7.366666666666666,-5.0,49.71666666666667,0.6666666666666666,1e-09,1.7008018e-07,-6.7707357
2016-03-13 08:00:00,-5.069123,0.85087717,2.1778948,451.56772,5.685484,2.3190322,-7.033333333333333,-4.0,38.25,0.6666666666666666,-43332.9,-43332.9,-6.7975845
2016-03-13 09:00:00,-4.313158,1.8977193,2.9278948,446.00485,5.502683,2.1904879,-5.85,-4.0,30.283333333333335,1.0,-76665.9,-76665.9,-6.961025
2016-03-13 10:00:00,-3.713962,3.4298112,2.6932077,442.1111,5.4677777,2.1374998,-5.533333333333333,-5.0,24.333333333333332,1.0,1e-09,1.3701528e-07,-6.8654413
2016-03-13 11:00:00,-1.701724,3.9506896,1.497931,430.98364,5.170204,1.9265306,-6.416666666666667,-7.0,27.65,1.0,1e-09,1.450643e-07,-6.838615
2016-03-13 12:00:00,-3.8163333,0.91933334,3.094,422.51248,5.415893,1.9339286,-7.616666666666666,-8.0,42.56666666666667,0.6666666666666666,1e-09,1.5253555e-07,-6.8174143
2016-03-13 13:00:00,-2.7651668,1.9118333,1.91,416.6609,5.342174,1.8539131,-8.566666666666666,-8.0,31.8,0.6666666666666666,1e-09,1.5033068e-07,-6.8232136
2016-03-13 14:00:00,-2.778793,0.6239655,1.7767242,417.8204,5.3157144,1.855306,-8.35,-6.0,32.4,0.6666666666666666,1e-09,1.5014757e-07,-6.824937
2016-03-13 15:00:00,-2.7811627,-1.4855814,3.0497675,408.69473,3.9484208,1.3189473,-10.933333333333334,-5.0,34.766666666666666,0.3333333333333333,1e-09,1.5190338e-07,-6.8189197
2016-03-13 16:00:00,-2.7171185,-1.4222034,2.881356,406.90848,3.9910169,1.3222034,-11.783333333333333,-6.0,37.666666666666664,0.3333333333333333,1e-09,1.487253e-07,-6.8277097
2016-03-13 17:00:00,-3.16,-1.1828333,2.2963333,411.5158,4.6301756,1.5687718,-12.183333333333334,-6.0,36.81666666666667,0.3333333333333333,1e-09,1.573515e-07,-6.803469
2016-03-13 18:00:00,-3.135862,-1.287931,2.3024137,413.48795,5.10931,1.747069,-11.766666666666667,-5.0,38.38333333333333,0.0,1e-09,1.4648968e-07,-6.834262
2016-03-13 19:00:00,-3.3961668,0.7095,2.7918332,409.66,5.3399997,1.7923334,-11.066666666666666,-3.0,30.85,0.0,1e-09,1.4387986e-07,-6.842102
2016-03-13 20:00:00,-3.4716668,1.0866666,2.1863332,411.66898,5.1577587,1.7489655,-10.85,-4.0,29.166666666666668,0.0,1.000346e-09,2.4630694e-07,-6.621183
2016-03-13 21:00:00,-3.6884744,1.8706781,0.33338982,410.292,5.3065996,1.7883999,-10.616666666666667,-5.0,32.1,0.6666666666666666,1.8709916e-09,3.702263e-07,-6.440349
2016-03-13 22:00:00,-3.0886664,3.0061667,-1.9449999,414.08597,5.4464912,1.8678948,-10.0,-7.0,31.05,0.6666666666666666,1.000346e-09,3.1379426e-07,-6.506262
2016-03-13 23:00:00,-3.1286666,3.1793332,-1.7843333,413.52222,5.2842593,1.8070371,-11.066666666666666,-8.0,29.666666666666668,0.6666666666666666,1.0078405e-09,2.6213232e-07,-6.583949
2016-03-14 00:00:00,-4.078889,2.2175925,-0.93407404,407.95114,4.9628887,1.6524445,-10.1,-10.0,32.7,1.6666666666666665,1e-09,1.9702156e-07,-6.706426
2016-03-14 01:00:00,-4.0821667,2.2196665,-1.2886666,404.46832,5.1796665,1.6949999,-7.15,-9.0,49.733333333333334,1.6666666666666665,1e-09,1.7382861e-07,-6.7600603
2016-03-14 02:00:00,-4.1893334,1.7756667,-1.2583333,399.95834,4.6516666,1.4876667,-7.483333333333333,-8.0,46.28333333333333,1.6666666666666665,1e-09,1.6693943e-07,-6.7775316
2016-03-14 03:00:00,-3.2923331,2.6831667,-1.8575,396.0263,4.5699997,1.4361404,-9.45,-7.0,52.78333333333333,1.3333333333333333,1e-09,1.7273103e-07,-6.763081
2016-03-14 04:00:00,-2.9345002,3.1268334,-2.3458333,393.56726,4.779818,1.4801819,-11.116666666666667,-8.0,84.96666666666667,1.3333333333333333,1e-09,1.5816018e-07,-6.801039
2016-03-14 05:00:00,-3.2978332,2.5505,-2.4410002,389.14822,5.2569647,1.5919644,-12.483333333333333,-10.0,174.86666666666667,1.3333333333333333,1e-09,1.5518057e-07,-6.8092637
2016-03-14 06:00:00,-3.4406667,2.7584999,-2.5903332,388.6544,5.7336845,1.731579,-12.816666666666666,-10.0,229.68333333333334,1.3333333333333333,1e-09,1.6092045e-07,-6.793756
2016-03-14 07:00:00,-3.4263334,2.6811666,-2.8274999,386.74313,5.7707844,1.7262745,-13.483333333333333,-9.0,191.75,1.3333333333333333,1e-09,1.7195083e-07,-6.7655506
2016-03-14 08:00:00,-3.8846667,3.6676667,-2.2403333,389.18167,5.36,1.6238333,-14.933333333333334,-11.0,265.85,1.3333333333333333,-44999.55,-44999.55,-6.6978154
2016-03-14 09:00:00,-4.3830004,4.041167,-1.3721668,389.92764,7.554468,2.2987235,-10.366666666666667,-9.0,268.95,1.0,-76665.9,-76665.9,-6.8087053
2016-03-14 10:00:00,-4.9696665,3.6216667,-1.9116666,387.668,8.408,2.5274,-7.633333333333334,-6.0,114.03333333333333,1.0,1e-09,1.638823e-07,-6.78588
2016-03-14 11:00:00,-4.0788136,3.6823728,-2.9322033,384.16458,9.617291,2.83625,-6.866666666666666,-4.0,83.95,1.0,3.510174e-09,3.2656675e-07,-6.5263605
2016-03-14 12:00:00,-2.9545765,2.314237,-4.266102,378.95908,10.172273,2.9238634,-7.6,-4.0,101.88333333333334,0.6666666666666666,1e-09,2.073681e-07,-6.6853814
2016-03-14 13:00:00,-5.2919297,1.5419298,-2.4885967,372.6342,9.20579,2.5536842,-8.616666666666667,-4.0,65.16666666666667,0.6666666666666666,1.0072922e-09,2.6358643e-07,-6.5862293
2016-03-14 14:00:00,-5.1174574,3.7566102,-0.24983051,372.02252,10.83525,2.9995,-2.2333333333333334,3.0,76.96666666666667,0.6666666666666666,1e-09,2.4102138e-07,-6.6191626
2016-03-14 15:00:00,-4.661228,4.358421,1.147193,370.96045,11.937907,3.2851162,-0.43333333333333335,5.0,50.15,2.3333333333333335,-91665.75,-91665.75,-6.657277
2016-03-14 16:00:00,-4.590517,3.4927588,0.66913795,366.8587,13.034782,3.5084782,-1.3833333333333333,5.0,39.35,2.3333333333333335,-44999.55,-44999.55,-6.7420707
2016-03-14 17:00:00,-4.6914997,5.5338335,2.2280002,382.13037,21.95107,6.6207147,12.95,19.0,68.05,2.3333333333333335,2.8026002e-09,2.2917233e-07,-6.6619143
2016-03-14 18:00:00,-2.6556666,7.2056665,9.510333,420.73193,50.947235,18.185743,40.05,45.0,53.63333333333333,3.3333333333333335,1.3414335e-09,2.6672438e-07,-6.584259
2016-03-14 19:00:00,1.3441666,-12.272666,5.5573335,470.26294,28.467037,12.335926,29.616666666666667,37.0,141.56666666666666,3.3333333333333335,1.005433e-09,2.331655e-07,-6.633989
2016-03-14 20:00:00,3.739661,-9.423559,0.20338985,511.24585,14.907708,7.791042,1.0166666666666666,8.0,337.68333333333334,3.3333333333333335,1e-09,2.6077163e-07,-6.58738
2016-03-14 21:00:00,3.1540678,-10.302881,3.8425422,521.9711,16.450577,8.95423,-3.1333333333333333,-4.0,648.7166666666667,5.0,1.0726865e-09,3.1974636e-07,-6.5027013
2016-03-14 22:00:00,4.6686664,-6.899167,2.8006666,528.81665,14.326667,7.943148,-14.316666666666666,-12.0,719.5,5.0,2.7993126e-09,3.0215008e-07,-6.540053
2016-03-14 23:00:00,3.0389473,-2.4268422,0.7278948,569.20715,8.752857,5.6709523,-20.85,-21.0,399.71666666666664,5.0,1.0013325e-09,2.3699927e-07,-6.632928
2016-03-15 00:00:00,7.931525,-1.5823729,-0.33288133,542.4022,8.29,4.8786664,-30.883333333333333,-29.0,313.56666666666666,4.0,1e-09,1.8840366e-07,-6.725024
2016-03-15 01:00:00,6.775167,-3.495,0.72466666,549.78656,7.809808,4.720769,-26.183333333333334,-23.0,456.8833333333333,4.0,1e-09,1.7735881e-07,-6.7512584
2016-03-15 02:00:00,5.0648336,-6.150333,-0.89633334,543.3412,7.6305885,4.5064707,-22.866666666666667,-20.0,304.18333333333334,4.0,1e-09,1.8206454e-07,-6.739976
2016-03-15 03:00:00,1.3843333,-7.0971665,-2.8133333,551.23773,7.230755,4.3958488,-37.46666666666667,-30.0,582.6666666666666,4.0,1.0003345e-09,1.9236474e-07,-6.719818
2016-03-15 04:00:00,3.3896668,-0.60433334,-1.63,560.5143,7.0432653,4.4191837,-42.166666666666664,-37.0,431.96666666666664,4.0,2.945772e-09,3.7095376e-07,-6.433843
2016-03-15 05:00:00,5.9662714,-0.54118645,-4.5632205,555.0677,6.5244117,4.0191174,-38.45,-39.0,597.95,4.0,1e-09,2.415936e-07,-6.620158
2016-03-15 06:00:00,6.7003393,-2.5357628,-2.3069491,549.6018,6.231636,3.7654548,-46.083333333333336,-44.0,762.7,4.333333333333333,1.0215534e-09,2.2695207e-07,-6.6443205
2016-03-15 07:00:00,4.2061667,-4.330167,-2.6646667,560.14905,5.9466043,3.7354717,-59.0,-50.0,620.2833333333333,4.333333333333333,1.2531889e-09,2.6695642e-07,-6.575546
2016-03-15 08:00:00,4.9781666,-4.580333,0.45683333,556.37354,5.6201887,3.4792452,-47.28333333333333,-44.0,560.8833333333333,4.333333333333333,-46666.2,-46666.2,-6.605243
2016-03-15 09:00:00,5.1051664,-3.8355,1.4261667,551.3333,5.257917,3.1970835,-34.483333333333334,-34.0,497.5,3.3333333333333335,-78332.55,-78332.55,-6.6471376
2016-03-15 10:00:00,5.6981483,-2.2135184,-0.9503704,538.5432,5.071081,2.9402702,-32.78333333333333,-33.0,150.0,3.3333333333333335,1e-09,2.432949e-07,-6.614078
2016-03-15 11:00:00,6.34,-1.65,1.49,525.8,5.215,2.88,-34.55,-32.0,105.5,3.3333333333333335,1e-09,2.6625648e-07,-6.576716
2016-03-15 12:00:00,,,,,,,-31.666666666666668,-29.0,206.51666666666668,1.3333333333333333,1.0466953e-09,2.9458232e-07,-6.5375223
2016-03-15 13:00:00,,,,,,,-28.316666666666666,-27.0,102.31666666666666,1.3333333333333333,1e-09,2.574326e-07,-6.5895047
2016-03-15 14:00:00,,,,,,,-23.333333333333332,-23.0,80.98333333333333,1.3333333333333333,1.001384e-09,2.809037e-07,-6.552015
2016-03-15 15:00:00,6.0261908,-5.042857,0.5519048,513.2941,5.5005884,2.8958824,-17.95,-17.0,76.53333333333333,2.6666666666666665,8.368892e-09,4.2897074e-07,-6.394135
2016-03-15 16:00:00,5.7385,-4.6169996,1.0573334,514.8929,5.4140477,2.8633335,-18.8,-16.0,217.36666666666667,2.6666666666666665,1.9546715e-09,3.9117148e-07,-6.4145613
2016-03-15 17:00:00,4.8461404,-6.3014035,1.4647368,514.9429,5.0146937,2.6557143,-21.666666666666668,-17.0,457.3333333333333,2.6666666666666665,1.4020551e-09,3.6213962e-07,-6.4423947
2016-03-15 18:00:00,6.9866667,-2.349,-4.340667,500.93,5.6952,2.8574,-23.45,-20.0,479.3833333333333,5.333333333333333,6.654202e-09,4.5818484e-07,-6.3624716
2016-03-15 19:00:00,5.0189285,-6.1489286,0.2660714,496.4081,5.5754056,2.7481081,-30.2,-30.0,624.3166666666667,5.333333333333333,1.0027165e-09,3.068735e-07,-6.513177
2016-03-15 20:00:00,4.8135595,-5.3754234,-0.29118645,491.1658,5.7610526,2.7860527,-27.666666666666668,-30.0,888.2666666666667,5.333333333333333,1.98504e-09,3.6635177e-07,-6.440399
2016-03-15 21:00:00,3.281724,-6.4677587,-0.9856897,488.17557,5.7915554,2.7508888,-27.316666666666666,-30.0,543.85,3.3333333333333335,1.0277122e-09,2.4711832e-07,-6.6076374
2016-03-15 22:00:00,6.4005,-0.42533335,-3.3281667,460.80554,7.6394444,3.265926,-39.416666666666664,-39.0,437.78333333333336,3.3333333333333335,1e-09,2.1979176e-07,-6.658884
2016-03-15 23:00:00,7.830678,-0.14983049,-2.546271,448.5739,7.332174,2.9591303,-47.95,-46.0,529.4166666666666,3.3333333333333335,1e-09,2.477657e-07,-6.606507
2016-03-16 00:00:00,6.637069,-5.0644827,-1.8936207,450.5851,6.3385105,2.5793617,-47.85,-40.0,738.7833333333333,5.0,1e-09,2.3481286e-07,-6.629304
2016-03-16 01:00:00,-2.1935,-0.89000005,-0.0985,496.26328,6.527755,3.2159183,-39.9,-39.0,435.98333333333335,5.0,1e-09,2.4022452e-07,-6.6195374
2016-03-16 02:00:00,-0.5427586,4.950517,0.60568964,500.05,5.910682,2.9586363,-31.383333333333333,-34.0,215.25,5.0,1.0009537e-09,2.5951937e-07,-6.5876145
2016-03-16 03:00:00,0.6289831,5.051186,2.6671185,501.59998,5.941707,2.9865854,-28.783333333333335,-29.0,62.46666666666667,2.6666666666666665,1e-09,2.3037045e-07,-6.6383758
2016-03-16 04:00:00,4.9515386,-0.5146154,2.731154,472.31113,6.0137033,2.6922224,-30.65,-27.0,95.71666666666667,2.6666666666666665,1e-09,2.1617825e-07,-6.6652703
2016-03-16 05:00:00,4.5895,-3.9075,-0.8871667,463.95117,6.021163,2.6013954,-34.9,-31.0,291.01666666666665,2.6666666666666665,1e-09,2.2338529e-07,-6.6515684
2016-03-16 06:00:00,6.0674996,-3.2553334,0.25016665,451.184,6.2815995,2.5566,-34.35,-31.0,418.3666666666667,2.6666666666666665,3.0223827e-08,7.702804e-07,-6.336672
2016-03-16 07:00:00,1.8730612,-6.7577553,0.6632653,462.11667,4.9100003,2.0966666,-41.766666666666666,-34.0,385.93333333333334,2.6666666666666665,2.4576408e-09,4.202744e-07,-6.4084644
2016-03-16 08:00:00,5.94,-2.4701667,1.1615001,452.60666,5.401,2.2173333,-30.85,-28.0,224.58333333333334,2.6666666666666665,-46666.2,-46666.2,-6.5979953
2016-03-16 09:00:00,6.634643,1.2042857,-1.7348214,454.8721,6.233023,2.5806978,-17.85,-18.0,295.3,3.0,-76665.9,-76665.9,-6.742533
2016-03-16 10:00:00,5.1607847,-4.6221566,-1.1635294,468.33887,5.663611,2.4844446,-24.516666666666666,-22.0,493.28333333333336,3.0,1.876804e-09,2.2568288e-07,-6.65111
2016-03-16 11:00:00,4.439831,-5.4489827,-0.7549153,480.87885,4.969039,2.300577,-32.1,-31.0,484.28333333333336,3.0,4.811604e-09,2.9438144e-07,-6.5440497
2016-03-16 12:00:00,4.493509,-3.174386,-1.3942106,484.17383,4.7316666,2.229524,-30.083333333333332,-28.0,461.8333333333333,2.6666666666666665,3.747854e-09,2.1299178e-07,-6.672088
2016-03-16 13:00:00,-1.5649153,-4.5132203,1.0854237,531.07275,4.62,2.5816364,-26.533333333333335,-25.0,427.31666666666666,2.6666666666666665,8.235391e-09,1.979379e-07,-6.703561
2016-03-16 14:00:00,-5.277455,-3.3741817,1.7190909,566.6477,4.244091,2.7240908,-22.416666666666668,-20.0,191.05,2.6666666666666665,1.4480662e-09,2.1884948e-07,-6.660409
2016-03-16 15:00:00,0.065217406,-3.5369565,3.0073912,510.61,4.5656667,2.3793333,-19.033333333333335,-17.0,75.33333333333333,1.3333333333333333,1.0557115e-09,2.2834024e-07,-6.6421347
2016-03-16 16:00:00,2.0355933,-3.3598304,3.2574577,495.19574,4.549787,2.2251065,-17.3,-17.0,68.58333333333333,1.3333333333333333,-26666.4,-26666.4,-6.6034455
2016-03-16 17:00:00,0.56196433,-3.3457143,4.5764284,522.06903,4.4064283,2.4104762,-15.166666666666666,-16.0,51.81666666666667,1.3333333333333333,1.0010149e-09,2.1050737e-07,-6.6774
2016-03-16 18:00:00,4.7149153,-7.17322,1.4649153,520.1784,4.26098,2.3341177,-16.216666666666665,-17.0,284.71666666666664,3.0,1e-09,2.0429981e-07,-6.689828
2016-03-16 19:00:00,4.588571,-5.7830358,-2.0296428,535.11163,4.6739535,2.6886046,-20.166666666666668,-22.0,572.4,3.0,1.4532742e-09,2.1866028e-07,-6.6636224
2016-03-16 20:00:00,4.7513795,-4.077069,-5.3525863,536.6422,4.5411115,2.6211112,-34.53333333333333,-36.0,762.7166666666667,3.0,1.0478166e-09,2.1338191e-07,-6.6710634
2016-03-16 21:00:00,5.219655,-5.1377583,-1.317931,536.3417,4.018125,2.3102083,-47.31666666666667,-46.0,707.1333333333333,4.666666666666667,1.0043391e-09,2.2030741e-07,-6.659407
2016-03-16 22:00:00,6.3586206,-1.9137931,-4.352759,538.02856,4.005476,2.3195238,-53.13333333333333,-48.0,631.55,4.666666666666667,1.0017069e-09,2.5212302e-07,-6.5993295
2016-03-16 23:00:00,5.514655,-3.8784482,-3.7468965,548.22437,3.952439,2.3765855,-64.36666666666666,-56.0,517.6333333333333,4.666666666666667,1e-09,2.1434359e-07,-6.669709
2016-03-17 00:00:00,5.458,-1.2856667,-3.7771668,555.61664,4.103542,2.5375001,-54.71666666666667,-52.0,381.85,4.666666666666667,1e-09,2.1583824e-07,-6.667464
2016-03-17 01:00:00,4.5033336,-1.6756141,-3.162456,571.27856,3.9814286,2.5969048,-40.833333333333336,-44.0,530.3833333333333,4.666666666666667,1e-09,1.9983284e-07,-6.6994143
2016-03-17 02:00:00,5.445614,0.85298246,-4.1566668,566.8325,4.00525,2.5757499,-52.93333333333333,-47.0,752.25,4.666666666666667,1e-09,2.0933628e-07,-6.6795278
2016-03-17 03:00:00,6.0585003,-0.6581667,-1.6995,550.6755,3.5967348,2.1857142,-59.96666666666667,-52.0,700.3166666666667,4.666666666666667,1.0010149e-09,2.9165292e-07,-6.540477
2016-03-17 04:00:00,5.3177967,-2.0484746,-2.0042372,553.7045,3.4934092,2.141818,-54.65,-51.0,402.45,4.666666666666667,1.0016723e-09,2.5790007e-07,-6.5894465
2016-03-17 05:00:00,4.8571925,-1.9907018,-2.1705263,555.75116,3.1897676,1.9713953,-43.166666666666664,-45.0,659.6166666666667,4.666666666666667,5.6790417e-09,2.3733355e-07,-6.6256957
2016-03-17 06:00:00,3.1774576,-2.6008475,1.2220339,566.8333,3.0131252,1.9483333,-32.81666666666667,-35.0,325.18333333333334,3.6666666666666665,6.391991e-09,2.2469042e-07,-6.6487556
2016-03-17 07:00:00,4.028136,-0.73016953,0.43101695,572.6667,3.0713334,2.0180001,-31.533333333333335,-30.0,149.2,3.6666666666666665,1e-09,2.1687796e-07,-6.66391
2016-03-17 08:00:00,3.8813791,-1.2918966,-0.4974138,561.6213,2.9980853,1.8938298,-28.566666666666666,-25.0,133.06666666666666,3.6666666666666665,-48332.85,-48332.85,-6.659694
2016-03-17 09:00:00,3.5650983,-2.1031373,-2.3296077,559.2853,2.8605883,1.7955883,-33.583333333333336,-30.0,666.0,4.0,-78332.55,-78332.55,-6.7860208
2016-03-17 10:00:00,2.0955,-3.3891668,-2.3274999,571.0067,2.6344442,1.7217778,-36.55,-33.0,637.9166666666666,4.0,9.131247e-09,1.8058955e-07,-6.7439175
2016-03-17 11:00:00,1.8585966,-4.182456,0.41578948,565.02856,2.7626529,1.7679591,-44.56666666666667,-39.0,589.75,4.0,1.2900239e-08,1.872445e-07,-6.7277746
2016-03-17 12:00:00,2.8548331,-1.7753333,3.007,553.106,2.799,1.7138001,-42.8,-38.0,361.65,2.0,6.0007666e-09,1.8290909e-07,-6.7379413
2016-03-17 13:00:00,2.8225,0.5525,3.9098077,551.32495,2.7955556,1.6986111,-34.71666666666667,-30.0,143.18333333333334,2.0,1.3092397e-09,1.9843063e-07,-6.703605
2016-03-17 14:00:00,4.110862,0.7946552,2.2646554,526.9816,3.1460526,1.7434211,-28.1,-24.0,89.06666666666666,2.0,1.012573e-09,1.913359e-07,-6.718558
2016-03-17 15:00:00,3.873889,-2.7014816,-0.11074074,526.39734,3.1224325,1.7275677,-25.45,-24.0,110.11666666666666,3.3333333333333335,1.0013325e-09,1.7911492e-07,-6.7470293
2016-03-17 16:00:00,3.5313728,-2.5288236,-0.99196076,528.6667,3.0500002,1.7030556,-26.016666666666666,-26.0,343.51666666666665,3.3333333333333335,1.4119064e-09,2.1538239e-07,-6.678261
2016-03-17 17:00:00,-0.3401818,-3.536182,1.4038181,557.86664,2.9772222,1.8527777,-23.283333333333335,-26.0,472.4,3.3333333333333335,2.2145137e-09,2.2371158e-07,-6.6625204
2016-03-17 18:00:00,3.0205,-3.0485,1.3611666,522.32434,3.1440542,1.7113514,-20.383333333333333,-24.0,343.23333333333335,3.0,1.4233738e-09,2.2484646e-07,-6.6482725
2016-03-17 19:00:00,4.391132,-0.95981133,-1.9128301,514.62286,3.3925714,1.7954286,-19.633333333333333,-25.0,81.73333333333333,3.0,1.0064879e-09,1.9789438e-07,-6.7040873
2016-03-17 20:00:00,4.456897,-2.494483,-1.8094827,504.20444,2.8617778,1.4568888,-21.5,-25.0,263.21666666666664,3.0,-14999.85,-14999.85,-6.730225
2016-03-17 21:00:00,4.102692,-0.8721154,3.4371152,501.83105,2.8427587,1.4289654,-28.0,-27.0,302.5833333333333,2.6666666666666665,1.015539e-09,1.8126639e-07,-6.741762
2016-03-17 22:00:00,5.7978334,-1.6231667,0.27833334,477.59433,2.9596226,1.3498113,-30.333333333333332,-29.0,63.53333333333333,2.6666666666666665,1.0155058e-09,1.951968e-07,-6.7099304
2016-03-17 23:00:00,6.0861015,-1.2157627,-0.2659322,473.93213,3.0823214,1.3839285,-31.1,-29.0,51.666666666666664,2.6666666666666665,1.0013325e-09,1.9727979e-07,-6.7055254
2016-03-18 00:00:00,6.062931,-2.025862,0.12362069,469.97757,3.024898,1.3363266,-27.216666666666665,-27.0,35.416666666666664,1.3333333333333333,1.8220064e-09,2.8086876e-07,-6.566559
2016-03-18 01:00:00,6.113333,-2.3966668,-0.4333333,467.7,3.37,1.47,-25.683333333333334,-27.0,48.016666666666666,1.3333333333333333,1e-09,1.9987486e-07,-6.6996584
2016-03-18 02:00:00,,,,,,,-27.85,-28.0,77.45,1.3333333333333333,1.0006919e-09,1.873589e-07,-6.727441
2016-03-18 03:00:00,,,,,,,-27.033333333333335,-26.0,43.95,2.0,1.0010033e-09,1.8146724e-07,-6.741498
2016-03-18 04:00:00,,,,,,,-24.816666666666666,-22.0,28.733333333333334,2.0,1.000346e-09,1.7242593e-07,-6.7634954
2016-03-18 05:00:00,1.9029166,-5.0841665,-1.7258334,456.625,4.4620457,1.863409,-19.6,-18.0,89.58333333333333,2.0,1e-09,1.8043124e-07,-6.745355
2016-03-18 06:00:00,0.4855932,-5.7766104,-1.3581356,457.98392,5.0371428,2.11375,-14.683333333333334,-14.0,332.96666666666664,2.3333333333333335,1e-09,1.742147e-07,-6.759172
2016-03-18 07:00:00,2.6334999,-5.3086667,-1.0271667,452.40213,4.9906383,2.0442553,-20.583333333333332,-16.0,396.03333333333336,2.3333333333333335,1e-09,1.8866703e-07,-6.725036
2016-03-18 08:00:00,1.8866667,-5.4178333,1.1706666,456.1639,5.258889,2.191111,-22.316666666666666,-15.0,293.6333333333333,2.3333333333333335,-48332.85,-48332.85,-6.753385
2016-03-18 09:00:00,2.5788333,-5.1778336,0.36283335,456.68726,5.3974466,2.2523406,-21.433333333333334,-15.0,143.36666666666667,1.6666666666666665,-78332.55,-78332.55,-6.889171
2016-03-18 10:00:00,4.458644,-3.1084745,0.81406784,442.48236,5.4864707,2.1467648,-20.766666666666666,-16.0,150.43333333333334,1.6666666666666665,1e-09,1.6561117e-07,-6.784574
2016-03-18 11:00:00,1.600678,-6.1723733,-1.9044068,453.1,5.073774,2.0828302,-20.083333333333332,-15.0,426.7,1.6666666666666665,4.4131716e-09,1.8691352e-07,-6.7286553
2016-03-18 12:00:00,-3.1645,-5.323,-2.0771666,474.3909,5.039273,2.2692726,-24.7,-20.0,574.6,2.0,1.0494427e-08,1.7138912e-07,-6.766182
2016-03-18 13:00:00,-1.4336363,-6.1005454,0.48945454,462.72107,5.0568423,2.161579,-28.633333333333333,-27.0,586.9333333333333,2.0,9.529081e-09,1.7242857e-07,-6.7636023
2016-03-18 14:00:00,3.7118964,-5.4386206,1.6289655,431.51886,5.3720756,2.000566,-22.266666666666666,-27.0,339.03333333333336,2.0,3.3148067e-09,1.7627558e-07,-6.753888
2016-03-18 15:00:00,5.54193,-3.7491229,0.27736843,420.53336,6.4371796,2.2789743,-14.133333333333333,-25.0,103.58333333333333,2.0,1.0187731e-09,1.6993023e-07,-6.7703185
2016-03-18 16:00:00,5.1908336,-3.8701668,-0.5783333,420.251,6.842353,2.4131372,-11.283333333333333,-23.0,338.46666666666664,2.0,-19999.8,-19999.8,-6.7635064
2016-03-18 17:00:00,4.402353,-4.1449018,0.20137256,418.33945,6.5597367,2.293421,-12.1,-21.0,329.8333333333333,2.0,1.442287e-09,1.7834775e-07,-6.7488437
2016-03-18 18:00:00,4.4016666,-4.2125,-1.3526667,413.56198,5.7664003,1.9736,-17.083333333333332,-24.0,273.23333333333335,2.0,1.4852269e-09,1.9378747e-07,-6.7196407
2016-03-18 19:00:00,3.9073215,-5.3642855,0.5225,415.5617,4.8476596,1.677234,-21.583333333333332,-28.0,395.23333333333335,2.0,1.0197393e-09,1.7230789e-07,-6.766009
2016-03-18 20:00:00,1.9028813,-6.0928817,2.251695,420.22726,4.846818,1.7104546,-25.75,-29.0,420.6166666666667,2.0,1.0574188e-09,1.7813916e-07,-6.7499003
2016-03-18 21:00:00,2.5180001,-6.0936666,1.1324999,413.91788,4.4198213,1.5139285,-27.583333333333332,-27.0,236.7,2.3333333333333335,1.0311477e-09,1.6587093e-07,-6.7803845
2016-03-18 22:00:00,2.986833,-5.623,-0.68833333,410.40576,4.2774997,1.4407692,-28.85,-25.0,431.8333333333333,2.3333333333333335,1.0034484e-09,1.7333305e-07,-6.762507
2016-03-18 23:00:00,4.5788336,-4.802167,-0.36516666,398.7127,3.8589091,1.2270908,-32.45,-28.0,455.8666666666667,2.3333333333333335,7.1890764e-09,4.0734452e-07,-6.4325247
2016-03-19 00:00:00,4.4825,-3.9471667,-0.4875,398.85455,4.132364,1.3238181,-28.383333333333333,-26.0,319.6666666666667,2.0,1.0009864e-09,1.7276898e-07,-6.763213
2016-03-19 01:00:00,2.7445614,-4.7792983,2.825263,412.272,5.1726003,1.7584,-23.083333333333332,-23.0,168.05,2.0,1.000346e-09,1.6708393e-07,-6.7773027
2016-03-19 02:00:00,0.95250005,-5.3845,3.4781668,428.95383,4.915769,1.818077,-18.9,-21.0,92.13333333333334,2.0,1e-09,1.662817e-07,-6.7797785
2016-03-19 03:00:00,2.4629312,-4.638448,0.74344826,425.08,4.922,1.781,-20.333333333333332,-19.0,98.48333333333333,3.0,1e-09,1.7138332e-07,-6.770686
2016-03-19 04:00:00,3.2964816,-4.4540744,-1.51,419.2682,4.882727,1.7152272,-26.783333333333335,-24.0,156.86666666666667,3.0,1e-09,1.7739838e-07,-6.7519703
2016-03-19 05:00:00,2.1847367,-7.4010525,-0.25824562,440.98083,4.7297873,1.8410639,-24.6,-23.0,363.3333333333333,3.0,1e-09,1.5877956e-07,-6.799272
2016-03-19 06:00:00,3.8306665,-4.9918337,-5.6221666,431.4942,5.234423,1.9490384,-29.316666666666666,-25.0,392.68333333333334,3.6666666666666665,1e-09,1.5391366e-07,-6.8128157
2016-03-19 07:00:00,3.822373,-2.8105085,-6.6757627,426.24585,5.2585416,1.9110416,-40.85,-37.0,603.8,3.6666666666666665,1e-09,1.522234e-07,-6.817765
2016-03-19 08:00:00,1.994,-0.9698333,-7.235833,429.11694,4.9859324,1.8362712,-52.63333333333333,-45.0,624.7333333333333,3.6666666666666665,-48332.85,-48332.85,-6.8292503
2016-03-19 09:00:00,3.4142306,-4.8226924,-3.1226923,427.03845,5.561282,2.0282052,-51.46666666666667,-45.0,799.4333333333333,3.6666666666666665,-78332.55,-78332.55,-6.9119496
2016-03-19 10:00:00,0.2715,-2.8385,3.1243334,445.85416,5.964792,2.373125,-50.4,-46.0,529.7,3.6666666666666665,5.8181815e-09,1.4792516e-07,-6.830905
2016-03-19 11:00:00,0.4675862,-2.27,4.23431,444.26282,5.8876743,2.3244185,-46.083333333333336,-40.0,196.93333333333334,3.6666666666666665,1e-09,1.6560595e-07,-6.781164
2016-03-19 12:00:00,4.281579,-2.3935087,0.43754387,418.80753,5.724,2.0067499,-39.68333333333333,-32.0,88.76666666666667,3.0,1e-09,1.5299966e-07,-6.815774
2016-03-19 13:00:00,4.3560343,-2.945517,-2.1387932,416.83182,5.14,1.7868183,-40.46666666666667,-33.0,228.71666666666667,3.0,1.0194336e-09,1.5176302e-07,-6.8213644
2016-03-19 14:00:00,3.6128335,-3.0166667,0.08833334,424.6551,4.9263268,1.7755102,-38.833333333333336,-33.0,420.9166666666667,3.0,3.4468035e-09,1.4829855e-07,-6.8293433
2016-03-19 15:00:00,4.8265,-0.2845,-2.6855001,413.1163,4.6634693,1.5916326,-34.13333333333333,-33.0,188.45,3.6666666666666665,1.0461945e-09,1.5497616e-07,-6.811113
2016-03-19 16:00:00,4.3254237,-1.7884746,-3.3342373,417.00238,4.1714287,1.4545238,-30.566666666666666,-32.0,326.31666666666666,3.6666666666666665,1e-09,1.4582153e-07,-6.8364725
2016-03-19 17:00:00,2.5801787,-3.429643,-1.6696428,435.9271,5.381042,2.046875,-26.45,-28.0,749.5333333333333,3.6666666666666665,1.3015967e-09,1.5164643e-07,-6.8193746
2016-03-19 18:00:00,-1.450339,-5.2642374,1.0291525,459.6771,5.1752086,2.1872916,-21.85,-25.0,332.8333333333333,2.3333333333333335,1.3147842e-09,1.5362747e-07,-6.814055
2016-03-19 19:00:00,3.140862,-0.65034485,-3.4301724,427.18976,5.3584614,1.954359,-20.2,-25.0,271.8333333333333,2.3333333333333335,1.0103478e-09,1.6077821e-07,-6.7938523
2016-03-19 20:00:00,3.141724,-1.1887931,1.0891379,428.72195,5.5068293,2.024878,-24.25,-28.0,239.63333333333333,2.3333333333333335,1.0133143e-09,1.5249437e-07,-6.816947
2016-03-19 21:00:00,1.9147458,0.27559322,3.979661,436.16098,5.4202437,2.067073,-24.633333333333333,-24.0,77.2,1.0,1.000669e-09,1.5052832e-07,-6.8224974
2016-03-19 22:00:00,1.6568334,1.7288334,3.723,433.37308,5.045,1.8971155,-26.533333333333335,-22.0,49.11666666666667,1.0,1.0016953e-09,1.714301e-07,-6.7709417
2016-03-19 23:00:00,1.757,-0.961,2.064,432.16397,4.8508,1.805,-27.283333333333335,-22.0,40.85,1.0,1.0006919e-09,1.5982592e-07,-6.7984424
2016-03-20 00:00:00,3.1305084,-1.4384747,2.3771186,405.62143,4.9428573,1.6257143,-25.016666666666666,-22.0,39.71666666666667,1.3333333333333333,1.2605591e-08,4.4669125e-07,-6.491359
2016-03-20 01:00:00,1.5786667,-4.9188333,0.6825,415.92563,4.1820517,1.4479487,-21.083333333333332,-22.0,50.75,1.3333333333333333,4.3234092e-08,1.0391916e-06,-6.0874486
2016-03-20 02:00:00,2.6113794,-4.6453447,-0.5565517,404.87027,3.9894595,1.305946,-21.733333333333334,-23.0,97.91666666666667,1.3333333333333333,1e-09,1.7079256e-07,-6.7732935
2016-03-20 03:00:00,2.7205,-2.5338333,2.3231666,408.5354,4.232917,1.4120833,-27.783333333333335,-24.0,164.06666666666666,2.6666666666666665,1e-09,1.4513633e-07,-6.838433
2016-03-20 04:00:00,3.4649057,-3.048868,0.28943396,398.03333,3.862121,1.2281818,-25.55,-22.0,70.36666666666666,2.6666666666666665,1e-09,1.4555735e-07,-6.837187
2016-03-20 05:00:00,3.0164285,-3.55125,-1.3755357,402.34888,3.5875556,1.1597778,-24.483333333333334,-22.0,77.35,2.6666666666666665,1e-09,1.409316e-07,-6.8512964
2016-03-20 06:00:00,3.8180356,-3.1119645,0.114999995,395.30002,3.6727905,1.1481395,-26.733333333333334,-24.0,142.75,1.3333333333333333,1e-09,1.3761532e-07,-6.8617415
2016-03-20 07:00:00,4.537843,-0.7,-0.72529405,385.46667,3.6186113,1.0763888,-24.733333333333334,-23.0,60.13333333333333,1.3333333333333333,1e-09,1.5118417e-07,-6.8212323
2016-03-20 08:00:00,4.6098075,0.7680769,1.7048078,409.64548,2.828182,0.92590904,-22.116666666666667,-20.0,51.233333333333334,1.3333333333333333,-48332.85,-48332.85,-6.879282
2016-03-20 09:00:00,5.949667,-1.0856667,1.7128333,431.05908,2.4981818,0.89500004,-18.866666666666667,-17.0,32.46666666666667,1.3333333333333333,-76665.9,-76665.9,-7.027523
2016-03-20 10:00:00,4.175893,-1.2092857,-2.3585715,402.2935,3.2980437,1.0652174,-19.466666666666665,-17.0,54.53333333333333,1.3333333333333333,1e-09,1.1945426e-07,-6.9249177
2016-03-20 11:00:00,4.054386,-0.37701753,-2.4207017,403.67023,3.7112768,1.2095745,-21.033333333333335,-19.0,237.86666666666667,1.3333333333333333,1.2429605e-09,1.7020503e-07,-6.79019
2016-03-20 12:00:00,2.2024138,-3.5075862,1.4720689,421.45627,3.770625,1.3372917,-23.25,-20.0,232.28333333333333,1.6666666666666665,1e-09,1.3447547e-07,-6.874124
2016-03-20 13:00:00,3.7105,-3.2836668,1.2531667,403.85455,3.6909091,1.2045455,-20.733333333333334,-16.0,197.86666666666667,1.6666666666666665,1.2083617e-09,1.2416318e-07,-6.906064
2016-03-20 14:00:00,3.4358332,-3.9336667,-1.9319999,405.98752,3.6829166,1.2129167,-19.95,-15.0,138.68333333333334,1.6666666666666665,1.00198e-09,1.2343624e-07,-6.908617
2016-03-20 15:00:00,0.2415,-0.87600005,-5.698,429.94165,4.1843753,1.5481249,-25.7,-20.0,347.7,3.6666666666666665,1.0040596e-09,1.2468291e-07,-6.904286
2016-03-20 16:00:00,2.6278334,-2.394667,-3.6933334,411.63864,4.659773,1.5802273,-35.166666666666664,-29.0,740.4166666666666,3.6666666666666665,1.7524886e-09,1.277628e-07,-6.893736
2016-03-20 17:00:00,2.7265,-4.5593333,-4.296,413.55084,4.896441,1.6747457,-40.05,-38.0,1029.0666666666666,3.6666666666666665,2.482096e-09,1.2922538e-07,-6.88874
2016-03-20 18:00:00,1.8063333,-5.3191667,-3.4693334,418.51834,5.0286665,1.7636666,-30.416666666666668,-34.0,738.2333333333333,3.6666666666666665,1.5221782e-09,1.4747515e-07,-6.8342795
2016-03-20 19:00:00,2.3144999,-5.950333,-2.1066668,413.66788,4.843571,1.6560714,-31.566666666666666,-37.0,722.55,3.6666666666666665,1.0488796e-09,1.4298101e-07,-6.8450294
2016-03-20 20:00:00,1.216,-6.608333,0.63916665,409.0017,5.0844827,1.7025862,-35.333333333333336,-40.0,645.3166666666667,3.6666666666666665,1.0165695e-09,1.387412e-07,-6.858647
2016-03-20 21:00:00,1.8286667,-5.733333,1.4108334,393.59644,4.0639286,1.2528572,-39.65,-42.0,462.56666666666666,1.6666666666666665,1e-09,1.4222627e-07,-6.8494716
2016-03-20 22:00:00,3.0465,-4.9938335,1.1281667,391.60553,4.262037,1.3055556,-37.583333333333336,-38.0,360.1666666666667,1.6666666666666665,1e-09,1.6276691e-07,-6.789348
2016-03-20 23:00:00,2.7286668,-4.9171667,2.9865,405.7736,3.8596225,1.2686793,-39.166666666666664,-37.0,154.38333333333333,1.6666666666666665,1.000346e-09,1.6018011e-07,-6.796178
2016-03-21 00:00:00,2.2896667,-4.796,3.7028334,411.3923,3.7653847,1.2726923,-33.4,-34.0,106.91666666666667,2.0,1e-09,1.4735957e-07,-6.831826
2016-03-21 01:00:00,3.3455,-3.4761665,5.206,398.83035,3.787143,1.2060715,-26.6,-28.0,98.01666666666667,2.0,1e-09,1.5004544e-07,-6.8241687
2016-03-21 02:00:00,2.9335086,-3.0757897,6.2133336,399.38602,4.1386,1.3194001,-19.75,-23.0,48.833333333333336,2.0,1e-09,1.5483813e-07,-6.8102427
2016-03-21 03:00:00,2.9362712,-1.0949153,6.6264405,393.94528,4.0460377,1.2573584,-18.916666666666668,-20.0,45.86666666666667,1.3333333333333333,1e-09,1.4887537e-07,-6.8273325
2016-03-21 04:00:00,1.6306667,0.16149999,5.9536667,403.78183,3.5683634,1.162909,-21.766666666666666,-20.0,23.4,1.3333333333333333,1e-09,1.4947837e-07,-6.825663
2016-03-21 05:00:00,1.5153449,-0.32310346,-0.21172415,409.94583,6.65625,2.2610416,-19.983333333333334,-18.0,32.11666666666667,1.3333333333333333,1e-09,1.367101e-07,-6.8644733
2016-03-21 06:00:00,2.842,-1.3605,-0.62049997,410.17334,8.202833,2.7625,-19.583333333333332,-17.0,68.46666666666667,1.6666666666666665,1e-09,1.3469506e-07,-6.870753
2016-03-21 07:00:00,3.4171667,-1.6418334,0.15249999,397.88248,7.2357893,2.293158,-20.233333333333334,-17.0,40.0,1.6666666666666665,1e-09,1.4457474e-07,-6.8423705
2016-03-21 08:00:00,2.2781668,-2.3655002,-0.49800003,425.0914,8.77431,3.1805172,-13.55,-12.0,128.61666666666667,1.6666666666666665,-49999.5,-49999.5,-6.827301
2016-03-21 09:00:00,3.8529823,-2.0445614,1.0112281,424.3229,7.7985415,2.8227084,-15.816666666666666,-15.0,282.3833333333333,1.6666666666666665,-76665.9,-76665.9,-7.0794287
2016-03-21 10:00:00,4.1253333,-2.9648333,1.5675,413.2649,5.941053,2.0278947,-18.35,-18.0,120.23333333333333,1.6666666666666665,1e-09,1.1376605e-07,-6.9458423
2016-03-21 11:00:00,4.3388333,-3.0491667,0.90683335,416.53192,7.5431914,2.614468,-16.733333333333334,-15.0,100.26666666666667,1.6666666666666665,1e-09,1.2847025e-07,-6.891336
2016-03-21 12:00:00,4.3201666,-3.0138333,1.2511667,413.10345,7.4296556,2.5365517,-16.733333333333334,-12.0,95.21666666666667,1.6666666666666665,1e-09,1.3986643e-07,-6.8551373
2016-03-21 13:00:00,1.3144069,1.2862712,1.1988136,423.06113,11.916296,4.2651854,-9.166666666666666,-4.0,131.71666666666667,1.6666666666666665,1.0053071e-09,1.3038046e-07,-6.8849764
2016-03-21 14:00:00,0.7794827,-2.3763793,0.575,425.52917,13.459792,4.873958,-5.95,0.0,92.7,1.6666666666666665,1e-09,1.2986862e-07,-6.8865914
2016-03-21 15:00:00,1.8027586,-2.1974137,-0.705,433.21783,12.688929,4.7635717,-9.1,-3.0,83.76666666666667,1.6666666666666665,1e-09,1.4394331e-07,-6.8429933
2016-03-21 16:00:00,-1.9425424,2.45339,0.6110169,423.56964,10.434999,3.7601788,-13.366666666666667,-9.0,135.06666666666666,1.6666666666666665,1e-09,1.515836e-07,-6.8196874
2016-03-21 17:00:00,-2.7270176,1.0908772,1.9510527,413.84048,9.802143,3.3742857,-12.266666666666667,-9.0,80.26666666666667,1.6666666666666665,1e-09,1.4824955e-07,-6.829503
2016-03-21 18:00:00,-4.1198,-0.3034,2.4744,399.34546,8.794848,2.8060606,-6.083333333333333,-3.0,132.58333333333334,1.0,1e-09,1.557893e-07,-6.809551
2016-03-21 19:00:00,-2.1196225,0.37716982,0.33679247,415.68866,12.210455,4.2220454,-5.05,-3.0,71.73333333333333,1.0,1.0003345e-09,1.6287746e-07,-6.789438
2016-03-21 20:00:00,-2.9336364,0.6261818,-0.65145457,410.38095,10.750238,3.6354764,-5.616666666666666,-3.0,46.55,1.0,-8333.25,-8333.25,-6.78807
2016-03-21 21:00:00,-4.051356,-0.59694916,0.25711864,390.59534,8.643256,2.6376743,-7.866666666666666,-6.0,53.85,2.3333333333333335,1e-09,1.4404972e-07,-6.84207
2016-03-21 22:00:00,-4.149833,0.8271667,0.7536667,386.46317,8.579211,2.563158,-11.783333333333333,-10.0,158.68333333333334,2.3333333333333335,1e-09,1.4808067e-07,-6.8299713
2016-03-21 23:00:00,-4.7982755,2.487069,0.35931036,384.10654,6.068478,1.7895652,-13.833333333333334,-13.0,94.95,2.3333333333333335,1e-09,1.5040487e-07,-6.8233266
2016-03-22 00:00:00,-4.9528813,1.9330509,-0.6289831,382.5849,6.286981,1.8432076,-10.566666666666666,-12.0,32.56666666666667,2.3333333333333335,1e-09,1.506453e-07,-6.825046
2016-03-22 01:00:00,-4.6193333,0.619,-2.2688334,373.0174,6.1413045,1.7089131,-6.783333333333333,-10.0,41.85,2.3333333333333335,1e-09,1.7344024e-07,-6.762421
2016-03-22 02:00:00,-4.2832203,1.0935593,-2.8155932,379.80002,7.3397827,2.1204348,-2.2,-4.0,72.16666666666667,2.3333333333333335,1e-09,1.6776464e-07,-6.7757063
2016-03-22 03:00:00,-5.468793,3.2486207,-0.47568965,389.01498,9.782499,2.9515,-3.6,-3.0,51.56666666666667,2.3333333333333335,1e-09,1.5376222e-07,-6.8133225
2016-03-22 04:00:00,-3.7506778,2.3377964,4.5338984,404.47757,8.677959,2.8434694,-1.95,-2.0,42.53333333333333,2.3333333333333335,1e-09,1.6177181e-07,-6.7912755
2016-03-22 05:00:00,-5.0151668,3.1128335,2.7616665,396.95383,8.647884,2.7257693,-0.7,-1.0,38.86666666666667,2.3333333333333335,1e-09,1.781742e-07,-6.756125
2016-03-22 06:00:00,-4.5285,3.9208333,-1.677,400.06378,8.673276,2.7837932,-1.3166666666666667,-1.0,33.583333333333336,1.3333333333333333,1.000346e-09,2.4115673e-07,-6.6195784
2016-03-22 07:00:00,-3.078421,1.7554386,-2.1385965,417.29388,9.204082,3.2357144,-2.433333333333333,0.0,55.03333333333333,1.3333333333333333,1e-09,1.81665e-07,-6.741666
2016-03-22 08:00:00,-0.13517241,1.4562069,-0.8827586,435.80002,14.576042,5.5320835,-2.2666666666666666,1.0,177.51666666666668,1.3333333333333333,-49999.5,-49999.5,-6.7028894
2016-03-22 09:00:00,0.6575471,4.0215096,1.9767923,436.2739,14.464783,5.508913,-2.6666666666666665,1.0,314.25,2.0,-76665.9,-76665.9,-6.880047
2016-03-22 10:00:00,0.09433332,2.4856668,1.1631666,431.41666,12.2845,4.5646667,-0.26666666666666666,2.0,116.18333333333334,2.0,1e-09,1.7752888e-07,-6.7619123
2016-03-22 11:00:00,-1.8649153,-0.5837288,0.026949149,422.37274,13.862045,4.950909,-3.65,1.0,211.53333333333333,2.0,1e-09,1.6409383e-07,-6.786543
2016-03-22 12:00:00,-3.3750944,4.0973587,2.178868,406.3976,8.893333,2.9492857,-8.616666666666667,-3.0,103.36666666666666,1.0,1e-09,1.7673776e-07,-6.7546587
2016-03-22 13:00:00,-2.7911863,4.78661,3.7498305,423.20782,4.695098,1.6721568,-11.416666666666666,-4.0,71.36666666666666,1.0,1e-09,1.9747249e-07,-6.7072034
2016-03-22 14:00:00,-2.5791667,3.6783333,2.7589998,422.475,4.5529165,1.6252084,-10.65,-3.0,43.43333333333333,1.0,1e-09,1.545573e-07,-6.811755
2016-03-22 15:00:00,-2.1292982,4.04,3.2170174,423.0926,3.9653704,1.4207407,-9.716666666666667,-5.0,35.483333333333334,0.3333333333333333,1e-09,1.4080491e-07,-6.851507
2016-03-22 16:00:00,-3.0533333,4.660333,1.7859999,415.57175,3.7686956,1.3013043,-10.483333333333333,-8.0,29.766666666666666,0.3333333333333333,-3333.3,-3333.3,-6.8231664
2016-03-22 17:00:00,-1.688,5.512167,1.2591667,421.09415,3.6043139,1.2784313,-9.8,-7.0,35.71666666666667,0.3333333333333333,-99999.0,-99999.0,
2016-03-22 18:00:00,-2.3006666,4.851833,2.1665,411.92963,3.8657408,1.3062963,-10.9,-8.0,27.033333333333335,0.3333333333333333,-19999.8,-19999.8,-6.801527
2016-03-22 19:00:00,-2.0768332,4.8191667,1.7881666,409.10175,3.81,1.2753448,-10.333333333333334,-7.0,25.616666666666667,0.3333333333333333,-1666.65,-1666.65,-6.6926875
2016-03-22 20:00:00,0.3877586,3.7331035,-2.212069,423.34705,3.4986274,1.2537254,-8.316666666666666,-5.0,41.36666666666667,0.3333333333333333,-13333.2,-13333.2,-6.796626
2016-03-22 21:00:00,-2.0983334,5.7433333,0.011166674,408.41833,3.219,1.0736667,-12.166666666666666,-7.0,65.95,1.6666666666666665,-3333.3,-3333.3,-6.7846622
2016-03-22 22:00:00,-1.5655932,5.1266103,1.7057627,404.6393,4.46625,1.45875,-7.45,-4.0,38.75,1.6666666666666665,-11666.55,-11666.55,-6.708138
2016-03-22 23:00:00,-1.5688332,4.091833,1.7946666,400.7,5.6782455,1.8280702,-4.216666666666667,-2.0,24.683333333333334,1.6666666666666665,1e-09,1.5348814e-07,-6.814051
2016-03-23 00:00:00,-2.0411668,5.7835,-0.2145,399.07333,4.167333,1.3268334,-5.75,-5.0,25.883333333333333,1.6666666666666665,1e-09,1.5305694e-07,-6.8153415
2016-03-23 01:00:00,-0.5333898,3.5038981,-1.3586441,392.82944,7.9741173,2.4588234,2.45,-1.0,34.86666666666667,1.6666666666666665,1e-09,1.685424e-07,-6.7747216
2016-03-23 02:00:00,-1.0121666,3.4259999,-0.012166661,388.52585,9.208103,2.7775862,3.3333333333333335,1.0,45.983333333333334,1.6666666666666665,1e-09,2.1971609e-07,-6.6626034
2016-03-23 03:00:00,0.6465,3.144,-2.3148334,398.86035,9.468448,3.0224137,1.85,3.0,68.76666666666667,3.3333333333333335,2.1060288e-08,6.746443e-07,-6.219405
2016-03-23 04:00:00,2.5022035,-1.0032203,-5.0128818,405.93332,12.384211,4.0845613,-1.7833333333333334,1.0,161.06666666666666,3.3333333333333335,2.0770837e-08,8.5074697e-07,-6.0766397
2016-03-23 05:00:00,4.329,2.7638333,-4.861833,404.37192,12.040001,3.9426315,-14.333333333333334,-10.0,372.3333333333333,3.3333333333333335,3.5608667e-09,5.0191085e-07,-6.305796
2016-03-23 06:00:00,3.5413332,2.5721667,-3.0071666,402.91336,12.243167,3.9793332,-24.583333333333332,-15.0,473.8333333333333,3.6666666666666665,1.0644309e-09,3.3587037e-07,-6.4753046
2016-03-23 07:00:00,1.6205001,3.4471667,-1.8436667,402.7218,13.5969095,4.4067273,-22.866666666666667,-14.0,309.75,3.6666666666666665,1.0085438e-09,2.3793238e-07,-6.6252666
2016-03-23 08:00:00,-1.2179661,2.9694915,1.0647458,406.90213,12.718085,4.2040424,-11.883333333333333,-7.0,210.28333333333333,3.6666666666666665,-49999.5,-49999.5,-6.6953382
2016-03-23 09:00:00,-0.23550001,1.1045,0.120833315,416.36038,9.346981,3.2309434,-5.333333333333333,-3.0,181.41666666666666,1.6666666666666665,-74999.25,-74999.25,-6.8842287
2016-03-23 10:00:00,-0.020338975,5.207966,-0.057457626,415.51553,6.436552,2.2224138,-9.133333333333333,-8.0,115.83333333333333,1.6666666666666665,1e-09,1.5534134e-07,-6.8098974
2016-03-23 11:00:00,-2.1225,3.4771667,1.4578334,415.04373,6.210417,2.1397917,-10.366666666666667,-11.0,209.3,1.6666666666666665,1.000346e-09,1.582825e-07,-6.800737
2016-03-23 12:00:00,0.8056863,5.693137,-0.11372548,431.5439,6.057073,2.2456098,-10.033333333333333,-12.0,63.583333333333336,1.6666666666666665,1e-09,1.579087e-07,-6.8021693
2016-03-23 13:00:00,-2.8208773,3.949649,3.9314034,415.28165,6.3336735,2.1840816,-10.466666666666667,-12.0,84.11666666666666,1.6666666666666665,1e-09,1.4999391e-07,-6.8239894
2016-03-23 14:00:00,-1.0775,5.4914284,2.1026785,421.65714,6.000857,2.128,-7.9,-8.0,61.61666666666667,1.6666666666666665,1e-09,1.4501633e-07,-6.8387585
2016-03-23 15:00:00,-0.76056606,4.4820757,1.7381133,426.14285,6.720238,2.459524,-5.316666666666666,-5.0,45.31666666666667,1.0,1e-09,1.6229195e-07,-6.796495
2016-03-23 16:00:00,-3.51,6.3375,4.2539287,417.19437,6.4832077,2.2558491,-3.8,-2.0,39.68333333333333,1.0,1e-09,1.7709104e-07,-6.753858
2016-03-23 17:00:00,-2.9958334,7.876833,1.9675001,431.95502,7.0413337,2.6285002,-1.15,2.0,32.63333333333333,1.0,1e-09,1.4944524e-07,-6.825605
2016-03-23 18:00:00,-2.1746666,7.5773335,-1.8728334,434.84546,7.4018183,2.8023636,0.9166666666666666,5.0,40.733333333333334,1.3333333333333333,1e-09,1.6109205e-07,-6.7946568
2016-03-23 19:00:00,-3.6775,6.136833,0.221,427.09122,8.5398245,3.1128068,1.0833333333333333,3.0,95.15,1.3333333333333333,1e-09,1.3706062e-07,-6.8631663
2016-03-23 20:00:00,0.66366667,4.2634997,-4.279,451.698,7.6006,3.1020002,3.933333333333333,3.0,227.68333333333334,1.3333333333333333,1e-09,1.3847188e-07,-6.858724
2016-03-23 21:00:00,-2.2338333,3.3639998,-1.0433334,459.55417,4.943333,2.085,-6.683333333333334,-6.0,103.81666666666666,2.6666666666666665,1.0022674e-09,1.3842119e-07,-6.858995
2016-03-23 22:00:00,0.09866666,1.7813333,-3.0895,469.95282,4.9945283,2.202264,-6.5,-6.0,70.63333333333334,2.6666666666666665,1.8334972e-09,2.3674404e-07,-6.653233
2016-03-23 23:00:00,-2.2261016,2.7394917,-2.0035594,457.8966,4.627627,1.9399999,-11.416666666666666,-9.0,267.3666666666667,2.6666666666666665,1e-09,1.6755084e-07,-6.7804794
2016-03-24 00:00:00,-2.5305,0.46266666,-1.5793334,451.06735,5.017143,2.0383673,-13.35,-12.0,227.63333333333333,2.6666666666666665,1e-09,1.4501076e-07,-6.8387446
2016-03-24 01:00:00,-2.2816665,2.2154999,-1.4496667,455.5,4.804561,1.9910526,-13.533333333333333,-15.0,171.93333333333334,2.6666666666666665,1e-09,1.3661658e-07,-6.8647256
2016-03-24 02:00:00,0.2725,3.6968334,0.9595,468.94308,4.8377585,2.13,-9.883333333333333,-13.0,206.06666666666666,2.6666666666666665,1e-09,1.3710772e-07,-6.8633795
2016-03-24 03:00:00,-1.8015255,3.2645762,0.8528814,453.0354,4.895625,2.0085416,-9.616666666666667,-9.0,98.0,1.6666666666666665,1e-09,1.4493641e-07,-6.8391924
2016-03-24 04:00:00,-1.3514999,3.1543334,0.6343334,451.00925,4.937963,2.0035186,-9.55,-8.0,35.75,1.6666666666666665,1.1114486e-09,1.7471322e-07,-6.769986
2016-03-24 05:00:00,-1.0961016,3.4237287,0.3038983,449.8585,5.4649057,2.2101886,-7.933333333333334,-4.0,34.03333333333333,1.6666666666666665,1e-09,1.3221717e-07,-6.878879
2016-03-24 06:00:00,-1.3885,2.602,-1.9373333,444.32043,5.4270453,2.141591,-4.333333333333333,-2.0,158.05,1.6666666666666665,1e-09,1.3044266e-07,-6.8849316
2016-03-24 07:00:00,-3.1132205,2.2735593,-0.19762711,436.2709,5.628909,2.1423638,-2.2666666666666666,-1.0,247.58333333333334,1.6666666666666665,1e-09,1.3035266e-07,-6.884939
2016-03-24 08:00:00,-2.4664285,3.4678571,0.59017855,439.9782,5.9374547,2.2981818,0.4,3.0,139.68333333333334,1.6666666666666665,-48332.85,-48332.85,-6.8871264
2016-03-24 09:00:00,-3.2206666,2.3040001,1.5090001,436.0706,6.6372547,2.524314,1.8,5.0,50.0,1.0,-74999.25,-74999.25,-7.064871
2016-03-24 10:00:00,-2.9170177,1.2582456,-0.4789474,440.03336,8.256481,3.2014816,3.183333333333333,5.0,52.11666666666667,1.0,1e-09,1.11194296e-07,-6.9553776
2016-03-24 11:00:00,-2.0136666,3.1139998,0.782,448.24365,8.564181,3.4392729,1.9333333333333333,3.0,67.73333333333333,1.0,1e-09,1.1996627e-07,-6.9210687
2016-03-24 12:00:00,-2.1495001,2.7246666,2.2478333,452.99817,9.28,3.805185,2.15,3.0,81.18333333333334,1.3333333333333333,1e-09,1.3829711e-07,-6.861663
2016-03-24 13:00:00,-4.816,-1.5585455,2.9581819,451.61063,9.141915,3.729149,2.25,5.0,58.1,1.3333333333333333,1e-09,1.4265774e-07,-6.846879
2016-03-24 14:00:00,-5.6442375,3.097288,1.5557628,452.9306,7.2740817,2.967347,-0.85,3.0,63.916666666666664,1.3333333333333333,1e-09,1.2793647e-07,-6.8934913
2016-03-24 15:00:00,-3.4181035,5.3765516,0.665,482.1157,6.548235,3.0494118,-0.9166666666666666,3.0,47.38333333333333,1.3333333333333333,1e-09,1.1939935e-07,-6.9230895
2016-03-24 16:00:00,-3.222264,3.6683018,1.6869811,474.25714,6.5842857,2.9694285,-2.5833333333333335,1.0,68.6,1.3333333333333333,1e-09,1.1930662e-07,-6.923678
2016-03-24 17:00:00,-4.791579,2.0189474,3.1473684,478.66592,6.3154545,2.8936365,-5.533333333333333,-2.0,46.03333333333333,1.3333333333333333,1.3014884e-09,1.5262071e-07,-6.8245153
2016-03-24 18:00:00,-5.8271666,1.4065,2.5366666,479.0915,5.628511,2.5857446,-6.45,-2.0,73.76666666666667,0.6666666666666666,1e-09,1.495341e-07,-6.830766
2016-03-24 19:00:00,-3.4866667,5.5335,1.0125,500.30908,5.1,2.5565455,-4.95,0.0,32.166666666666664,0.6666666666666666,1e-09,1.2049252e-07,-6.9192348
2016-03-24 20:00:00,-3.7561667,3.8283334,1.072,500.97693,5.501154,2.761923,-1.8166666666666667,2.0,61.7,0.6666666666666666,-14999.85,-14999.85,-6.942624
2016-03-24 21:00:00,-3.2376666,2.9583333,3.188,514.99646,5.129643,2.7210715,-1.9666666666666666,1.0,39.05,1.3333333333333333,1e-09,1.1162554e-07,-6.9527116
2016-03-24 22:00:00,-2.3535714,-1.1748215,0.14071427,526.52496,4.6118183,2.5504546,-3.5833333333333335,-2.0,46.516666666666666,1.3333333333333333,1e-09,1.1339877e-07,-6.945584
2016-03-24 23:00:00,-4.1158333,-1.2766666,-0.37716666,531.728,3.4392002,1.9424001,-7.166666666666667,-6.0,99.7,1.3333333333333333,1e-09,1.1616295e-07,-6.9355364
2016-03-25 00:00:00,-2.6390908,0.20163636,-1.9218181,544.2643,2.9340477,1.7369047,-12.983333333333333,-12.0,298.4166666666667,3.0,1e-09,1.250412e-07,-6.9032793
2016-03-25 01:00:00,-3.478983,0.51237285,-0.09881356,543.812,2.4346,1.4396001,-20.633333333333333,-20.0,451.48333333333335,3.0,1e-09,1.1483363e-07,-6.940199
2016-03-25 02:00:00,-2.5866666,1.8916667,-1.1996667,552.23334,2.1775925,1.3277777,-21.866666666666667,-24.0,253.36666666666667,3.0,1e-09,1.117703e-07,-6.95183
2016-03-25 03:00:00,-4.1856666,1.9868216e-09,0.87333333,532.7742,2.2860343,1.2981035,-18.283333333333335,-21.0,101.1,1.6666666666666665,1e-09,1.1429615e-07,-6.942265
2016-03-25 04:00:00,-4.235,0.897,0.84033334,533.01886,2.4260378,1.3784906,-16.616666666666667,-17.0,85.7,1.6666666666666665,1e-09,1.23261e-07,-6.9098454
2016-03-25 05:00:00,-3.8116665,1.7191668,1.16,546.7286,2.3542857,1.4071429,-16.216666666666665,-15.0,60.333333333333336,1.6666666666666665,1e-09,1.2797203e-07,-6.893407
2016-03-25 06:00:00,-4.2066665,-0.14833333,0.7603333,544.04895,2.2376595,1.3244681,-15.55,-13.0,45.233333333333334,1.0,1e-09,1.239907e-07,-6.906703
2016-03-25 07:00:00,-3.519,0.8551667,0.23566668,546.45386,2.4138463,1.4417307,-12.966666666666667,-9.0,49.45,1.0,1e-09,1.2534856e-07,-6.901959
2016-03-25 08:00:00,-2.9003334,1.294,-0.15983334,544.07965,2.1694446,1.285,-9.6,-5.0,68.55,1.0,-48332.85,-48332.85,-6.902997
2016-03-25 09:00:00,-1.4729999,2.0895,0.021666666,542.0845,2.008793,1.1800001,-8.016666666666667,-4.0,106.83333333333333,1.3333333333333333,-73332.6,-73332.6,-7.121575
2016-03-25 10:00:00,-1.6998333,1.4788334,-0.55333334,531.7125,2.0776784,1.1755358,-3.966666666666667,-2.0,88.35,1.3333333333333333,1e-09,9.429204e-08,-7.0270596
2016-03-25 11:00:00,-1.5963333,2.2596667,-0.49466667,525.5483,2.195345,1.2122413,-4.566666666666666,-5.0,115.23333333333333,1.3333333333333333,1e-09,1.3209137e-07,-6.88306
2016-03-25 12:00:00,-1.6685454,2.4045455,-0.27327272,519.3184,2.088421,1.1263157,-5.666666666666667,-6.0,174.75,1.0,1e-09,1.229147e-07,-6.9113827
2016-03-25 13:00:00,-0.29525423,1.8545762,-0.45118645,524.388,2.1160002,1.156,-6.5,-7.0,63.31666666666667,1.0,1e-09,1.1311497e-07,-6.9483886
2016-03-25 14:00:00,-3.3853333,0.684,0.7316667,501.63333,2.4668422,1.2426316,-8.216666666666667,-7.0,67.91666666666667,1.0,1.8328273e-09,1.15571375e-07,-6.955198
2016-03-25 15:00:00,-3.4951668,0.7675,0.97099996,488.7442,2.3899999,1.1438462,-9.5,-6.0,129.16666666666666,1.0,1.7976781e-09,1.2926431e-07,-6.919025
2016-03-25 16:00:00,-3.117,1.1935,0.17666668,485.40002,2.213617,1.0425532,-8.116666666666667,-4.0,39.766666666666666,1.0,1e-09,1.12815606e-07,-6.9478893
2016-03-25 17:00:00,-3.1230001,2.2026668,-0.43966666,478.19803,2.1137257,0.9664706,-7.65,-4.0,32.4,1.0,1e-09,1.17936494e-07,-6.9288297
2016-03-25 18:00:00,-3.1905086,2.2,-0.34118646,467.15106,2.2048936,0.9621277,-7.35,-5.0,33.55,0.3333333333333333,1e-09,1.3401628e-07,-6.876576
2016-03-25 19:00:00,-2.8284748,2.1008475,-0.38847458,463.15106,2.1929786,0.9408511,-4.966666666666667,-5.0,39.6,0.3333333333333333,1e-09,1.2195228e-07,-6.916624
2016-03-25 20:00:00,-3.2602704,2.3197298,-0.27405405,465.2088,2.3605883,1.02,-2.783333333333333,-3.0,70.43333333333334,0.3333333333333333,1e-09,1.09633916e-07,-6.960154
2016-03-25 21:00:00,-3.3986666,1.4948334,0.06683334,441.1289,3.517778,1.3695556,-3.0833333333333335,-3.0,24.566666666666666,0.0,1e-09,1.1111605e-07,-6.954383
2016-03-25 22:00:00,-4.2231665,1.2766666,-0.314,440.575,3.3725,1.31,-5.066666666666666,-3.0,24.6,0.0,1e-09,1.1166301e-07,-6.952241
2016-03-25 23:00:00,-3.5601695,1.6505084,0.33847457,433.025,3.7462502,1.4042499,-5.533333333333333,-3.0,23.533333333333335,0.0,1e-09,1.4132115e-07,-6.857499
2016-03-26 00:00:00,-3.41,2.0696666,0.34483334,425.47498,3.1475,1.1386539,-3.1666666666666665,-3.0,21.366666666666667,0.0,1e-09,1.1404234e-07,-6.943211
2016-03-26 01:00:00,-3.6701667,1.8408333,0.99266666,424.05304,3.2095919,1.1544898,-1.45,-4.0,21.266666666666666,0.0,1e-09,1.2653649e-07,-6.900408
2016-03-26 02:00:00,-3.9161668,2.418,0.6076667,423.70877,3.1854384,1.1435088,-0.7,-3.0,26.033333333333335,0.0,1e-09,1.2430898e-07,-6.9111633
2016-03-26 03:00:00,-3.8958333,2.5023334,-0.8553333,418.06738,3.2236955,1.1265217,-1.3,-2.0,29.35,0.0,1e-09,1.1687402e-07,-6.933054
2016-03-26 04:00:00,-3.2691526,2.8405085,-0.52627116,413.92157,2.8807843,0.987451,-3.8666666666666667,-2.0,36.166666666666664,0.0,1e-09,1.12072435e-07,-6.9510503
2016-03-26 05:00:00,-2.5745,2.9281666,-0.007,412.3827,3.0323076,1.0317308,-6.25,-3.0,31.383333333333333,0.0,1e-09,1.0283634e-07,-6.988073
2016-03-26 06:00:00,-1.3513334,2.0796666,-0.059166662,385.01724,5.0513797,1.4927586,-2.3,-1.0,61.31666666666667,0.6666666666666666,1e-09,1.0494227e-07,-6.9793344
2016-03-26 07:00:00,-2.1953332,1.3115001,0.58433336,377.41537,5.4909616,1.5649999,-1.45,1.0,61.65,0.6666666666666666,1e-09,1.2177271e-07,-6.918362
2016-03-26 08:00:00,-2.0721667,1.3026668,0.9545,373.7707,5.762931,1.6096551,0.3333333333333333,4.0,38.95,0.6666666666666666,-48332.85,-48332.85,-6.9523125
2016-03-26 09:00:00,-2.8315,1.0356667,0.7048333,366.39624,5.9218864,1.5899999,1.75,6.0,36.68333333333333,0.3333333333333333,-73332.6,-73332.6,-7.1897388
2016-03-26 10:00:00,-2.8436666,1.5756667,0.08516667,364.064,6.5064,1.7244,3.0833333333333335,6.0,36.7,0.3333333333333333,1e-09,9.457377e-08,-7.026286
2016-03-26 11:00:00,-3.1933334,1.4106667,-0.4953333,358.93124,6.18875,1.5968751,2.85,6.0,38.36666666666667,0.3333333333333333,1e-09,1.017623e-07,-6.9925475
2016-03-26 12:00:00,-1.625,2.3678334,-0.58100003,356.53018,6.190377,1.5737735,2.6166666666666667,6.0,90.23333333333333,0.6666666666666666,1e-09,1.0487679e-07,-6.9800158
2016-03-26 13:00:00,-2.1066103,2.5137289,0.060677964,350.51923,6.213846,1.5257691,2.5,6.0,50.18333333333333,0.6666666666666666,1e-09,1.0320272e-07,-6.9868245
2016-03-26 14:00:00,-1.7233334,2.4105,-0.059,349.92932,6.9336205,1.7001724,3.8833333333333333,9.0,37.81666666666667,0.6666666666666666,1e-09,1.1400532e-07,-6.945016
2016-03-26 15:00:00,-1.7956897,3.2189655,-0.5734483,355.68182,9.076181,2.2972727,8.0,12.0,50.55,0.3333333333333333,1e-09,1.2148087e-07,-6.9156866
2016-03-26 16:00:00,-2.2172883,4.4005084,-0.72949153,362.86316,9.607368,2.528421,9.866666666666667,12.0,42.21666666666667,0.3333333333333333,1e-09,1.1537313e-07,-6.9387226
2016-03-26 17:00:00,-2.5379999,4.132,0.9775,360.64822,9.869822,2.5689285,10.45,12.0,41.6,0.3333333333333333,1e-09,1.0823122e-07,-6.9659734
2016-03-26 18:00:00,-0.43816668,4.7236667,0.41450003,365.37967,10.962542,2.9281354,11.866666666666667,13.0,32.766666666666666,0.6666666666666666,1e-09,1.0684344e-07,-6.9713817
2016-03-26 19:00:00,-3.0581667,3.6896667,0.67450005,350.31406,9.939825,2.4435089,8.25,10.0,26.916666666666668,0.6666666666666666,1e-09,1.0551014e-07,-6.9768896
2016-03-26 20:00:00,-1.9089656,3.9851725,-1.0365517,353.42035,10.733889,2.6918519,9.683333333333334,11.0,31.25,0.6666666666666666,1e-09,1.0796168e-07,-6.967099
2016-03-26 21:00:00,-2.2094827,5.335862,-0.4951724,363.45602,13.351801,3.5302,11.9,13.0,35.733333333333334,0.6666666666666666,1e-09,1.11426296e-07,-6.953176
2016-03-26 22:00:00,-1.7671666,5.8235,-0.4281667,373.27667,17.311167,4.8315,13.566666666666666,14.0,39.85,0.6666666666666666,1e-09,1.1484777e-07,-6.9406176
2016-03-26 23:00:00,-2.8051667,6.1703334,0.42049998,369.30362,20.062183,5.484545,14.366666666666667,16.0,36.0,0.6666666666666666,1e-09,1.4338407e-07,-6.849197
2016-03-27 00:00:00,-2.9506667,9.463667,-2.9588332,379.2448,13.0103445,3.7096553,11.9,12.0,32.75,2.6666666666666665,1e-09,1.2545054e-07,-6.9020004
2016-03-27 01:00:00,-3.324138,1.999138,-3.8191378,402.9822,13.4788885,4.356222,11.4,10.0,106.05,2.6666666666666665,1e-09,1.3146604e-07,-6.891578
2016-03-27 02:00:00,-7.0815253,-1.4115254,3.2510169,392.34445,14.839334,4.574222,7.25,9.0,222.81666666666666,2.6666666666666665,1e-09,1.1702157e-07,-6.933032
2016-03-27 03:00:00,-7.3167796,-0.90355927,4.699322,388.4468,12.854894,3.8697875,8.7,10.0,61.38333333333333,2.0,1e-09,1.19102516e-07,-6.925699
2016-03-27 04:00:00,-6.5038333,-3.3753333,3.6208334,383.8154,12.061922,3.5538461,8.833333333333334,12.0,44.583333333333336,2.0,1e-09,1.15451805e-07,-6.938025
2016-03-27 05:00:00,-4.218,-5.486,3.6325452,375.66666,9.515555,2.7072222,3.75,9.0,83.06666666666666,2.0,1e-09,1.0732718e-07,-6.969467
2016-03-27 06:00:00,-6.205714,4.547143,3.3342857,394.16586,8.918293,2.7685366,0.2833333333333333,6.0,90.28333333333333,3.0,1.4565008e-09,1.5583821e-07,-6.832924
2016-03-27 07:00:00,-0.40406784,7.5084743,-2.3688135,420.9093,13.999302,4.950698,9.65,14.0,49.3,3.0,1e-09,1.109996e-07,-6.9551272
2016-03-27 08:00:00,-0.18403511,8.262982,-4.1564913,428.55713,13.892,5.1062856,3.2333333333333334,10.0,175.33333333333334,3.0,-48332.85,-48332.85,-6.956817
2016-03-27 09:00:00,-9.012203,7.087966,2.731695,404.6,7.2268,2.3706,-10.316666666666666,-5.0,312.06666666666666,2.6666666666666665,-73332.6,-73332.6,-7.1194267
2016-03-27 10:00:00,-7.241864,8.70322,2.9791527,421.02942,6.9866667,2.474902,-1.55,0.0,128.5,2.6666666666666665,1e-09,1.1080905e-07,-6.9620576
2016-03-27 11:00:00,-4.0865517,8.311896,-1.6055173,423.29608,8.793333,3.157451,2.8666666666666667,4.0,60.18333333333333,2.6666666666666665,1e-09,1.492817e-07,-6.8335767
2016-03-27 12:00:00,-4.908793,7.9472413,-0.5987931,422.47058,8.508431,3.0403922,-1.5833333333333333,1.0,186.03333333333333,2.3333333333333335,1.8176791e-09,1.5751236e-07,-6.8490376
2016-03-27 13:00:00,-3.108,8.908167,-1.1915,418.19498,9.2365,3.2306666,1.9,4.0,211.2,2.3333333333333335,1e-09,1.1325287e-07,-6.946104
2016-03-27 14:00:00,-2.2505,7.545,-3.1565,413.06787,10.7003565,3.655536,3.7333333333333334,6.0,170.46666666666667,2.3333333333333335,1e-09,1.1881732e-07,-6.9252954
2016-03-27 15:00:00,-2.3673332,9.008333,0.19133332,397.04642,11.783393,3.712143,3.5833333333333335,5.0,168.55,3.3333333333333335,1e-09,1.2539336e-07,-6.902906
2016-03-27 16:00:00,1.1624137,2.3948274,-7.206552,406.41998,13.2754545,4.389091,3.55,6.0,265.6666666666667,3.3333333333333335,2.1671083e-09,1.5380854e-07,-6.8517222
2016-03-27 17:00:00,-2.1538332,4.7766666,2.0496666,400.49826,12.577368,4.0457897,-8.533333333333333,-6.0,458.55,3.3333333333333335,1.0003345e-09,1.159185e-07,-6.936608
2016-03-27 18:00:00,-0.33066666,-0.80483335,4.051167,414.07666,12.722834,4.357167,-4.35,-2.0,445.15,2.3333333333333335,1e-09,1.16643484e-07,-6.9345636
2016-03-27 19:00:00,-3.7233331,7.8451667,4.0746665,412.3893,10.5675,3.5967858,-3.7333333333333334,-2.0,70.33333333333333,2.3333333333333335,1.7378436e-09,1.385945e-07,-6.8888073
2016-03-27 20:00:00,-5.913103,7.6777587,-1.9315517,403.27316,10.730488,3.492683,-0.08333333333333333,1.0,37.3,2.3333333333333335,1e-09,1.1266413e-07,-6.948808
2016-03-27 21:00:00,-4.800333,7.3535,-0.6013333,411.62076,10.574529,3.586415,-1.2,1.0,40.38333333333333,2.0,1e-09,1.18673455e-07,-6.9264884
2016-03-27 22:00:00,-4.3315253,8.098644,-0.5564407,416.87845,10.181569,3.532157,-3.816666666666667,-2.0,129.23333333333332,2.0,1e-09,1.10180764e-07,-6.957999
2016-03-27 23:00:00,-4.609153,8.303051,2.1067798,415.8611,8.987499,3.1130555,-5.933333333333334,-3.0,79.08333333333333,2.0,1e-09,1.04958055e-07,-6.9790697
2016-03-28 00:00:00,-5.638833,7.5068336,2.0411668,411.91638,8.352909,2.8325453,-1.1333333333333333,2.0,29.866666666666667,2.0,1e-09,1.1412847e-07,-6.947125
2016-03-28 01:00:00,-5.8515,3.4783332,2.9801667,427.77658,7.651276,2.7976596,6.166666666666667,8.0,39.28333333333333,2.0,1e-09,1.0810232e-07,-6.966294
2016-03-28 02:00:00,-2.8530002,0.47916666,-2.4923332,458.3766,6.3212767,2.6523404,3.9166666666666665,8.0,47.35,2.0,2.2226525e-08,4.0958906e-07,-6.6111455
2016-03-28 03:00:00,-1.4823334,1.3134999,-5.692167,466.58643,6.160847,2.6842372,-6.666666666666667,0.0,325.51666666666665,3.6666666666666665,1.0013493e-09,1.530285e-07,-6.8302307
2016-03-28 04:00:00,-4.938246,2.7922807,-3.5101755,451.08722,6.5406384,2.6619148,-20.616666666666667,-10.0,471.96666666666664,3.6666666666666665,1e-09,1.2092165e-07,-6.919388
2016-03-28 05:00:00,-5.073167,3.6441665,-1.8306667,459.1698,5.866038,2.473962,-19.266666666666666,-14.0,351.15,3.6666666666666665,1e-09,1.1908362e-07,-6.9257803
2016-03-28 06:00:00,-3.849661,5.13678,4.031695,465.27307,5.444231,2.3565385,-13.166666666666666,-10.0,111.51666666666667,1.0,1e-09,1.2490678e-07,-6.906117
2016-03-28 07:00:00,-4.182833,5.2275,4.0623336,472.2882,4.950588,2.2084312,-6.916666666666667,-6.0,50.15,1.0,1.2925576e-09,1.3081349e-07,-6.9104447
2016-03-28 08:00:00,-4.7573333,5.2935,2.5191665,470.32364,5.0794544,2.2465453,-5.466666666666667,-4.0,36.016666666666666,1.0,-46666.2,-46666.2,-6.645727
2016-03-28 09:00:00,-4.137931,4.951896,1.7801725,477.0778,5.6635556,2.5746667,-6.283333333333333,-4.0,30.316666666666666,0.6666666666666666,-71665.95,-71665.95,-7.129133
2016-03-28 10:00:00,-2.034,5.86,1.7081666,497.1413,5.4976087,2.718913,-4.783333333333333,-4.0,28.0,0.6666666666666666,1e-09,1.0216714e-07,-6.9911623
2016-03-28 11:00:00,-3.6118333,4.2391667,2.2193334,484.24802,5.6234,2.6346,-3.716666666666667,-4.0,78.51666666666667,0.6666666666666666,1e-09,1.0589168e-07,-6.975373
2016-03-28 12:00:00,-4.327119,3.347627,2.8022034,484.82883,6.4671154,3.041154,-1.65,-3.0,42.733333333333334,1.6666666666666665,1e-09,1.07927136e-07,-6.966991
2016-03-28 13:00:00,-5.4685183,1.6227777,3.22,476.27563,6.441707,2.9217074,-1.0666666666666667,-2.0,54.65,1.6666666666666665,1e-09,1.1133108e-07,-6.953561
2016-03-28 14:00:00,-6.303793,0.32155174,2.2472413,475.23193,6.978298,3.1468084,-1.1166666666666667,0.0,44.3,1.6666666666666665,1e-09,1.1882305e-07,-6.9255676
2016-03-28 15:00:00,-3.1356666,4.4186664,4.4901667,498.09766,6.306744,3.127907,1.45,4.0,48.38333333333333,1.3333333333333333,1e-09,1.1572172e-07,-6.9369564
2016-03-28 16:00:00,-3.7388334,4.4825,4.8015,488.32593,6.48537,3.094074,3.1666666666666665,5.0,39.25,1.3333333333333333,1e-09,1.13758226e-07,-6.944512
2016-03-28 17:00:00,-2.9589999,4.9055,3.3998334,495.8263,7.279474,3.5798247,4.333333333333333,5.0,42.983333333333334,1.3333333333333333,1e-09,1.2812508e-07,-6.8932066
2016-03-28 18:00:00,-3.6106668,4.486167,-3.2321665,490.18936,7.755106,3.7272341,1.3833333333333333,3.0,83.3,2.6666666666666665,1.2122492e-09,1.7541652e-07,-6.793852
2016-03-28 19:00:00,-3.6455932,4.504746,-0.037118647,486.47058,7.5264707,3.5478432,-0.8666666666666667,0.0,268.8833333333333,2.6666666666666665,1e-09,1.6927889e-07,-6.777023
2016-03-28 20:00:00,-3.5575,3.0108333,-2.1536667,487.37,7.1184,3.383,-0.11666666666666667,-2.0,247.2,2.6666666666666665,1e-09,1.266048e-07,-6.8978877
2016-03-28 21:00:00,-3.5801666,6.098833,-0.07616666,495.99594,6.269388,3.0832653,-6.316666666666666,-5.0,153.28333333333333,2.6666666666666665,1e-09,1.17191966e-07,-6.931231
2016-03-28 22:00:00,-1.8053334,3.8316665,2.9518332,506.58307,6.8930507,3.538305,-1.0833333333333333,-2.0,121.33333333333333,2.6666666666666665,1e-09,1.1357376e-07,-6.944815
2016-03-28 23:00:00,-2.2273333,4.525833,0.21983334,502.7695,6.3188133,3.1952543,-0.8333333333333334,0.0,133.01666666666668,2.6666666666666665,1.0013378e-09,1.3907683e-07,-6.875689
2016-03-29 00:00:00,-3.3728333,2.167,-2.0133333,504.13635,5.6070905,2.852909,-3.35,-3.0,157.95,3.3333333333333335,1e-09,1.4905396e-07,-6.828502
2016-03-29 01:00:00,-4.822833,-0.60933334,-0.664,497.03336,5.9092593,2.9172223,-12.933333333333334,-11.0,486.96666666666664,3.3333333333333335,1e-09,1.376968e-07,-6.861518
2016-03-29 02:00:00,-1.9798245,1.3915789,0.059824564,515.57056,5.357255,2.8488233,-19.466666666666665,-17.0,485.46666666666664,3.3333333333333335,1e-09,1.2400461e-07,-6.90681
2016-03-29 03:00:00,-5.5611863,1.4150847,-1.3359323,492.18912,5.497174,2.662826,-19.766666666666666,-17.0,280.76666666666665,3.3333333333333335,1.002649e-09,1.3902063e-07,-6.8734813
2016-03-29 04:00:00,-4.618644,3.140678,-0.69338983,515.824,4.8901997,2.5992002,-16.0,-14.0,275.5,3.3333333333333335,1e-09,1.437545e-07,-6.8581643
2016-03-29 05:00:00,-4.1130357,2.6605358,-0.70017856,530.82,5.0684443,2.858222,-9.883333333333333,-9.0,250.28333333333333,3.3333333333333335,1e-09,1.2073657e-07,-6.9184937
2016-03-29 06:00:00,-3.7138333,3.085,-0.16849999,524.964,4.7774,2.6295998,-14.166666666666666,-12.0,328.96666666666664,2.3333333333333335,1e-09,1.1789236e-07,-6.9287844
2016-03-29 07:00:00,-3.852373,1.5718644,0.41457626,512.3952,4.8133335,2.5240476,-14.566666666666666,-12.0,207.7,2.3333333333333335,1e-09,1.1115307e-07,-6.954451
2016-03-29 08:00:00,-3.6571698,-1.4235848,0.32622644,511.41193,4.693333,2.4516666,-12.9,-8.0,115.55,2.3333333333333335,-46666.2,-46666.2,-6.9829955
2016-03-29 09:00:00,-4.746981,0.46716982,-1.7743397,505.28534,4.687073,2.3921952,-13.566666666666666,-9.0,186.18333333333334,2.6666666666666665,-69999.3,-69999.3,-7.121626
2016-03-29 10:00:00,-3.74,0.7555,-1.9136666,515.4041,4.924694,2.6144898,-10.15,-8.0,565.7,2.6666666666666665,3.5621577e-09,1.0876604e-07,-6.968249
2016-03-29 11:00:00,-4.4713335,0.7043333,-2.03,511.5453,4.7954717,2.5073586,-11.383333333333333,-11.0,570.8166666666667,2.6666666666666665,5.9441922e-09,1.3047654e-07,-6.8845954
2016-03-29 12:00:00,-4.6019998,0.83266664,-1.1843333,512.3816,4.589184,2.4087756,-12.25,-14.0,480.1,2.6666666666666665,2.917868e-09,1.3703351e-07,-6.863448
2016-03-29 13:00:00,-3.869,1.282,0.8628333,513.4271,4.451017,2.3428812,-12.7,-14.0,154.66666666666666,2.6666666666666665,1.0043328e-09,1.2187505e-07,-6.914717
2016-03-29 14:00:00,-1.6403333,2.1323333,2.5665002,525.27844,3.8941178,2.147255,-8.316666666666666,-8.0,73.28333333333333,2.6666666666666665,1.8440328e-09,1.3901126e-07,-6.89205
2016-03-29 15:00:00,-3.6418333,0.75916666,-0.38933334,517.87585,4.2462068,2.2739656,-8.416666666666666,-6.0,92.55,2.6666666666666665,1.0740493e-09,1.7135042e-07,-6.7842026
2016-03-29 16:00:00,-1.9108334,1.3508334,-0.82416666,533.3055,3.749091,2.1223638,-15.15,-11.0,220.85,2.6666666666666665,1e-09,1.2063582e-07,-6.918716
2016-03-29 17:00:00,-3.3046668,3.3625,1.0406667,529.70734,3.1341465,1.7604878,-18.1,-13.0,410.55,2.6666666666666665,-1666.65,-1666.65,-6.938885
2016-03-29 18:00:00,-3.4986665,2.8591666,1.6656667,537.15265,3.5005262,2.0192983,-13.5,-8.0,67.15,1.3333333333333333,-9999.9,-9999.9,-6.9341774
2016-03-29 19:00:00,-4.1062713,2.8623729,-1.390339,527.1808,3.2673075,1.8161539,-11.066666666666666,-8.0,43.43333333333333,1.3333333333333333,1.0016785e-09,1.3362596e-07,-6.8751636
2016-03-29 20:00:00,-3.6285,3.7459998,-0.52,526.9316,2.9410527,1.6326317,-11.4,-9.0,48.78333333333333,1.3333333333333333,1.0006919e-09,1.1759385e-07,-6.929901
2016-03-29 21:00:00,,,,,,,-11.466666666666667,-10.0,71.88333333333334,1.3333333333333333,1e-09,1.11618085e-07,-6.952387
2016-03-29 22:00:00,-4.132647,1.5267648,0.056176472,525.18335,3.0670834,1.69125,-14.883333333333333,-12.0,135.48333333333332,1.3333333333333333,1e-09,1.1410795e-07,-6.9429526
2016-03-29 23:00:00,-4.121,0.4815,-0.22883333,521.4519,3.360769,1.8253846,-14.15,-13.0,139.31666666666666,1.3333333333333333,1.0006919e-09,1.14712996e-07,-6.9406133
2016-03-30 00:00:00,-4.1,0.82,0.19,524.5,3.81,2.1,-13.0,,,3.3333333333333335,1e-09,1.07932e-07,-6.9668455
